mode,position_mode,checkpoint,evaluation,T,n,token_correct,string_correct,token_acc,string_acc,digit_errors
local-control,local-control,best,standard,1,256,2560,256,1.0,1.0,"[0, 0, 0, 0, 0, 0, 0, 0, 0, 0]"
local-control,local-control,best,standard,2,256,2556,252,0.9984375,0.984375,"[0, 0, 0, 0, 3, 0, 0, 0, 1, 0]"
local-control,local-control,best,standard,3,256,2513,216,0.981640625,0.84375,"[0, 0, 1, 3, 5, 11, 22, 3, 1, 1]"
local-control,local-control,best,standard,4,256,2423,160,0.946484375,0.625,"[0, 0, 9, 18, 38, 55, 14, 3, 0, 0]"
local-control,local-control,best,standard,5,256,2393,132,0.934765625,0.515625,"[0, 0, 6, 41, 72, 18, 12, 2, 16, 0]"
local-control,local-control,best,standard,6,256,2345,108,0.916015625,0.421875,"[1, 3, 16, 59, 21, 33, 41, 32, 8, 1]"
local-control,local-control,best,standard,7,256,2329,107,0.909765625,0.41796875,"[1, 5, 14, 28, 37, 66, 59, 19, 1, 1]"
local-control,local-control,best,standard,8,256,2383,132,0.930859375,0.515625,"[0, 5, 9, 25, 28, 70, 26, 13, 1, 0]"
local-control,local-control,best,standard,9,256,2429,157,0.948828125,0.61328125,"[0, 2, 3, 16, 42, 38, 24, 4, 2, 0]"
local-control,local-control,best,standard,10,256,2459,179,0.960546875,0.69921875,"[0, 1, 8, 29, 25, 24, 9, 2, 2, 1]"
local-control,local-control,best,standard,11,256,2387,126,0.932421875,0.4921875,"[0, 1, 7, 12, 30, 37, 55, 26, 5, 0]"
local-control,local-control,best,standard,12,256,2372,120,0.9265625,0.46875,"[0, 0, 3, 22, 35, 56, 58, 13, 1, 0]"
local-control,local-control,best,standard,13,256,2372,123,0.9265625,0.48046875,"[0, 1, 7, 12, 43, 53, 30, 6, 3, 33]"
local-control,local-control,best,standard,14,256,2435,162,0.951171875,0.6328125,"[0, 1, 7, 16, 25, 34, 18, 7, 17, 0]"
local-control,local-control,best,standard,16,256,2337,107,0.912890625,0.41796875,"[0, 2, 5, 22, 33, 90, 51, 17, 2, 1]"
local-control,local-control,best,standard,24,256,2300,96,0.8984375,0.375,"[0, 3, 8, 25, 41, 104, 56, 23, 0, 0]"
local-control,local-control,best,standard,32,256,2247,75,0.877734375,0.29296875,"[0, 0, 5, 30, 66, 100, 74, 28, 9, 1]"
local-control,local-control,best,standard,48,256,1920,6,0.75,0.0234375,"[0, 1, 13, 45, 63, 113, 108, 76, 212, 9]"
local-control,local-control,best,standard,64,256,1947,17,0.760546875,0.06640625,"[1, 7, 17, 64, 112, 154, 141, 78, 35, 4]"
local-control,local-control,best,standard,96,256,1971,19,0.769921875,0.07421875,"[1, 5, 19, 56, 89, 146, 126, 105, 37, 5]"
local-control,local-control,best,standard,128,256,1948,21,0.7609375,0.08203125,"[1, 4, 20, 55, 99, 150, 120, 104, 54, 5]"
local-control,local-control,best,standard,192,256,1920,16,0.75,0.0625,"[0, 6, 25, 74, 102, 140, 123, 115, 48, 7]"
local-control,local-control,best,standard,256,256,1692,3,0.6609375,0.01171875,"[2, 8, 38, 65, 126, 168, 171, 150, 129, 11]"
local-control,local-control,best,standard,384,256,1877,15,0.733203125,0.05859375,"[0, 3, 26, 70, 114, 146, 155, 105, 58, 6]"
local-control,local-control,best,standard,512,256,1679,6,0.655859375,0.0234375,"[0, 14, 34, 79, 134, 153, 181, 133, 124, 29]"
local-control,local-control,best,standard,768,256,1646,1,0.64296875,0.00390625,"[0, 5, 38, 88, 142, 166, 169, 139, 133, 34]"
local-control,local-control,best,standard,1024,256,1512,1,0.590625,0.00390625,"[3, 19, 65, 95, 137, 168, 191, 138, 198, 34]"
local-control,local-control,best,standard,1536,256,1612,1,0.6296875,0.00390625,"[6, 12, 59, 86, 124, 167, 177, 164, 130, 23]"
local-control,local-control,best,standard,2048,256,1459,1,0.569921875,0.00390625,"[0, 19, 67, 112, 164, 163, 203, 149, 184, 40]"
local-control,local-control,best,standard,3072,256,1444,0,0.5640625,0.0,"[5, 26, 99, 127, 145, 171, 172, 153, 170, 48]"
local-control,local-control,best,standard,4096,256,1219,0,0.476171875,0.0,"[10, 64, 114, 129, 168, 187, 202, 167, 203, 97]"
local-control,local-control,best,standard,6144,256,1342,0,0.52421875,0.0,"[11, 64, 106, 124, 157, 180, 199, 163, 172, 42]"
local-control,local-control,best,standard,8192,256,1185,0,0.462890625,0.0,"[15, 85, 154, 135, 180, 171, 195, 154, 179, 107]"
local-control,local-control,final,standard,1,256,2559,255,0.999609375,0.99609375,"[0, 0, 0, 0, 0, 0, 1, 0, 0, 0]"
local-control,local-control,final,standard,2,256,2557,253,0.998828125,0.98828125,"[0, 0, 0, 0, 2, 1, 0, 0, 0, 0]"
local-control,local-control,final,standard,3,256,2531,232,0.988671875,0.90625,"[0, 1, 1, 0, 0, 11, 12, 4, 0, 0]"
local-control,local-control,final,standard,4,256,2489,205,0.972265625,0.80078125,"[0, 1, 6, 10, 18, 18, 14, 4, 0, 0]"
local-control,local-control,final,standard,5,256,2458,189,0.96015625,0.73828125,"[0, 1, 10, 23, 32, 26, 7, 2, 1, 0]"
local-control,local-control,final,standard,6,256,2318,101,0.90546875,0.39453125,"[0, 3, 9, 42, 46, 44, 51, 24, 23, 0]"
local-control,local-control,final,standard,7,256,2342,123,0.91484375,0.48046875,"[1, 3, 8, 28, 37, 49, 58, 30, 2, 2]"
local-control,local-control,final,standard,8,256,2392,145,0.934375,0.56640625,"[1, 4, 8, 24, 48, 49, 20, 12, 2, 0]"
local-control,local-control,final,standard,9,256,2440,164,0.953125,0.640625,"[0, 2, 8, 20, 34, 27, 20, 6, 3, 0]"
local-control,local-control,final,standard,10,256,2481,199,0.969140625,0.77734375,"[0, 1, 4, 21, 22, 22, 7, 1, 1, 0]"
local-control,local-control,final,standard,11,256,2374,116,0.92734375,0.453125,"[0, 0, 3, 9, 26, 41, 54, 45, 7, 1]"
local-control,local-control,final,standard,12,256,2390,143,0.93359375,0.55859375,"[0, 2, 3, 30, 36, 54, 31, 11, 3, 0]"
local-control,local-control,final,standard,13,256,2400,148,0.9375,0.578125,"[1, 3, 10, 25, 30, 33, 33, 18, 1, 6]"
local-control,local-control,final,standard,14,256,2383,134,0.930859375,0.5234375,"[0, 1, 3, 15, 28, 44, 43, 19, 23, 1]"
local-control,local-control,final,standard,16,256,2316,99,0.9046875,0.38671875,"[0, 2, 4, 30, 43, 81, 65, 15, 4, 0]"
local-control,local-control,final,standard,24,256,2333,115,0.911328125,0.44921875,"[0, 2, 6, 36, 45, 72, 46, 19, 1, 0]"
local-control,local-control,final,standard,32,256,2222,64,0.86796875,0.25,"[0, 2, 7, 57, 65, 95, 72, 31, 7, 2]"
local-control,local-control,final,standard,48,256,2027,24,0.791796875,0.09375,"[0, 0, 14, 50, 63, 108, 126, 109, 54, 9]"
local-control,local-control,final,standard,64,256,2048,28,0.8,0.109375,"[3, 1, 10, 76, 82, 113, 103, 78, 37, 9]"
local-control,local-control,final,standard,96,256,2025,23,0.791015625,0.08984375,"[0, 5, 19, 74, 76, 127, 99, 101, 31, 3]"
local-control,local-control,final,standard,128,256,1981,14,0.773828125,0.0546875,"[0, 6, 12, 116, 86, 142, 107, 72, 32, 6]"
local-control,local-control,final,standard,192,256,1910,17,0.74609375,0.06640625,"[0, 3, 13, 138, 99, 119, 125, 104, 39, 10]"
local-control,local-control,final,standard,256,256,1749,1,0.683203125,0.00390625,"[2, 8, 15, 204, 120, 135, 128, 149, 45, 5]"
local-control,local-control,final,standard,384,256,1861,9,0.726953125,0.03515625,"[0, 9, 14, 160, 105, 130, 120, 114, 40, 7]"
local-control,local-control,final,standard,512,256,1715,3,0.669921875,0.01171875,"[1, 6, 17, 204, 133, 139, 133, 148, 54, 10]"
local-control,local-control,final,standard,768,256,1702,1,0.66484375,0.00390625,"[0, 2, 23, 195, 132, 159, 132, 136, 69, 10]"
local-control,local-control,final,standard,1024,256,1658,0,0.64765625,0.0,"[0, 8, 31, 198, 127, 138, 143, 151, 82, 24]"
local-control,local-control,final,standard,1536,256,1631,0,0.637109375,0.0,"[1, 5, 34, 196, 134, 156, 152, 143, 86, 22]"
local-control,local-control,final,standard,2048,256,1587,2,0.619921875,0.0078125,"[1, 10, 43, 192, 151, 154, 159, 154, 86, 23]"
local-control,local-control,final,standard,3072,256,1551,1,0.605859375,0.00390625,"[1, 8, 72, 189, 142, 155, 152, 155, 103, 32]"
local-control,local-control,final,standard,4096,256,1450,0,0.56640625,0.0,"[10, 20, 87, 174, 163, 175, 161, 170, 111, 39]"
local-control,local-control,final,standard,6144,256,1464,0,0.571875,0.0,"[7, 31, 89, 162, 145, 183, 168, 168, 112, 31]"
local-control,local-control,final,standard,8192,256,1373,0,0.536328125,0.0,"[9, 37, 117, 160, 161, 175, 163, 175, 132, 58]"
aligned,aligned,best,standard,1,256,2559,255,0.999609375,0.99609375,"[0, 0, 0, 0, 0, 0, 1, 0, 0, 0]"
aligned,aligned,best,standard,2,256,2558,254,0.99921875,0.9921875,"[0, 0, 0, 0, 1, 1, 0, 0, 0, 0]"
aligned,aligned,best,standard,3,256,2533,230,0.989453125,0.8984375,"[0, 1, 7, 1, 5, 8, 3, 2, 0, 0]"
aligned,aligned,best,standard,4,256,2524,222,0.9859375,0.8671875,"[0, 0, 2, 12, 6, 3, 3, 4, 4, 2]"
aligned,aligned,best,standard,5,256,2462,178,0.96171875,0.6953125,"[0, 2, 2, 5, 20, 18, 15, 18, 14, 4]"
aligned,aligned,best,standard,6,256,2406,140,0.93984375,0.546875,"[0, 2, 2, 17, 13, 49, 42, 18, 8, 3]"
aligned,aligned,best,standard,7,256,2385,122,0.931640625,0.4765625,"[0, 2, 14, 34, 44, 55, 22, 2, 2, 0]"
aligned,aligned,best,standard,8,256,2422,154,0.94609375,0.6015625,"[0, 2, 5, 29, 40, 37, 13, 11, 1, 0]"
aligned,aligned,best,standard,9,256,2407,140,0.940234375,0.546875,"[0, 0, 17, 23, 43, 40, 17, 13, 0, 0]"
aligned,aligned,best,standard,10,256,2415,148,0.943359375,0.578125,"[0, 1, 4, 29, 34, 45, 20, 9, 3, 0]"
aligned,aligned,best,standard,11,256,2294,84,0.89609375,0.328125,"[0, 2, 5, 34, 75, 67, 66, 15, 2, 0]"
aligned,aligned,best,standard,12,256,2327,100,0.908984375,0.390625,"[0, 2, 8, 31, 62, 70, 35, 17, 8, 0]"
aligned,aligned,best,standard,13,256,2335,110,0.912109375,0.4296875,"[0, 3, 12, 33, 58, 59, 36, 22, 1, 1]"
aligned,aligned,best,standard,14,256,2331,102,0.910546875,0.3984375,"[0, 0, 7, 33, 53, 56, 48, 21, 11, 0]"
aligned,aligned,best,standard,16,256,2291,79,0.894921875,0.30859375,"[0, 1, 7, 36, 81, 78, 42, 15, 6, 3]"
aligned,aligned,best,standard,24,256,2222,64,0.86796875,0.25,"[0, 1, 15, 44, 95, 103, 61, 16, 3, 0]"
aligned,aligned,best,standard,32,256,2151,41,0.840234375,0.16015625,"[0, 1, 19, 71, 110, 100, 69, 26, 8, 5]"
aligned,aligned,best,standard,48,256,2110,35,0.82421875,0.13671875,"[0, 2, 22, 65, 99, 101, 79, 57, 19, 6]"
aligned,aligned,best,standard,64,256,2047,25,0.799609375,0.09765625,"[0, 4, 23, 86, 117, 120, 95, 52, 13, 3]"
aligned,aligned,best,standard,96,256,2056,22,0.803125,0.0859375,"[0, 9, 25, 74, 117, 133, 101, 40, 5, 0]"
aligned,aligned,best,standard,128,256,1923,10,0.751171875,0.0390625,"[1, 11, 45, 92, 145, 150, 109, 56, 23, 5]"
aligned,aligned,best,standard,192,256,1901,9,0.742578125,0.03515625,"[0, 12, 56, 87, 138, 139, 121, 78, 26, 2]"
aligned,aligned,best,standard,256,256,1704,2,0.665625,0.0078125,"[3, 26, 71, 134, 154, 160, 128, 113, 56, 11]"
aligned,aligned,best,standard,384,256,1788,2,0.6984375,0.0078125,"[1, 29, 63, 119, 136, 165, 145, 86, 24, 4]"
aligned,aligned,best,standard,512,256,1610,1,0.62890625,0.00390625,"[3, 24, 79, 133, 173, 186, 169, 118, 59, 6]"
aligned,aligned,best,standard,768,256,1567,0,0.612109375,0.0,"[2, 39, 94, 145, 169, 160, 167, 131, 79, 7]"
aligned,aligned,best,standard,1024,256,1345,0,0.525390625,0.0,"[8, 54, 131, 174, 181, 166, 178, 161, 125, 37]"
aligned,aligned,best,standard,1536,256,1466,0,0.57265625,0.0,"[3, 57, 123, 150, 156, 182, 181, 143, 83, 16]"
aligned,aligned,best,standard,2048,256,1147,0,0.448046875,0.0,"[21, 85, 128, 157, 187, 207, 188, 164, 171, 105]"
aligned,aligned,best,standard,3072,256,672,0,0.2625,0.0,"[220, 209, 224, 192, 155, 168, 195, 180, 194, 151]"
aligned,aligned,best,standard,4096,256,538,0,0.21015625,0.0,"[215, 198, 218, 204, 194, 197, 219, 219, 194, 164]"
aligned,aligned,best,standard,6144,256,541,0,0.211328125,0.0,"[227, 211, 228, 223, 209, 198, 194, 203, 180, 146]"
aligned,aligned,best,standard,8192,256,495,0,0.193359375,0.0,"[211, 213, 216, 227, 204, 206, 200, 214, 199, 175]"
aligned,aligned,final,standard,1,256,2560,256,1.0,1.0,"[0, 0, 0, 0, 0, 0, 0, 0, 0, 0]"
aligned,aligned,final,standard,2,256,2554,250,0.99765625,0.9765625,"[0, 0, 0, 3, 0, 2, 0, 1, 0, 0]"
aligned,aligned,final,standard,3,256,2510,212,0.98046875,0.828125,"[0, 0, 8, 3, 13, 11, 8, 7, 0, 0]"
aligned,aligned,final,standard,4,256,2514,213,0.98203125,0.83203125,"[0, 0, 1, 19, 10, 4, 5, 4, 2, 1]"
aligned,aligned,final,standard,5,256,2493,200,0.973828125,0.78125,"[1, 0, 5, 10, 4, 14, 16, 11, 3, 3]"
aligned,aligned,final,standard,6,256,2453,171,0.958203125,0.66796875,"[0, 0, 5, 12, 12, 27, 34, 11, 3, 3]"
aligned,aligned,final,standard,7,256,2373,123,0.926953125,0.48046875,"[0, 0, 12, 33, 51, 59, 29, 3, 0, 0]"
aligned,aligned,final,standard,8,256,2399,137,0.937109375,0.53515625,"[0, 1, 7, 27, 41, 42, 27, 15, 1, 0]"
aligned,aligned,final,standard,9,256,2427,143,0.948046875,0.55859375,"[0, 2, 3, 15, 43, 48, 16, 6, 0, 0]"
aligned,aligned,final,standard,10,256,2436,161,0.9515625,0.62890625,"[0, 2, 4, 31, 24, 36, 16, 9, 2, 0]"
aligned,aligned,final,standard,11,256,2324,95,0.9078125,0.37109375,"[0, 1, 6, 26, 61, 59, 58, 20, 5, 0]"
aligned,aligned,final,standard,12,256,2373,121,0.926953125,0.47265625,"[0, 1, 7, 22, 43, 59, 33, 15, 7, 0]"
aligned,aligned,final,standard,13,256,2367,128,0.924609375,0.5,"[0, 0, 8, 21, 57, 50, 37, 17, 3, 0]"
aligned,aligned,final,standard,14,256,2387,134,0.932421875,0.5234375,"[0, 1, 1, 25, 39, 54, 33, 18, 2, 0]"
aligned,aligned,final,standard,16,256,2362,108,0.92265625,0.421875,"[0, 1, 4, 22, 50, 56, 48, 12, 3, 2]"
aligned,aligned,final,standard,24,256,2277,77,0.889453125,0.30078125,"[0, 1, 8, 32, 64, 90, 65, 18, 5, 0]"
aligned,aligned,final,standard,32,256,2195,44,0.857421875,0.171875,"[0, 3, 14, 46, 89, 92, 81, 35, 5, 0]"
aligned,aligned,final,standard,48,256,2089,36,0.816015625,0.140625,"[0, 6, 13, 42, 71, 94, 114, 72, 43, 16]"
aligned,aligned,final,standard,64,256,2026,17,0.79140625,0.06640625,"[1, 2, 17, 74, 106, 122, 129, 68, 14, 1]"
aligned,aligned,final,standard,96,256,2043,21,0.798046875,0.08203125,"[0, 2, 18, 74, 114, 118, 120, 63, 8, 0]"
aligned,aligned,final,standard,128,256,1917,11,0.748828125,0.04296875,"[0, 13, 35, 79, 133, 145, 121, 85, 28, 4]"
aligned,aligned,final,standard,192,256,1901,8,0.742578125,0.03125,"[0, 12, 43, 85, 130, 130, 135, 92, 29, 3]"
aligned,aligned,final,standard,256,256,1716,1,0.6703125,0.00390625,"[1, 27, 57, 110, 150, 152, 147, 150, 41, 9]"
aligned,aligned,final,standard,384,256,1773,5,0.692578125,0.01953125,"[0, 26, 66, 115, 141, 153, 160, 96, 24, 6]"
aligned,aligned,final,standard,512,256,1658,2,0.64765625,0.0078125,"[2, 21, 59, 134, 165, 168, 161, 137, 48, 7]"
aligned,aligned,final,standard,768,256,1627,0,0.635546875,0.0,"[3, 36, 87, 138, 152, 172, 170, 131, 43, 1]"
aligned,aligned,final,standard,1024,256,1399,0,0.546484375,0.0,"[6, 57, 106, 176, 169, 164, 170, 158, 112, 43]"
aligned,aligned,final,standard,1536,256,1488,1,0.58125,0.00390625,"[1, 58, 116, 134, 174, 174, 177, 147, 70, 21]"
aligned,aligned,final,standard,2048,256,1147,0,0.448046875,0.0,"[12, 86, 143, 155, 198, 198, 174, 161, 178, 108]"
aligned,aligned,final,standard,3072,256,665,0,0.259765625,0.0,"[212, 213, 219, 194, 172, 183, 184, 173, 188, 157]"
aligned,aligned,final,standard,4096,256,514,0,0.20078125,0.0,"[220, 201, 220, 209, 192, 205, 200, 217, 205, 177]"
aligned,aligned,final,standard,6144,256,539,0,0.210546875,0.0,"[223, 210, 221, 217, 208, 201, 201, 194, 178, 168]"
aligned,aligned,final,standard,8192,256,458,0,0.17890625,0.0,"[211, 215, 225, 231, 215, 207, 206, 213, 201, 178]"
