mode,precision,layer,depth,quantity,head,signal_norm,signal_norm_ratio_d2,signal_cosine_previous,defined_cosine_samples,memory_first_child_weight
phase2,bf16,0,2,k,0,1.4071449467627544,1.0,1.0,16,0.008081513457000256
phase2,bf16,0,2,k,1,0.9797363074491009,1.0,1.0,16,8.981938299257308e-05
phase2,bf16,0,2,k,2,10.058567364923752,1.0,1.0,16,0.03628306835889816
phase2,bf16,0,2,k,3,0.0,,,0,7.073555066336445e-13
phase2,bf16,0,2,k,4,13.728187450133909,1.0,1.0,16,0.0013020734768360853
phase2,bf16,0,2,k,5,7.748898123696588,1.0,1.0,16,6.422931828418728e-19
phase2,bf16,0,2,k,6,11.85612734240662,1.0,1.0,16,0.20124775171279907
phase2,bf16,0,2,k,7,4.2414562941438145,1.0,1.0,16,0.02413857728242874
phase2,bf16,0,2,v,0,1.6545722236852454,1.0,1.0,16,0.008081513457000256
phase2,bf16,0,2,v,1,2.44808061451116,1.0,1.0,16,8.981938299257308e-05
phase2,bf16,0,2,v,2,22.803485846284318,1.0,1.0,16,0.03628306835889816
phase2,bf16,0,2,v,3,0.004784548973941897,1.0,1.0,16,7.073555066336445e-13
phase2,bf16,0,2,v,4,26.488524696061717,1.0,1.0,16,0.0013020734768360853
phase2,bf16,0,2,v,5,13.837730700767393,1.0,1.0,16,6.422931828418728e-19
phase2,bf16,0,2,v,6,11.883634975068219,1.0,1.0,16,0.20124775171279907
phase2,bf16,0,2,v,7,6.076114876865269,1.0,1.0,16,0.02413857728242874
phase2,bf16,1,2,k,0,14.648694599829412,1.0,1.0,16,0.06106390804052353
phase2,bf16,1,2,k,1,23.59719563622572,1.0,1.0,16,3.991964094119402e-22
phase2,bf16,1,2,k,2,35.60658804499872,1.0,1.0,16,1.0
phase2,bf16,1,2,k,3,25.168423953924073,1.0,1.0,16,4.6241761461278266e-20
phase2,bf16,1,2,k,4,7.942051591748786,1.0,1.0,16,0.0
phase2,bf16,1,2,k,5,37.19814000478127,1.0,1.0,16,1.0
phase2,bf16,1,2,k,6,23.41559370487601,1.0,1.0,16,2.906971166452762e-20
phase2,bf16,1,2,k,7,7.135884582249918,1.0,1.0,16,2.0739063642517986e-28
phase2,bf16,1,2,v,0,17.446517747570557,1.0,1.0,16,0.06106390804052353
phase2,bf16,1,2,v,1,30.677994904646425,1.0,1.0,16,3.991964094119402e-22
phase2,bf16,1,2,v,2,34.62000674386265,1.0,1.0,16,1.0
phase2,bf16,1,2,v,3,28.472981827269344,1.0,1.0,16,4.6241761461278266e-20
phase2,bf16,1,2,v,4,5.774361913161762,1.0,1.0,16,0.0
phase2,bf16,1,2,v,5,27.956948117463693,1.0,1.0,16,1.0
phase2,bf16,1,2,v,6,31.2822863227998,1.0,1.0,16,2.906971166452762e-20
phase2,bf16,1,2,v,7,17.09006905641506,1.0,1.0,16,2.0739063642517986e-28
phase2,bf16,0,3,k,0,0.39757666553789306,0.2791090828161047,0.9986019178205432,16,0.279092937707901
phase2,bf16,0,3,k,1,0.26500116875756197,0.27070801098689845,0.9975441018139939,16,0.2711409628391266
phase2,bf16,0,3,k,2,8.613493850788736,0.8758484246759985,0.9999906711439293,16,0.8755688667297363
phase2,bf16,0,3,k,3,0.0,,,0,0.25
phase2,bf16,0,3,k,4,13.416860194059291,0.9044795641004427,0.9998364498240272,16,0.9041881561279297
phase2,bf16,0,3,k,5,0.031250003725290076,0.004032831923512547,-0.052416790387607305,16,3.2036190532380715e-05
phase2,bf16,0,3,k,6,10.945108683372487,0.8728075504740078,0.9999913965195012,16,0.872819185256958
phase2,bf16,0,3,k,7,0.24474447552899262,0.048209583262640465,0.978908962031597,16,0.047919318079948425
phase2,bf16,0,3,v,0,0.4720327580533178,0.2830571477702688,0.9916833420473254,16,0.279092937707901
phase2,bf16,0,3,v,1,0.6640442460490695,0.2711775444129404,0.9987537200709863,16,0.2711409628391266
phase2,bf16,0,3,v,2,19.959853900960745,0.8757641931748716,0.9999948022477108,16,0.8755688667297363
phase2,bf16,0,3,v,3,0.0,0.0,,0,0.25
phase2,bf16,0,3,v,4,25.870760121432962,0.904906476612745,0.9994989104784546,16,0.9041881561279297
phase2,bf16,0,3,v,5,0.001953125,0.00014114489161808059,0.16330463960211924,16,3.2036190532380715e-05
phase2,bf16,0,3,v,6,10.545903697775202,0.8726266979627155,0.9999819089916717,16,0.872819185256958
phase2,bf16,0,3,v,7,0.33031185000120883,0.04802006050589349,0.9860708306091499,16,0.047919318079948425
phase2,bf16,1,3,k,0,1.7649012162157123,0.15115941325487564,0.5008065878617487,16,0.0021231488790363073
phase2,bf16,1,3,k,1,22.925762388634332,0.9709334733987778,0.9993963873553198,16,1.0
phase2,bf16,1,3,k,2,35.60658804499872,1.0,1.0,16,1.0
phase2,bf16,1,3,k,3,25.402973577102344,1.0093519148297299,0.9999093545119526,16,1.0
phase2,bf16,1,3,k,4,1.4063123494484429,0.3166606718892629,0.18131685127047192,16,0.244106262922287
phase2,bf16,1,3,k,5,37.1992733510893,1.0000305758523105,0.9999999941163493,16,1.0
phase2,bf16,1,3,k,6,23.501714001451454,1.0035990315460417,0.999784768596604,16,1.0
phase2,bf16,1,3,k,7,1.0211632957627375,0.14243251503263063,0.5725054518808095,16,0.0005591553053818643
phase2,bf16,1,3,v,0,1.6081847751246765,0.09684713872602226,-0.12565493432205435,16,0.0021231488790363073
phase2,bf16,1,3,v,1,30.672634822718585,0.9997913673201382,0.9997842604583114,16,1.0
phase2,bf16,1,3,v,2,34.62000674386265,1.0,1.0,16,1.0
phase2,bf16,1,3,v,3,28.459114599378065,0.9995391905385589,0.9999797763882492,16,1.0
phase2,bf16,1,3,v,4,1.7546923001144372,0.3860638463527364,0.3565706624040801,16,0.244106262922287
phase2,bf16,1,3,v,5,27.956971482899206,1.000000767995973,0.9999999999428458,16,1.0
phase2,bf16,1,3,v,6,31.252387558965047,0.9991420715509887,0.9999139571966741,16,1.0
phase2,bf16,1,3,v,7,1.4851437493398723,0.08976110783466865,0.227104845697604,16,0.0005591553053818643
phase2,bf16,0,4,k,0,0.10462146759070813,0.07370236465433953,0.9886174219949068,16,0.25891992449760437
phase2,bf16,0,4,k,1,0.07564711792083711,0.07735148239754627,0.966346189513347,16,0.2604132294654846
phase2,bf16,0,4,k,2,8.08108040524144,0.8321748160857438,0.9999281346369763,16,0.8678953647613525
phase2,bf16,0,4,k,3,0.0,,,0,0.25
phase2,bf16,0,4,k,4,13.220429295583678,0.8686998747055483,0.998094913339463,16,0.8979837894439697
phase2,bf16,0,4,k,5,0.0,0.0,,0,0.25
phase2,bf16,0,4,k,6,10.273824479059687,0.7956510197493225,0.9998309716249013,16,0.8470941781997681
phase2,bf16,0,4,k,7,0.05732130851221408,0.011218316054116478,0.8406491799760105,16,0.2385115921497345
phase2,bf16,0,4,v,0,0.1304022864747927,0.07984365941091405,0.935117455008679,16,0.25891992449760437
phase2,bf16,0,4,v,1,0.17862157342110527,0.07292728469724435,0.9806295531546128,16,0.2604132294654846
phase2,bf16,0,4,v,2,19.061416887174612,0.8323680499009813,0.9999724830399656,16,0.8678953647613525
phase2,bf16,0,4,v,3,0.0,0.0,,0,0.25
phase2,bf16,0,4,v,4,25.46827029895243,0.8692314722400132,0.993806466130303,16,0.8979837894439697
phase2,bf16,0,4,v,5,0.0,0.0,,0,0.25
phase2,bf16,0,4,v,6,9.623984879054078,0.7955820665115294,0.999751709654942,16,0.8470941781997681
phase2,bf16,0,4,v,7,0.0765111312232819,0.011024749542334882,0.8798580750318236,16,0.2385115921497345
phase2,bf16,1,4,k,0,1.6351963675370056,0.14242550964176193,0.9846718119972486,16,0.2642120122909546
phase2,bf16,1,4,k,1,22.9223142357718,0.9707852239433887,0.9999995152111995,16,1.0
phase2,bf16,1,4,k,2,35.60658804499872,1.0,1.0,16,1.0
phase2,bf16,1,4,k,3,25.547709833321942,1.0151234517209031,0.9999676515560039,16,1.0
phase2,bf16,1,4,k,4,1.192123540436906,0.2707630074077523,0.9119354544735655,16,0.38262033462524414
phase2,bf16,1,4,k,5,37.20272306555488,1.0001238025698787,0.9999999698948938,16,1.0
phase2,bf16,1,4,k,6,23.53320224937035,1.0049214174192267,0.9999770069673988,16,1.0
phase2,bf16,1,4,k,7,0.7592144037558323,0.10683012763596975,0.9463595923232276,16,0.2484995573759079
phase2,bf16,1,4,v,0,1.5761971397862626,0.09530138067824162,0.9723388196763598,16,0.2642120122909546
phase2,bf16,1,4,v,1,30.66833939969857,0.9996584016906878,0.9999994334658373,16,1.0
phase2,bf16,1,4,v,2,34.62000674386265,1.0,1.0,16,1.0
phase2,bf16,1,4,v,3,28.450776849029527,0.9992620410887506,0.9999938404496401,16,1.0
phase2,bf16,1,4,v,4,1.4494353076942954,0.32494033160008545,0.9176207108328318,16,0.38262033462524414
phase2,bf16,1,4,v,5,27.95713355857084,1.0000063529242436,0.9999999987289327,16,1.0
phase2,bf16,1,4,v,6,31.242412398270513,0.998855555511279,0.9999910362873585,16,1.0
phase2,bf16,1,4,v,7,1.2091568443821956,0.07298582905393997,0.9674035558521693,16,0.2484995573759079
phase2,bf16,0,5,k,0,0.026740725709144257,0.01866408407051205,0.7778288281109189,16,0.25073814392089844
phase2,bf16,0,5,k,1,0.019820835473192626,0.020283137866444603,0.7955287644592635,16,0.2604132294654846
phase2,bf16,0,5,k,2,7.877158785736553,0.8158231519394706,0.9985301175108074,16,0.8623273372650146
phase2,bf16,0,5,k,3,0.0,,,0,0.25
phase2,bf16,0,5,k,4,13.058032812372614,0.8501950897253302,0.9837277587482596,16,0.8924556970596313
phase2,bf16,0,5,k,5,0.0,0.0,,0,0.25
phase2,bf16,0,5,k,6,9.828851849045275,0.7469919846351745,0.9980067576842198,16,0.8208750486373901
phase2,bf16,0,5,k,7,0.010456183404154756,0.0017500488529654766,0.48103982995654976,16,0.25
phase2,bf16,0,5,v,0,0.027618843777091836,0.015124668375198224,0.5341519082034056,16,0.25073814392089844
phase2,bf16,0,5,v,1,0.05235332589290782,0.021361583790697043,0.8503630812616603,16,0.2604132294654846
phase2,bf16,0,5,v,2,18.751946722111462,0.8163670820908798,0.9998215014253843,16,0.8623273372650146
phase2,bf16,0,5,v,3,0.0,0.0,,0,0.25
phase2,bf16,0,5,v,4,25.13127710642032,0.8498902406279741,0.9696267134783991,16,0.8924556970596313
phase2,bf16,0,5,v,5,0.0,0.0,,0,0.25
phase2,bf16,0,5,v,6,9.024256635301027,0.7469252113480263,0.9982599390518441,16,0.8208750486373901
phase2,bf16,0,5,v,7,0.017500983606754457,0.0023829064480516693,0.6231912369546363,16,0.25
phase2,bf16,1,5,k,0,1.6789134039492362,0.15114273486039195,0.9865699270976465,16,0.3292703628540039
phase2,bf16,1,5,k,1,22.92101269430468,0.9707225225252832,0.9999993383841351,16,1.0
phase2,bf16,1,5,k,2,35.60658804499872,1.0,1.0,16,1.0
phase2,bf16,1,5,k,3,25.607556129854053,1.0175099733869106,0.9999946129290715,16,1.0
phase2,bf16,1,5,k,4,1.0637316347003607,0.24229061410394825,0.8311105382818333,16,0.38759148120880127
phase2,bf16,1,5,k,5,37.203791926939104,1.0001527332616758,0.9999999736886773,16,1.0
phase2,bf16,1,5,k,6,23.533195755157056,1.0049130236972825,0.999997740766152,16,1.0
phase2,bf16,1,5,k,7,0.6431591944400616,0.09124768507047507,0.9412812930145298,16,0.2412019819021225
phase2,bf16,1,5,v,0,1.5125490255837193,0.09326968370368219,0.9816244606982449,16,0.3292703628540039
phase2,bf16,1,5,v,1,30.666601373485193,0.9996055623324679,0.9999998240687589,16,1.0
phase2,bf16,1,5,v,2,34.62000674386265,1.0,1.0,16,1.0
phase2,bf16,1,5,v,3,28.44594424984367,0.9990985900953544,0.9999982832878194,16,1.0
phase2,bf16,1,5,v,4,1.3853529476994964,0.31078910881830196,0.8371770024767498,16,0.38759148120880127
phase2,bf16,1,5,v,5,27.95727258438626,1.0000111529082538,0.9999999972256065,16,1.0
phase2,bf16,1,5,v,6,31.237945618989407,0.9987227393261993,0.9999990305732083,16,1.0
phase2,bf16,1,5,v,7,1.0448634777167007,0.0632243473500129,0.96174025647172,16,0.2412019819021225
phase2,bf16,0,6,k,0,0.0043646954949603,0.0023634391429299796,0.4277719067826893,16,0.25
phase2,bf16,0,6,k,1,0.004204919005686359,0.004300761941774259,0.6653169738134226,16,0.26190081238746643
phase2,bf16,0,6,k,2,7.808554145002011,0.8102822262372686,0.9732078764399406,16,0.8595137596130371
phase2,bf16,0,6,k,3,0.0,,,0,0.25
phase2,bf16,0,6,k,4,12.894978828141967,0.8359857457131961,0.9618254759032745,16,0.8856391906738281
phase2,bf16,0,6,k,5,0.0,0.0,,0,0.25
phase2,bf16,0,6,k,6,9.573357747618624,0.7197403587268631,0.9803060887664576,16,0.8025304079055786
phase2,bf16,0,6,k,7,0.002179448748877659,0.0003123271491599746,0.35700338249698893,16,0.25
phase2,bf16,0,6,v,0,0.0047678727039444655,0.001888939103391408,0.3320816673368894,16,0.25
phase2,bf16,0,6,v,1,0.010044978691074806,0.004103227015164435,0.4765642614444374,16,0.26190081238746643
phase2,bf16,0,6,v,2,18.64688634613666,0.8108963629103838,0.995931359308776,16,0.8595137596130371
phase2,bf16,0,6,v,3,0.0,0.0,,0,0.25
phase2,bf16,0,6,v,4,24.795134841353274,0.8359387443447195,0.9518287317182663,16,0.8856391906738281
phase2,bf16,0,6,v,5,0.0,0.0,,0,0.25
phase2,bf16,0,6,v,6,8.688914635085665,0.7196137812063849,0.9698358501414892,16,0.8025304079055786
phase2,bf16,0,6,v,7,0.002678255000754271,0.0003401415010088151,0.3568446370439041,16,0.25
phase2,bf16,1,6,k,0,1.6276173772323417,0.14953764761679283,0.9881904254042972,16,0.3093721866607666
phase2,bf16,1,6,k,1,22.916041793747652,0.9704952502111589,0.9999994276845711,16,1.0
phase2,bf16,1,6,k,2,35.60658804499872,1.0,1.0,16,1.0
phase2,bf16,1,6,k,3,25.62241859266632,1.0181038263419264,0.9999993893702375,16,1.0
phase2,bf16,1,6,k,4,1.013429559008454,0.2297480271317244,0.9509235557482547,16,0.38101691007614136
phase2,bf16,1,6,k,5,37.21028293589514,1.0003281349231008,0.9999995414746181,16,1.0
phase2,bf16,1,6,k,6,23.533436000142178,1.0049220642811278,0.9999998597249344,16,1.0
phase2,bf16,1,6,k,7,0.5962396875733134,0.08600929490010331,0.8359786600644006,16,0.2412019819021225
phase2,bf16,1,6,v,0,1.4776724083577493,0.09239904200057719,0.9899377036545203,16,0.3093721866607666
phase2,bf16,1,6,v,1,30.664755289191014,0.9995468438647259,0.9999998839983711,16,1.0
phase2,bf16,1,6,v,2,34.62000674386265,1.0,1.0,16,1.0
phase2,bf16,1,6,v,3,28.446214053512666,0.9991096383070456,0.9999998718307157,16,1.0
phase2,bf16,1,6,v,4,1.3686778525550807,0.3056819098735303,0.9565801518007896,16,0.38101691007614136
phase2,bf16,1,6,v,5,27.956349640906765,0.9999734955209589,0.9999991865070237,16,1.0
phase2,bf16,1,6,v,6,31.23784232230328,0.99872132564093,0.9999999457712978,16,1.0
phase2,bf16,1,6,v,7,0.9221976859442113,0.05655331046107062,0.8929816337092723,16,0.2412019819021225
phase2,bf16,0,7,k,0,0.0007598910486373135,0.0003785438583307064,0.6231993126611904,12,0.25
phase2,bf16,0,7,k,1,0.00047983147901229506,0.000491650647045253,0.3798211754023165,16,0.25
phase2,bf16,0,7,k,2,7.782549331595962,0.8080531105813475,0.919832772008779,16,0.8594897389411926
phase2,bf16,0,7,k,3,0.0,,,0,0.25
phase2,bf16,0,7,k,4,12.742650086984366,0.8237317214201363,0.9327566749322429,16,0.8762768507003784
phase2,bf16,0,7,k,5,0.0,0.0,,0,0.25
phase2,bf16,0,7,k,6,9.40426488092706,0.7021019383036249,0.956188942887624,16,0.7899704575538635
phase2,bf16,0,7,k,7,0.0003068779626497193,4.42613680831259e-05,0.6153434483601745,13,0.25
phase2,bf16,0,7,v,0,0.0005948384037472935,9.319467235293354e-05,0.22776298216045687,4,0.25
phase2,bf16,0,7,v,1,0.001181353673740226,0.0004845183609562942,0.33409320339199716,16,0.25
phase2,bf16,0,7,v,2,18.607727107873004,0.8089331961008099,0.9792646299633201,16,0.8594897389411926
phase2,bf16,0,7,v,3,0.0,0.0,,0,0.25
phase2,bf16,0,7,v,4,24.476194188462067,0.8234775368900584,0.9475637495096227,16,0.8762768507003784
phase2,bf16,0,7,v,5,0.0,0.0,,0,0.25
phase2,bf16,0,7,v,6,8.477712400925146,0.7021247234525907,0.9330010851286283,16,0.7899704575538635
phase2,bf16,0,7,v,7,0.0001547184697707663,1.578743755267627e-05,0.364734171464585,7,0.25
phase2,bf16,1,7,k,0,1.565254068818759,0.14260065072270095,0.9810574148846831,16,0.2791707515716553
phase2,bf16,1,7,k,1,22.906949693197454,0.9700992579292587,0.9999989898944455,16,1.0
phase2,bf16,1,7,k,2,35.60658804499872,1.0,1.0,16,1.0
phase2,bf16,1,7,k,3,25.625492972426933,1.0182272529525433,0.99999993556683,16,1.0
phase2,bf16,1,7,k,4,0.9878309420316616,0.22583202916958445,0.9608923902045963,16,0.402322918176651
phase2,bf16,1,7,k,5,37.301040065133705,1.0027812210306917,0.9999981672411202,16,1.0
phase2,bf16,1,7,k,6,23.53318394623226,1.0049110997130588,0.999999984309214,16,1.0
phase2,bf16,1,7,k,7,0.6912377891075238,0.10166921771722996,0.8600645078219451,16,0.2002086490392685
phase2,bf16,1,7,v,0,1.3286029401040267,0.08265713248040375,0.9743879487432783,16,0.2791707515716553
phase2,bf16,1,7,v,1,30.663975044317546,0.9995218861939318,0.9999999327712297,16,1.0
phase2,bf16,1,7,v,2,34.62000674386265,1.0,1.0,16,1.0
phase2,bf16,1,7,v,3,28.446781789545327,0.9991296515127654,0.9999999602355705,16,1.0
phase2,bf16,1,7,v,4,1.3261171647953867,0.2983307208880315,0.983082244495514,16,0.402322918176651
phase2,bf16,1,7,v,5,27.970021299905333,1.0004502578954955,0.9999981722455746,16,1.0
phase2,bf16,1,7,v,6,31.237841538774866,0.9987214378582109,0.9999999978385102,16,1.0
phase2,bf16,1,7,v,7,0.9915059761018005,0.06261373337328607,0.8541822262630154,16,0.2002086490392685
phase2,bf16,0,8,k,0,3.0517578125e-05,5.227375062623883e-06,0.2578483140393151,1,0.25
phase2,bf16,0,8,k,1,8.296966552734375e-05,8.540822322636494e-05,0.6318494653287929,16,0.25
phase2,bf16,0,8,k,2,7.767628172900571,0.8067130917064154,0.8841758462341961,16,0.8587515950202942
phase2,bf16,0,8,k,3,0.0,,,0,0.25
phase2,bf16,0,8,k,4,12.638835298845272,0.8156005775091373,0.9662016050279165,16,0.8673723936080933
phase2,bf16,0,8,k,5,0.0,0.0,,0,0.25
phase2,bf16,0,8,k,6,9.28103724280912,0.6894102025230204,0.9386383618508318,16,0.7791075706481934
phase2,bf16,0,8,k,7,3.8384467118448445e-05,4.712417183885614e-06,0.43640325732856966,2,0.25
phase2,bf16,0,8,v,0,0.0,0.0,,0,0.25
phase2,bf16,0,8,v,1,0.0,0.0,,0,0.25
phase2,bf16,0,8,v,2,18.583778537705825,0.8078066609522546,0.9378208846084356,16,0.8587515950202942
phase2,bf16,0,8,v,3,0.0,0.0,,0,0.25
phase2,bf16,0,8,v,4,24.257595601447466,0.8152283285835271,0.9648879970927999,15,0.8673723936080933
phase2,bf16,0,8,v,5,0.0,0.0,,0,0.25
phase2,bf16,0,8,v,6,8.324590889997985,0.689333269004925,0.9461314381997449,15,0.7791075706481934
phase2,bf16,0,8,v,7,5.7220458984375e-06,8.592977813226145e-07,0.8083778947645751,5,0.25
phase2,bf16,1,8,k,0,1.4844866297121355,0.13593378383607596,0.9283621572219699,16,0.26597899198532104
phase2,bf16,1,8,k,1,22.90677716237061,0.9700923575965392,0.9999999142264302,16,1.0
phase2,bf16,1,8,k,2,35.60658804499872,1.0,1.0,16,1.0
phase2,bf16,1,8,k,3,25.625907994136327,1.0182437554592458,0.9999999930116058,16,1.0
phase2,bf16,1,8,k,4,0.9706612119697284,0.22304011193280676,0.9535278129968883,16,0.37531518936157227
phase2,bf16,1,8,k,5,37.40768966239799,1.0056623102313687,0.9999903254163803,16,1.0
phase2,bf16,1,8,k,6,23.533166730265005,1.00491036050959,0.9999999998898055,16,1.0
phase2,bf16,1,8,k,7,0.8358538536977856,0.12480746277811677,0.8442443403968539,16,0.19949549436569214
phase2,bf16,1,8,v,0,1.204750400732038,0.07484786511992614,0.9554734418193433,16,0.26597899198532104
phase2,bf16,1,8,v,1,30.66482776728332,0.999549457004739,0.9999997718817859,16,1.0
phase2,bf16,1,8,v,2,34.62000674386265,1.0,1.0,16,1.0
phase2,bf16,1,8,v,3,28.446699100365812,0.9991267514539168,0.9999999974831851,16,1.0
phase2,bf16,1,8,v,4,1.270605004373277,0.28815325998572683,0.9776549820365752,16,0.37531518936157227
phase2,bf16,1,8,v,5,27.965464184855534,1.0002701805139522,0.9999906164274455,16,1.0
phase2,bf16,1,8,v,6,31.2377465388916,0.9987182505927146,0.9999999916918635,16,1.0
phase2,bf16,1,8,v,7,1.0921321247493279,0.07099486393559011,0.8749895730729842,16,0.19949549436569214
phase2,fp32,0,2,k,0,1.4082372162873047,1.0,1.0,16,0.00828455202281475
phase2,fp32,0,2,k,1,0.9723996217683486,1.0,1.0,16,8.861382229952142e-05
phase2,fp32,0,2,k,2,10.044852005728039,1.0,1.0,16,0.036512259393930435
phase2,fp32,0,2,k,3,0.0003896942539004087,1.0,1.0,16,6.602890977036591e-13
phase2,fp32,0,2,k,4,13.711198438785512,1.0,1.0,16,0.0013369584921747446
phase2,fp32,0,2,k,5,7.753598429196393,1.0,1.0000000000000002,16,6.08987272465308e-19
phase2,fp32,0,2,k,6,11.83785993920596,1.0,1.0,16,0.20148470997810364
phase2,fp32,0,2,k,7,4.2710403715125205,1.0,1.0,16,0.02544541098177433
phase2,fp32,0,2,v,0,1.6614057473858836,1.0,1.0,16,0.00828455202281475
phase2,fp32,0,2,v,1,2.405597847827398,1.0,1.0,16,8.861382229952142e-05
phase2,fp32,0,2,v,2,22.81251214453591,1.0,1.0,16,0.036512259393930435
phase2,fp32,0,2,v,3,0.0006495222049956595,1.0,1.0,16,6.602890977036591e-13
phase2,fp32,0,2,v,4,26.45952254691405,1.0,1.0,16,0.0013369584921747446
phase2,fp32,0,2,v,5,13.828098485024107,1.0,0.9999999999999999,16,6.08987272465308e-19
phase2,fp32,0,2,v,6,11.851147934706919,1.0,1.0,16,0.20148470997810364
phase2,fp32,0,2,v,7,6.1109484969896375,1.0,1.0,16,0.02544541098177433
phase2,fp32,1,2,k,0,14.7606481051152,1.0,1.0,16,0.061078593134880066
phase2,fp32,1,2,k,1,23.599879794760277,1.0,1.0,16,3.435438250268593e-22
phase2,fp32,1,2,k,2,35.556303551094544,1.0,1.0,16,1.0
phase2,fp32,1,2,k,3,25.159726952262165,1.0,1.0,16,4.01087955993915e-20
phase2,fp32,1,2,k,4,7.877116704096117,1.0,1.0,16,0.0
phase2,fp32,1,2,k,5,37.191666142607566,1.0,1.0,16,1.0
phase2,fp32,1,2,k,6,23.42214477947222,1.0,1.0,16,3.033381166157057e-20
phase2,fp32,1,2,k,7,7.219775951083854,1.0,1.0,16,2.102048293340428e-28
phase2,fp32,1,2,v,0,18.147300728177086,1.0,1.0,16,0.061078593134880066
phase2,fp32,1,2,v,1,30.680786398951668,1.0,1.0,16,3.435438250268593e-22
phase2,fp32,1,2,v,2,34.62014209483097,1.0,1.0,16,1.0
phase2,fp32,1,2,v,3,28.46880525904488,1.0,1.0,16,4.01087955993915e-20
phase2,fp32,1,2,v,4,5.7189955771829215,1.0,1.0,16,0.0
phase2,fp32,1,2,v,5,27.947636394197083,1.0,1.0,16,1.0
phase2,fp32,1,2,v,6,31.282917274876972,1.0,1.0,16,3.033381166157057e-20
phase2,fp32,1,2,v,7,17.448136313077416,1.0,1.0,16,2.102048293340428e-28
phase2,fp32,0,3,k,0,0.4048040465911985,0.28326110521317655,0.9999999999990248,16,0.28326117992401123
phase2,fp32,0,3,k,1,0.2516410614059469,0.25903766073353096,0.9999999999979075,16,0.2590377628803253
phase2,fp32,0,3,k,2,8.57785148607876,0.8738871311664215,0.999999999999973,16,0.8738870620727539
phase2,fp32,0,3,k,3,9.896907660760776e-05,0.2539662750819014,0.9998957809326817,16,0.2500702738761902
phase2,fp32,0,3,k,4,13.382989431344953,0.9026899009559066,0.9999999999998244,16,0.9026898741722107
phase2,fp32,0,3,k,5,0.0003123431086288377,4.028363236516105e-05,0.999982151288071,16,4.021793938591145e-05
phase2,fp32,0,3,k,6,10.922882350893229,0.8722480277836695,0.999999999999986,16,0.8722480535507202
phase2,fp32,0,3,k,7,0.2357118932059109,0.046082492981248856,0.9999999999824916,16,0.04608245939016342
phase2,fp32,0,3,v,0,0.4775214233971691,0.28326129947561485,0.9999999999933515,16,0.28326117992401123
phase2,fp32,0,3,v,1,0.6232951930349259,0.2590377118515107,0.9999999999985663,16,0.2590377628803253
phase2,fp32,0,3,v,2,19.92765808452598,0.8738870763410216,0.9999999999999933,16,0.8738870620727539
phase2,fp32,0,3,v,3,0.00016306220192463593,0.25104943279561404,0.9999350528817019,16,0.2500702738761902
phase2,fp32,0,3,v,4,25.805379994720962,0.9026899399817887,0.9999999999980864,16,0.9026898741722107
phase2,fp32,0,3,v,5,0.0005563816902280527,4.023558921211159e-05,0.9999936690312914,16,4.021793938591145e-05
phase2,fp32,0,3,v,6,10.511969085217466,0.8722480428346135,0.9999999999999764,16,0.8722480535507202
phase2,fp32,0,3,v,7,0.3196715405537819,0.046082506225998174,0.9999999999872446,16,0.04608245939016342
phase2,fp32,1,3,k,0,1.7486365475304435,0.14886622682966846,0.5056897919175241,16,0.001853719586506486
phase2,fp32,1,3,k,1,22.929798201997937,0.9710054730960773,0.9994192339267158,16,1.0
phase2,fp32,1,3,k,2,35.556303551094544,1.0,1.0,16,1.0
phase2,fp32,1,3,k,3,25.397404572861713,1.0094782524184243,0.999907919316621,16,1.0
phase2,fp32,1,3,k,4,1.3528961960817352,0.30221934965598496,0.24641455741046336,16,0.23046207427978516
phase2,fp32,1,3,k,5,37.19367464692612,1.0000542704440845,0.9999999964711066,16,1.0
phase2,fp32,1,3,k,6,23.491633574644123,1.0028884420353785,0.9997983354490687,16,1.0
phase2,fp32,1,3,k,7,0.9977949221997543,0.13799250387431983,0.5796519224512712,16,0.00041352788684889674
phase2,fp32,1,3,v,0,1.5817799804268249,0.09080427135512228,-0.13514725540063377,16,0.001853719586506486
phase2,fp32,1,3,v,1,30.669467973420616,0.999611644302549,0.9997853387394939,16,1.0
phase2,fp32,1,3,v,2,34.62014209483097,1.0,1.0,16,1.0
phase2,fp32,1,3,v,3,28.455622561035597,0.9995608412529113,0.9999815008611175,16,1.0
phase2,fp32,1,3,v,4,1.699849132776405,0.3732203123327852,0.377688349111035,16,0.23046207427978516
phase2,fp32,1,3,v,5,27.94762559716434,0.9999993697749969,0.9999999976775975,16,1.0
phase2,fp32,1,3,v,6,31.249975236575615,0.9990434765202151,0.9999188628474445,16,1.0
phase2,fp32,1,3,v,7,1.503375629772639,0.08809481522567965,0.21557187338920802,16,0.00041352788684889674
phase2,fp32,0,4,k,0,0.10563515926459657,0.07351913134043331,0.9999999999832379,16,0.2593199610710144
phase2,fp32,0,4,k,1,0.06350022017834354,0.06538226960592339,0.9999999999396774,16,0.2523573040962219
phase2,fp32,0,4,k,2,8.054537275106817,0.8310126565135301,0.9999999999998613,16,0.8670523166656494
phase2,fp32,0,4,k,3,2.3456976267765184e-05,0.06019320601727172,0.9983777404171853,16,0.2500193119049072
phase2,fp32,0,4,k,4,13.16463494132384,0.8649432790043539,0.9999999999960459,16,0.8955509662628174
phase2,fp32,0,4,k,5,7.803036562218979e-05,1.0063761534046469e-05,0.9998247462848826,16,0.24993278086185455
phase2,fp32,0,4,k,6,10.249824231235769,0.7947945298733181,0.9999999999998144,16,0.8465045094490051
phase2,fp32,0,4,k,7,0.055014609537077375,0.010790818542312841,0.9999999997676036,16,0.2349465787410736
phase2,fp32,0,4,v,0,0.12462452130846624,0.07351922512761715,0.9999999998938505,16,0.2593199610710144
phase2,fp32,0,4,v,1,0.15733202337341554,0.0653822971554675,0.9999999999756706,16,0.2523573040962219
phase2,fp32,0,4,v,2,19.041668669570594,0.8310124815402534,0.9999999999999528,16,0.8670523166656494
phase2,fp32,0,4,v,3,4.034410992047701e-05,0.06211353439260051,0.9993151386496516,16,0.2500193119049072
phase2,fp32,0,4,v,4,25.36105635870648,0.8649432708609832,0.9999999999898121,16,0.8955509662628174
phase2,fp32,0,4,v,5,0.00013878987712034042,1.0036801319476462e-05,0.9999650374236617,16,0.24993278086185455
phase2,fp32,0,4,v,6,9.586828847565334,0.7947945695629905,0.9999999999997915,16,0.8465045094490051
phase2,fp32,0,4,v,7,0.07469719882203374,0.010790811569500427,0.999999999853029,16,0.2349465787410736
phase2,fp32,1,4,k,0,1.6690343048332155,0.1456140123194074,0.9899031526549189,16,0.27177199721336365
phase2,fp32,1,4,k,1,22.923747521516326,0.9707439573019927,0.9999999188920105,16,1.0
phase2,fp32,1,4,k,2,35.556303551094544,1.0,1.0,16,1.0
phase2,fp32,1,4,k,3,25.541990598722155,1.0152462980197132,0.9999677091706292,16,1.0
phase2,fp32,1,4,k,4,1.0965641236511643,0.24993682098013376,0.9006676377320881,16,0.3741644620895386
phase2,fp32,1,4,k,5,37.19597167270749,1.0001163374883566,0.9999999955135666,16,1.0
phase2,fp32,1,4,k,6,23.518223449856613,1.004000222917406,0.9999779832794763,16,1.0
phase2,fp32,1,4,k,7,0.832712145185093,0.11542595691302612,0.9886482184430918,16,0.2286507934331894
phase2,fp32,1,4,v,0,1.5401668975842564,0.08893536319343501,0.9819468279954118,16,0.27177199721336365
phase2,fp32,1,4,v,1,30.669139801648235,0.9996007095274932,0.9999999638786996,16,1.0
phase2,fp32,1,4,v,2,34.62014209483097,1.0,1.0,16,1.0
phase2,fp32,1,4,v,3,28.44822166692137,0.99931524269124,0.9999933543923618,16,1.0
phase2,fp32,1,4,v,4,1.3988816535803879,0.31607142552656126,0.8391062905583491,16,0.3741644620895386
phase2,fp32,1,4,v,5,27.947618195239226,0.9999988279861484,0.9999999970181443,16,1.0
phase2,fp32,1,4,v,6,31.24026471404806,0.9987652820393735,0.9999909500676587,16,1.0
phase2,fp32,1,4,v,7,1.3244206487581516,0.07746801210300007,0.984924675471142,16,0.2286507934331894
phase2,fp32,0,5,k,0,0.02671227273891083,0.018562610932908966,0.9999999997034275,16,0.2524093985557556
phase2,fp32,0,5,k,1,0.015912845513198805,0.01638544760274615,0.9999999989441418,16,0.25059574842453003
phase2,fp32,0,5,k,2,7.8589752532899935,0.8153218066994556,0.999999999997378,16,0.8616325855255127
phase2,fp32,0,5,k,3,5.938103719266995e-06,0.015237859171785152,0.9814518331516184,16,0.25000500679016113
phase2,fp32,0,5,k,4,12.980067517744416,0.8448259234724114,0.9999999999862355,16,0.8884069919586182
phase2,fp32,0,5,k,5,1.9867484833791944e-05,2.5623566935038022e-06,0.998905457429243,16,0.249983549118042
phase2,fp32,0,5,k,6,9.805077544888967,0.7460745866606746,0.9999999999976745,16,0.8201457262039185
phase2,fp32,0,5,k,7,0.013537128761649586,0.002657094136840809,0.9999999962348116,16,0.24640819430351257
phase2,fp32,0,5,v,0,0.03151537635744576,0.01856252880236856,0.9999999980582212,16,0.2524093985557556
phase2,fp32,0,5,v,1,0.039429633224958835,0.016385484808370588,0.9999999996480824,16,0.25059574842453003
phase2,fp32,0,5,v,2,18.73531296354424,0.8153216136929394,0.9999999999995784,16,0.8616325855255127
phase2,fp32,0,5,v,3,1.0193937222179987e-05,0.015694533391874738,0.9921494942009162,16,0.25000500679016113
phase2,fp32,0,5,v,4,24.981269796704105,0.8448259260690599,0.9999999998238454,16,0.8884069919586182
phase2,fp32,0,5,v,5,3.470767064827557e-05,2.5099380573449154e-06,0.9990470380218529,16,0.249983549118042
phase2,fp32,0,5,v,6,8.987630191148403,0.7460746218424854,0.9999999999935076,16,0.8201457262039185
phase2,fp32,0,5,v,7,0.018384736985123946,0.0026570685762792967,0.9999999974072942,16,0.24640819430351257
phase2,fp32,1,5,k,0,1.65766439461567,0.14955293059770625,0.9954446012122982,16,0.3196749687194824
phase2,fp32,1,5,k,1,22.922176066339688,0.9706758623232132,0.9999999938481059,16,1.0
phase2,fp32,1,5,k,2,35.556303551094544,1.0,1.0,16,1.0
phase2,fp32,1,5,k,3,25.59881034736498,1.0175134816904077,0.9999951599990968,16,1.0
phase2,fp32,1,5,k,4,1.0214429514271615,0.23308916753697315,0.9351707910028481,16,0.37354782223701477
phase2,fp32,1,5,k,5,37.19901994842949,1.0001987063291797,0.9999999924527746,16,1.0
phase2,fp32,1,5,k,6,23.526055775187217,1.0043286554732471,0.999998397564126,16,1.0
phase2,fp32,1,5,k,7,0.699225497053682,0.09733609656032277,0.9784323662995262,16,0.238958477973938
phase2,fp32,1,5,v,0,1.5057258731378356,0.08856357482731157,0.9906829335025481,16,0.3196749687194824
phase2,fp32,1,5,v,1,30.669065275939996,0.9995980811779313,0.9999999970520178,16,1.0
phase2,fp32,1,5,v,2,34.62014209483097,1.0,1.0,16,1.0
phase2,fp32,1,5,v,3,28.44543746382052,0.9992230583582322,0.9999989888439917,16,1.0
phase2,fp32,1,5,v,4,1.3731981193913982,0.30898477966085786,0.8859914847958732,16,0.37354782223701477
phase2,fp32,1,5,v,5,27.94761829378246,0.9999984686181012,0.9999999948910252,16,1.0
phase2,fp32,1,5,v,6,31.23775503089574,0.9986937941962424,0.9999993285576497,16,1.0
phase2,fp32,1,5,v,7,1.1378987049112093,0.06663599100733517,0.9777384036134787,16,0.238958477973938
phase2,fp32,0,6,k,0,0.006697421149444419,0.0046522470011605924,0.9999999946952747,16,0.2506076991558075
phase2,fp32,0,6,k,1,0.0039804803420207865,0.0040987581118740336,0.9999999863597204,16,0.2501494288444519
phase2,fp32,0,6,k,2,7.79289753277002,0.8099324117652433,0.9999999999475766,16,0.8592877984046936
phase2,fp32,0,6,k,3,1.3804601400615217e-06,0.0035423864240240162,0.6236368235727967,16,0.2500014305114746
phase2,fp32,0,6,k,4,12.80797860195645,0.8298322898290071,0.9999999990553974,16,0.8797463774681091
phase2,fp32,0,6,k,5,5.3172930781478475e-06,6.857839139728246e-07,0.9699138626769237,16,0.24999500811100006
phase2,fp32,0,6,k,6,9.550938630376706,0.7189744591064252,0.9999999999532416,16,0.8019444942474365
phase2,fp32,0,6,k,7,0.0033710879146538067,0.000661790045898797,0.999999950480385,16,0.24911174178123474
phase2,fp32,0,6,v,0,0.007901881959372484,0.004652323022410458,0.9999999750842302,16,0.2506076991558075
phase2,fp32,0,6,v,1,0.009863697008074143,0.004098968783366965,0.9999999937915085,16,0.2501494288444519
phase2,fp32,0,6,v,2,18.62891181507453,0.8099321881342301,0.9999999999926454,16,0.8592877984046936
phase2,fp32,0,6,v,3,2.4945279603020115e-06,0.003840562426427088,0.9361723981856835,16,0.2500014305114746
phase2,fp32,0,6,v,4,24.6257433425899,0.8298322705164172,0.9999999976550489,16,0.8797463774681091
phase2,fp32,0,6,v,5,8.898716583404056e-06,6.435242410980371e-07,0.9916082616493358,16,0.24999500811100006
phase2,fp32,0,6,v,6,8.655138341323752,0.7189744946401094,0.9999999999222942,16,0.8019444942474365
phase2,fp32,0,6,v,7,0.004578472321895872,0.0006617776169590684,0.9999999513901472,16,0.24911174178123474
phase2,fp32,1,6,k,0,1.6548097407070068,0.15197082535724435,0.996763028008425,16,0.31078994274139404
phase2,fp32,1,6,k,1,22.92174587721575,0.9706571718340907,0.999999999523196,16,1.0
phase2,fp32,1,6,k,2,35.556303551094544,1.0,1.0,16,1.0
phase2,fp32,1,6,k,3,25.61553577635189,1.0181808954870966,0.9999995851991113,16,1.0
phase2,fp32,1,6,k,4,0.9662996719236873,0.21878528379853945,0.9799401080653358,16,0.37573307752609253
phase2,fp32,1,6,k,5,37.209853459820316,1.0004914747709,0.9999999175132036,16,1.0
phase2,fp32,1,6,k,6,23.528119020169825,1.0044152661424293,0.9999998964579724,16,1.0
phase2,fp32,1,6,k,7,0.600711029110254,0.08440832575679154,0.9594388419484783,16,0.24102717638015747
phase2,fp32,1,6,v,0,1.4688705214626565,0.08719464035893573,0.9949386823468384,16,0.31078994274139404
phase2,fp32,1,6,v,1,30.66905783956412,0.9995977477066287,0.9999999997940321,16,1.0
phase2,fp32,1,6,v,2,34.62014209483097,1.0,1.0,16,1.0
phase2,fp32,1,6,v,3,28.444630879469187,0.9991963753494397,0.9999999128468464,16,1.0
phase2,fp32,1,6,v,4,1.3445300546873966,0.30194961240480944,0.9800619207745729,16,0.37573307752609253
phase2,fp32,1,6,v,5,27.947732716627264,1.0000012907820728,0.999999939578886,16,1.0
phase2,fp32,1,6,v,6,31.237125767740643,0.9986759042056537,0.9999999562134853,16,1.0
phase2,fp32,1,6,v,7,0.9771184997904583,0.05763358376685487,0.956798362623059,16,0.24102717638015747
phase2,fp32,0,7,k,0,0.0016755259124944276,0.0011637530603291492,0.9999999253635798,16,0.2501522898674011
phase2,fp32,0,7,k,1,0.0009952017675682518,0.0010247767187126773,0.9999998544504942,16,0.2500373125076294
phase2,fp32,0,7,k,2,7.767349829681844,0.8077198630604999,0.9999999997748619,16,0.8585532903671265
phase2,fp32,0,7,k,3,6.454112478407536e-07,0.0016562053388746328,0.47870405616573997,16,0.25
phase2,fp32,0,7,k,4,12.6765146217449,0.8191049753789388,0.999999988562217,16,0.8703856468200684
phase2,fp32,0,7,k,5,2.36863144250611e-06,3.054880213536674e-07,0.8154268384451595,16,0.2499985694885254
phase2,fp32,0,7,k,6,9.384078784405679,0.7015619644487235,0.9999999983559722,16,0.78941810131073
phase2,fp32,0,7,k,7,0.0008418960474721571,0.00016527117244604948,0.9999989361468922,16,0.24977850914001465
phase2,fp32,0,7,v,0,0.0019768604992913756,0.0011637618982066722,0.9999996564429037,16,0.2501522898674011
phase2,fp32,0,7,v,1,0.0024665593442602662,0.0010250048535226598,0.9999999394454866,16,0.2500373125076294
phase2,fp32,0,7,v,2,18.581995919662372,0.8077196255746547,0.9999999999412137,16,0.8585532903671265
phase2,fp32,0,7,v,3,8.978602846484042e-07,0.001382341085116337,0.7844143696327012,16,0.25
phase2,fp32,0,7,v,4,24.353478446728793,0.8191049685477524,0.99999996650206,16,0.8703856468200684
phase2,fp32,0,7,v,5,2.769572327478596e-06,2.0028584049195591e-07,0.8936286485714071,16,0.2499985694885254
phase2,fp32,0,7,v,6,8.445245278241506,0.7015619971839662,0.9999999971544092,16,0.78941810131073
phase2,fp32,0,7,v,7,0.0011433704222711318,0.0001652660111172434,0.9999991666829653,16,0.24977850914001465
phase2,fp32,1,7,k,0,1.589891604336322,0.14495329769581047,0.9938178643090674,16,0.2850174903869629
phase2,fp32,1,7,k,1,22.921627473356406,0.9706520166728027,0.9999999999630391,16,1.0
phase2,fp32,1,7,k,2,35.556303551094544,1.0,1.0,16,1.0
phase2,fp32,1,7,k,3,25.61991702729736,1.0183557286137326,0.9999999716249526,16,1.0
phase2,fp32,1,7,k,4,0.9216778898621932,0.2091374890965817,0.9789825324682255,16,0.37960904836654663
phase2,fp32,1,7,k,5,37.27177006280246,1.0021647089072763,0.9999972276986027,16,1.0
phase2,fp32,1,7,k,6,23.528641859991293,1.0044372201567793,0.9999999934796655,16,1.0
phase2,fp32,1,7,k,7,0.5706149165182526,0.08145905849497281,0.9146233232150294,16,0.2245144248008728
phase2,fp32,1,7,v,0,1.313605970352203,0.07769782029302355,0.9924864979942496,16,0.2850174903869629
phase2,fp32,1,7,v,1,30.66905916308263,0.9995977577074426,0.9999999999854834,16,1.0
phase2,fp32,1,7,v,2,34.62014209483097,1.0,1.0,16,1.0
phase2,fp32,1,7,v,3,28.444420632770047,0.9991894219433606,0.9999999940277008,16,1.0
phase2,fp32,1,7,v,4,1.2941392341962645,0.29261024915047873,0.9866687750839023,16,0.37960904836654663
phase2,fp32,1,7,v,5,27.948414109728425,1.0000174876102819,0.9999977500968487,16,1.0
phase2,fp32,1,7,v,6,31.236968334273897,0.9986714305540847,0.9999999972342011,16,1.0
phase2,fp32,1,7,v,7,0.9051022919081704,0.05437987990360032,0.9109532567632213,16,0.2245144248008728
phase2,fp32,0,8,k,0,0.0004188807337373865,0.0002909192251189425,0.9999986465792134,16,0.2500380873680115
phase2,fp32,0,8,k,1,0.00024878319913605257,0.0002561777805831574,0.9999984179513617,16,0.25000929832458496
phase2,fp32,0,8,k,2,7.752580298852985,0.806346119610029,0.9999999941545938,16,0.8583428859710693
phase2,fp32,0,8,k,3,6.447228089804631e-07,0.0016544387193437266,0.9989333330297638,16,0.25
phase2,fp32,0,8,k,4,12.608460462676298,0.8136369086661654,0.9999997743699935,16,0.8635848760604858
phase2,fp32,0,8,k,5,1.6421182000497838e-06,2.1178788339957632e-07,0.8367128986215356,16,0.2499992996454239
phase2,fp32,0,8,k,6,9.260749575266676,0.6888372590123418,0.999999988808961,16,0.7785133123397827
phase2,fp32,0,8,k,7,0.00021023372238005849,4.1258143914464144e-05,0.9999886729942793,16,0.24994465708732605
phase2,fp32,0,8,v,0,0.0004943045999403685,0.0002909942711855889,0.9999939559094018,16,0.2500380873680115
phase2,fp32,0,8,v,1,0.000616732698964386,0.0002562896766422027,0.9999991727095463,16,0.25000929832458496
phase2,fp32,0,8,v,2,18.55056550587566,0.8063458643479295,0.9999999992872455,16,0.8583428859710693
phase2,fp32,0,8,v,3,6.962664050481332e-07,0.0010719681906553784,0.7926385418569825,16,0.25
phase2,fp32,0,8,v,4,24.21166712814974,0.8136369060043547,0.9999996083375763,16,0.8635848760604858
phase2,fp32,0,8,v,5,1.2798527456437931e-06,9.25545003190337e-08,0.6626926089289855,16,0.2499992996454239
phase2,fp32,0,8,v,6,8.293376521359168,0.6888372913017046,0.9999999864932945,16,0.7785133123397827
phase2,fp32,0,8,v,7,0.0002855539541849264,4.1269212941322955e-05,0.9999903116744351,16,0.24994465708732605
phase2,fp32,1,8,k,0,1.502955528001804,0.1365975327257186,0.9962020321877718,16,0.2580532431602478
phase2,fp32,1,8,k,1,22.921596649279312,0.9706506737473088,0.9999999999974463,16,1.0
phase2,fp32,1,8,k,2,35.556303551094544,1.0,1.0,16,1.0
phase2,fp32,1,8,k,3,25.621025716030783,1.0183999710310827,0.9999999981852232,16,1.0
phase2,fp32,1,8,k,4,0.884419050764037,0.20282139059427287,0.9898117874014343,16,0.3808751106262207
phase2,fp32,1,8,k,5,37.377223112133365,1.00501417674807,0.9999904542616168,16,1.0
phase2,fp32,1,8,k,6,23.52877371086431,1.0044427578687873,0.999999999591498,16,1.0
phase2,fp32,1,8,k,7,0.6328883718423595,0.09205172827899871,0.9258695204474022,16,0.1929025650024414
phase2,fp32,1,8,v,0,1.1898088327588252,0.07013879160119622,0.9853053915750873,16,0.2580532431602478
phase2,fp32,1,8,v,1,30.669059890095724,0.9995977718919565,0.9999999999990279,16,1.0
phase2,fp32,1,8,v,2,34.62014209483097,1.0,1.0,16,1.0
phase2,fp32,1,8,v,3,28.44436752240513,0.999187665412353,0.9999999996178562,16,1.0
phase2,fp32,1,8,v,4,1.2317892485622965,0.2810747195829001,0.9944058466600805,16,0.3808751106262207
phase2,fp32,1,8,v,5,27.948793404460773,1.0000148423999182,0.9999916822281266,16,1.0
phase2,fp32,1,8,v,6,31.236928919316483,0.9986703105413921,0.9999999998267153,16,1.0
phase2,fp32,1,8,v,7,0.9442261967232919,0.05824418654642051,0.9324432232139366,16,0.1929025650024414
combined-no-decay,bf16,0,2,k,0,7.394350045622275,1.0,1.0,16,0.06224576383829117
combined-no-decay,bf16,0,2,k,1,22.674647767575024,1.0,1.0,16,0.5196011662483215
combined-no-decay,bf16,0,2,k,2,27.79291010675724,1.0,1.0,16,0.25050145387649536
combined-no-decay,bf16,0,2,k,3,23.477473391460506,1.0,1.0,16,0.12037046998739243
combined-no-decay,bf16,0,2,k,4,16.06976287005738,1.0,1.0,16,3.5364136063975593e-09
combined-no-decay,bf16,0,2,k,5,7.058177253337726,1.0,1.0,16,0.03314538300037384
combined-no-decay,bf16,0,2,k,6,20.196033382556926,1.0,1.0,16,0.15748772025108337
combined-no-decay,bf16,0,2,k,7,26.921571565591346,1.0,1.0,16,0.40174317359924316
combined-no-decay,bf16,0,2,v,0,14.010266428039623,1.0,1.0,16,0.06224576383829117
combined-no-decay,bf16,0,2,v,1,21.292840788868393,1.0,1.0,16,0.5196011662483215
combined-no-decay,bf16,0,2,v,2,14.705465161646597,1.0,1.0,16,0.25050145387649536
combined-no-decay,bf16,0,2,v,3,14.869094777196398,1.0,1.0,16,0.12037046998739243
combined-no-decay,bf16,0,2,v,4,17.730139299631873,1.0,1.0,16,3.5364136063975593e-09
combined-no-decay,bf16,0,2,v,5,13.785924485731808,1.0,1.0,16,0.03314538300037384
combined-no-decay,bf16,0,2,v,6,16.97171606908221,1.0,1.0,16,0.15748772025108337
combined-no-decay,bf16,0,2,v,7,28.444662447719942,1.0,1.0,16,0.40174317359924316
combined-no-decay,bf16,1,2,k,0,16.51222216429882,1.0,1.0,16,0.9994006752967834
combined-no-decay,bf16,1,2,k,1,16.300858591458976,1.0,1.0,16,0.9983305931091309
combined-no-decay,bf16,1,2,k,2,14.178324152921146,1.0,1.0,16,0.00040414981776848435
combined-no-decay,bf16,1,2,k,3,10.245763375207208,1.0,1.0,16,1.3461730929975602e-07
combined-no-decay,bf16,1,2,k,4,28.86318658448939,1.0,1.0,16,1.1180101115726426e-11
combined-no-decay,bf16,1,2,k,5,12.100813519632055,1.0,1.0,16,0.7748336791992188
combined-no-decay,bf16,1,2,k,6,34.98668425389929,1.0,1.0,16,8.432717503915768e-16
combined-no-decay,bf16,1,2,k,7,17.94055353761337,1.0,1.0,16,1.1785844300504777e-08
combined-no-decay,bf16,1,2,v,0,20.148197945147935,1.0,1.0,16,0.9994006752967834
combined-no-decay,bf16,1,2,v,1,16.90271465971701,1.0,1.0,16,0.9983305931091309
combined-no-decay,bf16,1,2,v,2,24.547754546405372,1.0,1.0,16,0.00040414981776848435
combined-no-decay,bf16,1,2,v,3,7.471644848642711,1.0,1.0,16,1.3461730929975602e-07
combined-no-decay,bf16,1,2,v,4,24.22683461780229,1.0,1.0,16,1.1180101115726426e-11
combined-no-decay,bf16,1,2,v,5,10.924573857207655,1.0,1.0,16,0.7748336791992188
combined-no-decay,bf16,1,2,v,6,28.807112623553625,1.0,1.0,16,8.432717503915768e-16
combined-no-decay,bf16,1,2,v,7,14.483460991974468,1.0,1.0,16,1.1785844300504777e-08
combined-no-decay,bf16,0,3,k,0,1.8839262865167217,0.21647286410911393,0.04986508443981727,16,0.18417760729789734
combined-no-decay,bf16,0,3,k,1,10.282928981665773,0.45425467109148077,0.08048596152584458,16,0.40794727206230164
combined-no-decay,bf16,0,3,k,2,5.719378766603738,0.20431958727051136,-0.04420894488152896,16,0.16753587126731873
combined-no-decay,bf16,0,3,k,3,14.831508410252523,0.5109361297057389,0.17553014228043767,16,0.3749863803386688
combined-no-decay,bf16,0,3,k,4,3.153595034935425,0.19624403050847036,0.28109617744104287,16,0.17938977479934692
combined-no-decay,bf16,0,3,k,5,2.497385145894623,0.4097336173228839,-0.025364897201589368,16,0.36682969331741333
combined-no-decay,bf16,0,3,k,6,17.689811974064398,0.907363132301799,0.20509528687749434,16,0.8419020175933838
combined-no-decay,bf16,0,3,k,7,7.4203685737214675,0.25603077664270585,-0.019139323937441444,16,0.17686714231967926
combined-no-decay,bf16,0,3,v,0,3.819612254957142,0.24859606975432774,0.24633144184875228,16,0.18417760729789734
combined-no-decay,bf16,0,3,v,1,9.328832971554819,0.4309075485682003,0.06395869414354512,16,0.40794727206230164
combined-no-decay,bf16,0,3,v,2,2.9093592618584307,0.20547956365053197,0.0017712625745602319,16,0.16753587126731873
combined-no-decay,bf16,0,3,v,3,10.780285848451351,0.5376935080505908,0.16165810843799572,16,0.3749863803386688
combined-no-decay,bf16,0,3,v,4,3.172474020031666,0.1789311390293214,0.042933616588204465,16,0.17938977479934692
combined-no-decay,bf16,0,3,v,5,4.692863391467544,0.38496891757250673,0.0729279757767956,16,0.36682969331741333
combined-no-decay,bf16,0,3,v,6,14.329599377792634,0.903241641335835,0.13386452460427073,16,0.8419020175933838
combined-no-decay,bf16,0,3,v,7,8.401589031618196,0.27394135868766656,0.1072642292638308,16,0.17686714231967926
combined-no-decay,bf16,1,3,k,0,15.509984833487223,0.9392522033541134,0.8415373348623711,16,0.9999983310699463
combined-no-decay,bf16,1,3,k,1,15.545350407167163,0.9535918253729911,0.8541214867033561,16,1.0
combined-no-decay,bf16,1,3,k,2,13.362427322123022,0.9424107793622833,0.8241581210740422,16,0.9999176263809204
combined-no-decay,bf16,1,3,k,3,12.840958579531847,1.2532674293817205,-0.1336334477459531,16,0.9987108707427979
combined-no-decay,bf16,1,3,k,4,26.29678037990074,0.9108734072853462,0.44439580446526417,16,0.9999999403953552
combined-no-decay,bf16,1,3,k,5,10.810021404830419,0.8987633521133794,0.03727442396793125,16,0.9231194853782654
combined-no-decay,bf16,1,3,k,6,32.7655324656661,0.9373734894120441,0.6760001364885975,16,1.0
combined-no-decay,bf16,1,3,k,7,6.7966487233858714,0.3786360987329481,-0.05569220007791065,16,1.5074745533638634e-05
combined-no-decay,bf16,1,3,v,0,19.814500948123396,0.9834278885228099,0.49515318994358704,16,0.9999983310699463
combined-no-decay,bf16,1,3,v,1,16.398316736887832,0.9698186370624649,0.3701248770773776,16,1.0
combined-no-decay,bf16,1,3,v,2,24.455710216952447,0.9967338995230401,0.3269128875257291,16,0.9999176263809204
combined-no-decay,bf16,1,3,v,3,8.557411039477696,1.14530248197467,-0.029031831868037827,16,0.9987108707427979
combined-no-decay,bf16,1,3,v,4,24.050233790622173,0.993393411722274,0.7136440719351826,16,0.9999999403953552
combined-no-decay,bf16,1,3,v,5,9.797782676066067,0.9029292118092473,-0.008796248710323935,16,0.9231194853782654
combined-no-decay,bf16,1,3,v,6,28.63279114016564,0.9942822042768592,0.6436121577763332,16,1.0
combined-no-decay,bf16,1,3,v,7,5.715450666783978,0.39377531471491173,-0.0029911972673761656,16,1.5074745533638634e-05
combined-no-decay,bf16,0,4,k,0,1.0343111324443306,0.09691576137581946,0.0882943272379064,16,0.304211288690567
combined-no-decay,bf16,0,4,k,1,6.3159356511065425,0.2602734381264961,0.03482926776174915,16,0.38932695984840393
combined-no-decay,bf16,0,4,k,2,0.9486513985077695,0.039884684837648184,0.3168144014846694,16,0.17834380269050598
combined-no-decay,bf16,0,4,k,3,14.158124541603115,0.4678383438112012,0.5727155568818219,16,0.3845922350883484
combined-no-decay,bf16,0,4,k,4,0.8810165861293147,0.05482449201356315,0.22417551875627242,16,0.08890101313591003
combined-no-decay,bf16,0,4,k,5,0.9267211701586691,0.1411211775772174,0.03330691080877422,16,0.28839677572250366
combined-no-decay,bf16,0,4,k,6,14.02818053903568,0.5259468421225101,0.1452844828014628,16,0.5463351011276245
combined-no-decay,bf16,0,4,k,7,1.0499745302929995,0.04574331763713785,0.12992028459488333,16,0.28464609384536743
combined-no-decay,bf16,0,4,v,0,1.983985553639653,0.10918568037385426,0.21032357489105857,16,0.304211288690567
combined-no-decay,bf16,0,4,v,1,5.480174345936984,0.23881925330279197,0.03429760302071557,16,0.38932695984840393
combined-no-decay,bf16,0,4,v,2,0.49464287820218433,0.04025180995686113,-0.12578800497996087,16,0.17834380269050598
combined-no-decay,bf16,0,4,v,3,10.372210946441406,0.48880211489674874,0.3886033483832443,16,0.3845922350883484
combined-no-decay,bf16,0,4,v,4,1.2610171230281977,0.07112279840093416,-0.0654923051112931,16,0.08890101313591003
combined-no-decay,bf16,0,4,v,5,1.7212216093468635,0.13186657228018023,0.08766538365331052,16,0.28839677572250366
combined-no-decay,bf16,0,4,v,6,12.557650981173467,0.5567713571279539,0.11022062643694538,16,0.5463351011276245
combined-no-decay,bf16,0,4,v,7,1.9882714586099364,0.08420822980130027,-0.47784575031853205,16,0.28464609384536743
combined-no-decay,bf16,1,4,k,0,15.057139392820696,0.911803391270375,0.854473374905333,16,0.9987152814865112
combined-no-decay,bf16,1,4,k,1,15.136208173536733,0.928435885962757,0.8902415556085237,16,1.0
combined-no-decay,bf16,1,4,k,2,12.917685048210123,0.9110369505438183,0.8478829258942384,16,0.9998350739479065
combined-no-decay,bf16,1,4,k,3,13.216698412618289,1.2899210486917578,-0.007715370582525931,16,0.9849600791931152
combined-no-decay,bf16,1,4,k,4,26.044921298963743,0.9021462040314194,0.41450641180215975,16,0.9999997615814209
combined-no-decay,bf16,1,4,k,5,7.610694716895281,0.6277269115542714,0.06238314938638451,16,0.7037675380706787
combined-no-decay,bf16,1,4,k,6,30.351960480128064,0.8657608363775817,0.5806863588554201,16,1.0
combined-no-decay,bf16,1,4,k,7,7.330621138064425,0.4097474204222283,-0.0020574432709236125,16,0.1585894227027893
combined-no-decay,bf16,1,4,v,0,19.705574911790343,0.9781153017535104,0.5035796018980707,16,0.9987152814865112
combined-no-decay,bf16,1,4,v,1,16.277663151977727,0.9627158946480799,0.40184244065552954,16,1.0
combined-no-decay,bf16,1,4,v,2,24.45335236467093,0.9968161347591296,0.32479765919284564,16,0.9998350739479065
combined-no-decay,bf16,1,4,v,3,8.250332179071027,1.1041852426439256,-0.18259496343670356,16,0.9849600791931152
combined-no-decay,bf16,1,4,v,4,24.053602968860154,0.9935464947424348,0.7161696455117732,16,0.9999997615814209
combined-no-decay,bf16,1,4,v,5,6.982334228828877,0.6416019502449554,0.021184203518811992,16,0.7037675380706787
combined-no-decay,bf16,1,4,v,6,28.413640760622247,0.9865798957366719,0.6528665072375508,16,1.0
combined-no-decay,bf16,1,4,v,7,5.7430768538570725,0.3975652720887704,-0.0665863111240051,16,0.1585894227027893
combined-no-decay,bf16,0,5,k,0,0.38074387826094397,0.033641668869308375,0.08619629774742987,16,0.2749137282371521
combined-no-decay,bf16,0,5,k,1,5.624838138021417,0.22721879101986553,0.1637392398291834,16,0.46625423431396484
combined-no-decay,bf16,0,5,k,2,0.22708259670285885,0.008548936231339026,0.19838489117364383,16,0.25709304213523865
combined-no-decay,bf16,0,5,k,3,3.975847136005932,0.13971338643696374,0.5022682975719976,16,0.14499706029891968
combined-no-decay,bf16,0,5,k,4,0.5982758545252433,0.037229911814069414,-0.17366135703791485,16,0.42895591259002686
combined-no-decay,bf16,0,5,k,5,0.3097031688307916,0.046412337494481294,-0.006919182165809707,16,0.2799699902534485
combined-no-decay,bf16,0,5,k,6,0.4652846501393453,0.0257244881224553,0.1844538322124905,16,0.09101785719394684
combined-no-decay,bf16,0,5,k,7,0.3552612761294268,0.015968597146569258,0.05437196849804635,16,0.29113006591796875
combined-no-decay,bf16,0,5,v,0,0.7496329848693085,0.03926836128935203,0.19354855744211633,16,0.2749137282371521
combined-no-decay,bf16,0,5,v,1,4.945347421321832,0.21412317703497874,0.056343058120123427,16,0.46625423431396484
combined-no-decay,bf16,0,5,v,2,0.11460034297857734,0.008359698501650187,-0.09833100309744688,16,0.25709304213523865
combined-no-decay,bf16,0,5,v,3,2.8959226714565656,0.1533046611695339,0.48484732607556724,16,0.14499706029891968
combined-no-decay,bf16,0,5,v,4,1.1104748069519632,0.06263204074065114,-0.5396642244138026,16,0.42895591259002686
combined-no-decay,bf16,0,5,v,5,0.5581863469083914,0.041236846588021486,0.06056563113035663,16,0.2799699902534485
combined-no-decay,bf16,0,5,v,6,0.5695827310777335,0.04760491856351458,0.379711451129645,16,0.09101785719394684
combined-no-decay,bf16,0,5,v,7,0.7036659482098466,0.03131879599754568,0.179269022615764,16,0.29113006591796875
combined-no-decay,bf16,1,5,k,0,14.795616378123395,0.8959453857661748,0.8477912327575134,16,0.9990350008010864
combined-no-decay,bf16,1,5,k,1,14.343602253337004,0.8797365065433875,0.8854191462138672,16,1.0
combined-no-decay,bf16,1,5,k,2,12.787778839882545,0.9018558696140799,0.8611565057828812,16,0.9983816146850586
combined-no-decay,bf16,1,5,k,3,11.40313772571215,1.1125868734950517,0.07796964723976815,16,0.8443707227706909
combined-no-decay,bf16,1,5,k,4,25.915723271426863,0.8975774718838792,0.4097277944042005,16,0.9999301433563232
combined-no-decay,bf16,1,5,k,5,2.5676409884284808,0.21846814928260558,0.04634855990307124,16,0.31181958317756653
combined-no-decay,bf16,1,5,k,6,27.931779137625536,0.7945813761245144,0.5511325504132812,16,0.9999998807907104
combined-no-decay,bf16,1,5,k,7,4.990753386474143,0.2782540638586355,-0.08524077362528351,16,0.28655359148979187
combined-no-decay,bf16,1,5,v,0,19.707853056864824,0.9783472444706944,0.5046318778405877,16,0.9990350008010864
combined-no-decay,bf16,1,5,v,1,16.279065118392683,0.9627512451876968,0.40419079010828995,16,1.0
combined-no-decay,bf16,1,5,v,2,24.4240897273601,0.9956571499477769,0.3253942342425771,16,0.9983816146850586
combined-no-decay,bf16,1,5,v,3,7.341174767176517,0.9823673581527101,-0.15732826943551936,16,0.8443707227706909
combined-no-decay,bf16,1,5,v,4,24.048774522077316,0.9933551001689277,0.7135382776301327,16,0.9999301433563232
combined-no-decay,bf16,1,5,v,5,2.39411407897354,0.22068910826883167,0.011393949145425727,16,0.31181958317756653
combined-no-decay,bf16,1,5,v,6,28.596085410649287,0.9929089125923458,0.6540637908294148,16,0.9999998807907104
combined-no-decay,bf16,1,5,v,7,4.070808526308659,0.2812117739307013,0.07892054983962354,16,0.28655359148979187
combined-no-decay,bf16,0,6,k,0,0.15851521388158596,0.01295155449321952,0.0838910884569991,16,0.2628282308578491
combined-no-decay,bf16,0,6,k,1,3.020780537620536,0.11365728318980023,0.20647508082172614,16,0.30411195755004883
combined-no-decay,bf16,0,6,k,2,0.0746043877459938,0.002773782435594643,0.22288584238150155,16,0.26870033144950867
combined-no-decay,bf16,0,6,k,3,1.934144383366529,0.0703677503472801,0.8618290332156922,16,0.16480609774589539
combined-no-decay,bf16,0,6,k,4,0.1424978369833096,0.008867451133882273,-0.08604578765358635,16,0.22185960412025452
combined-no-decay,bf16,0,6,k,5,0.08230926576143688,0.012327915507716284,-0.016857411780113414,16,0.25053542852401733
combined-no-decay,bf16,0,6,k,6,0.12315111812886967,0.006723394181757285,0.14522843704068078,16,0.2614167034626007
combined-no-decay,bf16,0,6,k,7,0.09350593755409771,0.004218557300181457,-0.026205487203645895,16,0.2301318645477295
combined-no-decay,bf16,0,6,v,0,0.3236410609762871,0.01631193344583762,0.0794719749396881,16,0.2628282308578491
combined-no-decay,bf16,0,6,v,1,2.7550751571554213,0.10783237015588842,0.08612046490236788,16,0.30411195755004883
combined-no-decay,bf16,0,6,v,2,0.03816633871673124,0.0027644049733712393,-0.11233762472466462,16,0.26870033144950867
combined-no-decay,bf16,0,6,v,3,1.3794308421407186,0.07811342198686812,0.7979154451703188,16,0.16480609774589539
combined-no-decay,bf16,0,6,v,4,0.3053878169639385,0.017224219832851467,-0.641081963021484,16,0.22185960412025452
combined-no-decay,bf16,0,6,v,5,0.14390742167008952,0.010534297303534166,0.04019279238545996,16,0.25053542852401733
combined-no-decay,bf16,0,6,v,6,0.1501119865989594,0.01221788506983329,0.07751284658782602,16,0.2614167034626007
combined-no-decay,bf16,0,6,v,7,0.2566478228156883,0.011681485545906839,-0.28786210852730504,16,0.2301318645477295
combined-no-decay,bf16,1,6,k,0,14.466568197846925,0.8759732451186906,0.8407134462120169,16,0.998633861541748
combined-no-decay,bf16,1,6,k,1,14.069787169925533,0.8629614980554219,0.8836647018811629,16,1.0
combined-no-decay,bf16,1,6,k,2,12.538240159778173,0.8842011423311898,0.860633637009242,16,0.9974289536476135
combined-no-decay,bf16,1,6,k,3,9.950959071807606,0.9706556640143338,0.16360358760607335,16,0.8320093750953674
combined-no-decay,bf16,1,6,k,4,25.852279472648775,0.8953978381215962,0.39736489778366446,16,0.9997520446777344
combined-no-decay,bf16,1,6,k,5,2.0210550710239867,0.16897261456969942,0.06702985296960996,16,0.45157575607299805
combined-no-decay,bf16,1,6,k,6,30.909288071748076,0.8808329106055599,0.3928251014044375,16,1.0
combined-no-decay,bf16,1,6,k,7,2.8643103424536207,0.15972449571327563,-0.07665436363881238,16,0.38580718636512756
combined-no-decay,bf16,1,6,v,0,19.70140216221548,0.978132604216179,0.5068739242804758,16,0.998633861541748
combined-no-decay,bf16,1,6,v,1,16.236443576238003,0.9601255225650027,0.39838458230932516,16,1.0
combined-no-decay,bf16,1,6,v,2,24.35040499518645,0.9924882039395231,0.32575407333285,16,0.9974289536476135
combined-no-decay,bf16,1,6,v,3,6.366690424739161,0.8518915530599573,-0.030310846786062086,16,0.8320093750953674
combined-no-decay,bf16,1,6,v,4,24.021212442724273,0.992235857670752,0.714296799194404,16,0.9997520446777344
combined-no-decay,bf16,1,6,v,5,1.891247113752084,0.1711157419345003,0.08396764427824954,16,0.45157575607299805
combined-no-decay,bf16,1,6,v,6,28.75782294581643,0.9985863398058386,0.6515327628056413,16,1.0
combined-no-decay,bf16,1,6,v,7,2.3632374111844223,0.16355368172424367,-0.04042598664346052,16,0.38580718636512756
combined-no-decay,bf16,0,7,k,0,0.04766973368660066,0.004024276874188616,0.11147807489893369,16,0.2537648677825928
combined-no-decay,bf16,0,7,k,1,1.8962505111518189,0.06943674003908731,0.26833123159896355,16,0.3059728443622589
combined-no-decay,bf16,0,7,k,2,0.02019520381536083,0.0007551951071225408,0.11937445113545231,16,0.2459736317396164
combined-no-decay,bf16,0,7,k,3,0.7025094602581217,0.027627103723203712,0.8855834787083126,16,0.1872296929359436
combined-no-decay,bf16,0,7,k,4,0.04479431617648326,0.002787490801121156,0.011354878611563606,16,0.23005735874176025
combined-no-decay,bf16,0,7,k,5,0.027444624279084104,0.0043935165088565195,0.02051047982086336,16,0.24956855177879333
combined-no-decay,bf16,0,7,k,6,0.03222305052854711,0.0017741200988696014,0.08658424161209702,16,0.2528040111064911
combined-no-decay,bf16,0,7,k,7,0.024216296800878986,0.0010883806410656486,-0.10550627157025841,16,0.24897316098213196
combined-no-decay,bf16,0,7,v,0,0.10466780119717428,0.005532233026469126,0.12475384891675204,16,0.2537648677825928
combined-no-decay,bf16,0,7,v,1,1.739469170941227,0.0654908560236639,0.15597258121407842,16,0.3059728443622589
combined-no-decay,bf16,0,7,v,2,0.009158853081877544,0.0006615221850363445,-0.11383354501268284,16,0.2459736317396164
combined-no-decay,bf16,0,7,v,3,0.5153724458431479,0.03340679668339405,0.8350916732018382,16,0.1872296929359436
combined-no-decay,bf16,0,7,v,4,0.11103648752774918,0.006262584046931577,0.07739824153192836,16,0.23005735874176025
combined-no-decay,bf16,0,7,v,5,0.03628089812873088,0.0026758833929804485,0.049907444494747516,16,0.24956855177879333
combined-no-decay,bf16,0,7,v,6,0.04084833347345874,0.0034598036214030328,0.035517182438477145,16,0.2528040111064911
combined-no-decay,bf16,0,7,v,7,0.08141032663642161,0.0036453916377248057,-0.1972357955442336,16,0.24897316098213196
combined-no-decay,bf16,1,7,k,0,14.059000211170169,0.8512499743037517,0.8348415180383066,16,0.9924774169921875
combined-no-decay,bf16,1,7,k,1,13.744589890699324,0.8429740587621259,0.8788873350621962,16,1.0
combined-no-decay,bf16,1,7,k,2,12.192431082901475,0.8597573044611568,0.8595046728283475,16,0.980174720287323
combined-no-decay,bf16,1,7,k,3,1.2634019213916596,0.12329611864425565,-0.19286521181415245,16,0.04943409562110901
combined-no-decay,bf16,1,7,k,4,25.412569902485448,0.8801319349380479,0.3892146758956122,16,0.9999996423721313
combined-no-decay,bf16,1,7,k,5,0.5580866334582704,0.04463440248699349,0.04483941067509664,16,0.2402932047843933
combined-no-decay,bf16,1,7,k,6,22.737890548159847,0.6697977820733518,0.2058138752847805,16,0.5111750960350037
combined-no-decay,bf16,1,7,k,7,1.9235393776896736,0.10752248605969525,0.04614133249162619,16,0.09899774193763733
combined-no-decay,bf16,1,7,v,0,19.55694555598579,0.9709655980553524,0.507309552769264,16,0.9924774169921875
combined-no-decay,bf16,1,7,v,1,16.221988245702647,0.9593179949833105,0.3964945901730286,16,1.0
combined-no-decay,bf16,1,7,v,2,23.879491456617835,0.9732616659166637,0.32657240655819225,16,0.980174720287323
combined-no-decay,bf16,1,7,v,3,0.8661283954981307,0.11592864354795922,-0.23523289741573508,16,0.04943409562110901
combined-no-decay,bf16,1,7,v,4,24.002036272098927,0.9914849516726013,0.7138001215082033,16,0.9999996423721313
combined-no-decay,bf16,1,7,v,5,0.5123508061371412,0.044728450249362915,0.06022870936283228,16,0.2402932047843933
combined-no-decay,bf16,1,7,v,6,15.163395206450174,0.5404868979435222,0.4197090545875593,16,0.5111750960350037
combined-no-decay,bf16,1,7,v,7,1.6002540884060585,0.11031235011088869,-0.006387824449944585,16,0.09899774193763733
combined-no-decay,bf16,0,8,k,0,0.013217436592554003,0.0011767864907831819,0.00835281090999358,16,0.2510775327682495
combined-no-decay,bf16,0,8,k,1,1.2203150414157597,0.04409554716080462,0.16008759988717267,16,0.3028998076915741
combined-no-decay,bf16,0,8,k,2,0.007164733027841875,0.00026829774961396934,0.11193046075671025,16,0.25157639384269714
combined-no-decay,bf16,0,8,k,3,0.45493943271179194,0.017527944087463235,0.8833890128753918,16,0.2459796965122223
combined-no-decay,bf16,0,8,k,4,0.016457323775735076,0.0010241174004129105,-0.08796843686477593,16,0.25
combined-no-decay,bf16,0,8,k,5,0.011973654128423447,0.00204439620910007,0.042638860921908356,16,0.2490920126438141
combined-no-decay,bf16,0,8,k,6,0.009386769135484451,0.0005568832708962861,0.01651720921124566,16,0.24910873174667358
combined-no-decay,bf16,0,8,k,7,0.007307091102483897,0.0003229487798937454,0.0061027180033806205,16,0.2512269914150238
combined-no-decay,bf16,0,8,v,0,0.036199625618551896,0.0021890718666051343,0.028942515015331724,16,0.2510775327682495
combined-no-decay,bf16,0,8,v,1,1.1135384079593635,0.041232188029919896,0.05621874303483541,16,0.3028998076915741
combined-no-decay,bf16,0,8,v,2,0.0023403796959569926,0.00016889055926952798,-0.0955464730612805,16,0.25157639384269714
combined-no-decay,bf16,0,8,v,3,0.340667490754134,0.021290459223346513,0.8470285861494896,16,0.2459796965122223
combined-no-decay,bf16,0,8,v,4,0.04207160005573831,0.002372886041375424,0.11758930560831143,16,0.25
combined-no-decay,bf16,0,8,v,5,0.010295584813104133,0.0007794595492922495,0.030630076462174204,16,0.2490920126438141
combined-no-decay,bf16,0,8,v,6,0.012511464812352498,0.001250823157851607,0.02097093759135394,16,0.24910873174667358
combined-no-decay,bf16,0,8,v,7,0.052974203946265605,0.002358301636165341,-0.023339788422901374,16,0.2512269914150238
combined-no-decay,bf16,1,8,k,0,13.674949824570966,0.8279806332120825,0.8257662340400406,16,0.9990785121917725
combined-no-decay,bf16,1,8,k,1,13.401030606733688,0.8219106447827046,0.8743679748342166,16,0.9999997615814209
combined-no-decay,bf16,1,8,k,2,11.98308969129403,0.8449478662943404,0.8562610128428779,16,0.9920333623886108
combined-no-decay,bf16,1,8,k,3,0.3678941922488995,0.03591355769360277,-0.42712430078951136,16,0.24511194229125977
combined-no-decay,bf16,1,8,k,4,25.443049907878596,0.8812233153236757,0.3801481202746372,16,0.9998769760131836
combined-no-decay,bf16,1,8,k,5,0.3650482849959688,0.027806784662548146,0.05018775953228739,16,0.3106674253940582
combined-no-decay,bf16,1,8,k,6,16.97709319822767,0.5078917469707156,0.2011261728218614,16,0.5619680881500244
combined-no-decay,bf16,1,8,k,7,1.1597305921410501,0.06462982897127043,-0.016742944869678388,16,0.2207702100276947
combined-no-decay,bf16,1,8,v,0,19.529759494368847,0.9696931474272066,0.5074189611910149,16,0.9990785121917725
combined-no-decay,bf16,1,8,v,1,16.209659988908093,0.9586173332485015,0.3956132941609555,16,0.9999997615814209
combined-no-decay,bf16,1,8,v,2,23.69910108666184,0.9658330390908116,0.3268941562980182,16,0.9920333623886108
combined-no-decay,bf16,1,8,v,3,0.24774124887692722,0.033161445911993645,-0.46542403678092925,16,0.24511194229125977
combined-no-decay,bf16,1,8,v,4,24.013096515857594,0.9919250088894166,0.714007143604228,16,0.9998769760131836
combined-no-decay,bf16,1,8,v,5,0.350716657235826,0.02939856770729174,0.06273478424545414,16,0.3106674253940582
combined-no-decay,bf16,1,8,v,6,14.289572582464967,0.511232831879354,0.3753687520454674,16,0.5619680881500244
combined-no-decay,bf16,1,8,v,7,1.0165057117916083,0.07016040679223375,0.06151184507659786,16,0.2207702100276947
combined-no-decay,fp32,0,2,k,0,7.402963611845386,1.0,1.0,16,0.062256425619125366
combined-no-decay,fp32,0,2,k,1,22.669722238250912,1.0,1.0,16,0.5198318958282471
combined-no-decay,fp32,0,2,k,2,27.813339622178823,1.0,1.0,16,0.25048524141311646
combined-no-decay,fp32,0,2,k,3,23.489132618920852,1.0,1.0,16,0.12034834921360016
combined-no-decay,fp32,0,2,k,4,16.081400580329614,1.0,1.0,16,3.7896379367907684e-09
combined-no-decay,fp32,0,2,k,5,7.092385218629165,1.0,1.0,16,0.03344420716166496
combined-no-decay,fp32,0,2,k,6,20.18348023680273,1.0,1.0,16,0.15747928619384766
combined-no-decay,fp32,0,2,k,7,26.95035401743162,1.0,1.0,16,0.39877602458000183
combined-no-decay,fp32,0,2,v,0,14.02098569784088,1.0,1.0,16,0.062256425619125366
combined-no-decay,fp32,0,2,v,1,21.277244013594323,1.0,1.0,16,0.5198318958282471
combined-no-decay,fp32,0,2,v,2,14.706506275404431,1.0,1.0,16,0.25048524141311646
combined-no-decay,fp32,0,2,v,3,14.88675232964508,1.0,1.0,16,0.12034834921360016
combined-no-decay,fp32,0,2,v,4,17.718966236564,1.0,0.9999999999999998,16,3.7896379367907684e-09
combined-no-decay,fp32,0,2,v,5,13.848166035636279,1.0,1.0,16,0.03344420716166496
combined-no-decay,fp32,0,2,v,6,16.972388077858277,1.0,1.0,16,0.15747928619384766
combined-no-decay,fp32,0,2,v,7,28.46387787727435,1.0,1.0,16,0.39877602458000183
combined-no-decay,fp32,1,2,k,0,16.515820115323187,1.0,1.0,16,0.9994024634361267
combined-no-decay,fp32,1,2,k,1,16.33463359625839,1.0,1.0,16,0.9983482360839844
combined-no-decay,fp32,1,2,k,2,14.18428889391858,1.0,1.0,16,0.0004016669699922204
combined-no-decay,fp32,1,2,k,3,10.440248947355443,1.0,1.0,16,1.341523159226199e-07
combined-no-decay,fp32,1,2,k,4,28.929606424275974,1.0,1.0,16,9.963314895333752e-12
combined-no-decay,fp32,1,2,k,5,12.199668261483971,1.0,1.0,16,0.7753125429153442
combined-no-decay,fp32,1,2,k,6,34.71885074071676,1.0,1.0,16,3.865861018246587e-16
combined-no-decay,fp32,1,2,k,7,19.66849943221522,1.0,1.0,16,1.1517609976863241e-08
combined-no-decay,fp32,1,2,v,0,20.154906108807015,1.0,1.0,16,0.9994024634361267
combined-no-decay,fp32,1,2,v,1,16.918204592145056,1.0,1.0,16,0.9983482360839844
combined-no-decay,fp32,1,2,v,2,24.547068072131374,1.0,1.0,16,0.0004016669699922204
combined-no-decay,fp32,1,2,v,3,7.591741167843581,1.0,1.0,16,1.341523159226199e-07
combined-no-decay,fp32,1,2,v,4,24.231621034550216,1.0,1.0,16,9.963314895333752e-12
combined-no-decay,fp32,1,2,v,5,10.890245953399866,1.0,1.0,16,0.7753125429153442
combined-no-decay,fp32,1,2,v,6,28.785804394619184,1.0,1.0,16,3.865861018246587e-16
combined-no-decay,fp32,1,2,v,7,15.293537415922533,1.0,1.0,16,1.1517609976863241e-08
combined-no-decay,fp32,0,3,k,0,1.8881527942543177,0.21670036139459903,0.05018866694082637,16,0.18435382843017578
combined-no-decay,fp32,0,3,k,1,10.261594001886088,0.45302467699448923,0.07982851656843731,16,0.40683531761169434
combined-no-decay,fp32,0,3,k,2,5.725233806143105,0.2042377837627804,-0.0445582055507803,16,0.167404443025589
combined-no-decay,fp32,0,3,k,3,14.856465853762412,0.510926745346803,0.17616499172674976,16,0.37498778104782104
combined-no-decay,fp32,0,3,k,4,3.1370631826885877,0.19507400285307278,0.28142097099563446,16,0.17794325947761536
combined-no-decay,fp32,0,3,k,5,2.5365042773726305,0.4130421307474379,-0.024557438813491553,16,0.3694568872451782
combined-no-decay,fp32,0,3,k,6,17.68306940113422,0.9077334782155568,0.20474790279845806,16,0.8423901796340942
combined-no-decay,fp32,0,3,k,7,7.3827037330283485,0.25464340218077686,-0.01822486318715006,16,0.17576724290847778
combined-no-decay,fp32,0,3,v,0,3.8253747611718865,0.2488445719912884,0.24730961725812559,16,0.18435382843017578
combined-no-decay,fp32,0,3,v,1,9.305620557291833,0.43001427661780667,0.06465594565701531,16,0.40683531761169434
combined-no-decay,fp32,0,3,v,2,2.9095453910276583,0.20534913141529484,0.002657421531581241,16,0.167404443025589
combined-no-decay,fp32,0,3,v,3,10.797230090318457,0.5374449615018109,0.1629769276833249,16,0.37498778104782104
combined-no-decay,fp32,0,3,v,4,3.1442663219894165,0.17745201836330182,0.040828873511693085,16,0.17794325947761536
combined-no-decay,fp32,0,3,v,5,4.760095856505893,0.3879417910275704,0.07293056016323389,16,0.3694568872451782
combined-no-decay,fp32,0,3,v,6,14.32895480382182,0.9035170180747407,0.13353916883092237,16,0.8423901796340942
combined-no-decay,fp32,0,3,v,7,8.3681466704541,0.27267512953307993,0.10911024770041584,16,0.17576724290847778
combined-no-decay,fp32,1,3,k,0,15.521051453721062,0.9397166962949557,0.841714160665447,16,0.9999983310699463
combined-no-decay,fp32,1,3,k,1,15.549682596137089,0.9518847575613324,0.8528762584043087,16,1.0
combined-no-decay,fp32,1,3,k,2,13.367212747849983,0.9423533112238022,0.8243046165625365,16,0.9999185800552368
combined-no-decay,fp32,1,3,k,3,12.980802472610542,1.243314481277642,-0.15209025543476712,16,0.9990382194519043
combined-no-decay,fp32,1,3,k,4,26.199713063455754,0.905413167021458,0.44662430367536465,16,0.9999999403953552
combined-no-decay,fp32,1,3,k,5,10.880036426388521,0.8970878067846813,0.03656635657171109,16,0.9225609302520752
combined-no-decay,fp32,1,3,k,6,32.571336449509346,0.9383741884518887,0.6665209728626518,16,1.0
combined-no-decay,fp32,1,3,k,7,1.9581452934427488,0.09963196859766267,-0.14701406529728633,16,5.8368517784401774e-05
combined-no-decay,fp32,1,3,v,0,19.8239058882166,0.983573528509463,0.4955548191118892,16,0.9999983310699463
combined-no-decay,fp32,1,3,v,1,16.415414770053253,0.9699565136186503,0.3708806674829589,16,1.0
combined-no-decay,fp32,1,3,v,2,24.456711105882384,0.9968064396815342,0.32664724799913425,16,0.9999185800552368
combined-no-decay,fp32,1,3,v,3,8.456063431553538,1.1138390072468467,-0.04127140530768027,16,0.9990382194519043
combined-no-decay,fp32,1,3,v,4,24.05221208615335,0.9933540754030667,0.7131217761978074,16,0.9999999403953552
combined-no-decay,fp32,1,3,v,5,9.833474905176805,0.91002504696961,-0.007955961625858458,16,0.9225609302520752
combined-no-decay,fp32,1,3,v,6,28.57241107400653,0.9931819712099462,0.6473222769340659,16,1.0
combined-no-decay,fp32,1,3,v,7,1.5651534886948895,0.1023881839516069,0.06454192775411267,16,5.8368517784401774e-05
combined-no-decay,fp32,0,4,k,0,1.0438818169189932,0.09761770646635326,0.08963585571008403,16,0.3048197031021118
combined-no-decay,fp32,0,4,k,1,6.327493810399006,0.26062983377321525,0.04096798032128143,16,0.38877516984939575
combined-no-decay,fp32,0,4,k,2,0.9379042727311966,0.0391689528928796,0.31408320204767914,16,0.1768839806318283
combined-no-decay,fp32,0,4,k,3,14.18437670811735,0.4678604591338815,0.5733851067454419,16,0.3846765160560608
combined-no-decay,fp32,0,4,k,4,0.8815321087916211,0.05481687396493916,0.22566702126999924,16,0.0894438773393631
combined-no-decay,fp32,0,4,k,5,0.9506219340717093,0.1431986540607843,0.03286389944155443,16,0.2893894612789154
combined-no-decay,fp32,0,4,k,6,14.020705665629666,0.5260523191084988,0.14392565595060441,16,0.5460257530212402
combined-no-decay,fp32,0,4,k,7,1.0513707972309843,0.04565461024791897,0.1322773091106323,16,0.28563255071640015
combined-no-decay,fp32,0,4,v,0,1.9970147304826082,0.10975292913150064,0.20394647649921496,16,0.3048197031021118
combined-no-decay,fp32,0,4,v,1,5.483615793506775,0.23933050926579702,0.036555334676044465,16,0.38877516984939575
combined-no-decay,fp32,0,4,v,2,0.48658480204639887,0.03943583839966386,-0.12596007779873583,16,0.1768839806318283
combined-no-decay,fp32,0,4,v,3,10.39283145751478,0.48913152200960547,0.3894880865215563,16,0.3846765160560608
combined-no-decay,fp32,0,4,v,4,1.259764175076373,0.07109693411327792,-0.06582952138762718,16,0.0894438773393631
combined-no-decay,fp32,0,4,v,5,1.7633322404742136,0.13379599094708922,0.08724987600927558,16,0.2893894612789154
combined-no-decay,fp32,0,4,v,6,12.551204590456798,0.5565494607872371,0.10946236491506456,16,0.5460257530212402
combined-no-decay,fp32,0,4,v,7,1.9932779721755054,0.08424946961170651,-0.48818962000333943,16,0.28563255071640015
combined-no-decay,fp32,1,4,k,0,15.052943557530929,0.9113525277008105,0.8543504275118645,16,0.9987266063690186
combined-no-decay,fp32,1,4,k,1,15.14630714701862,0.92713703745254,0.8905277010874022,16,1.0
combined-no-decay,fp32,1,4,k,2,12.923457196388668,0.9110635829192197,0.8483426702014426,16,0.9998353123664856
combined-no-decay,fp32,1,4,k,3,13.04471872564522,1.2494159630153616,-0.011059626523850292,16,0.986549973487854
combined-no-decay,fp32,1,4,k,4,26.209927925479846,0.9058110924801988,0.4082410567409446,16,0.9999997615814209
combined-no-decay,fp32,1,4,k,5,7.5903386169392375,0.620535524556658,0.06163088894486599,16,0.6992302536964417
combined-no-decay,fp32,1,4,k,6,29.57023056415551,0.8494241825814227,0.6149416144124975,16,1.0
combined-no-decay,fp32,1,4,k,7,0.5540740292099884,0.028188479728705803,0.07348875709693567,16,0.1261320412158966
combined-no-decay,fp32,1,4,v,0,19.70400643455571,0.977745156332172,0.5038228796589986,16,0.9987266063690186
combined-no-decay,fp32,1,4,v,1,16.28701570086666,0.962380606054547,0.40192637503102757,16,1.0
combined-no-decay,fp32,1,4,v,2,24.45256602562578,0.9968264064378911,0.3246381831446862,16,0.9998353123664856
combined-no-decay,fp32,1,4,v,3,8.230826071587895,1.0841473743584635,-0.16763104327806283,16,0.986549973487854
combined-no-decay,fp32,1,4,v,4,24.072132458418615,0.9941796148542101,0.7158590971920673,16,0.9999997615814209
combined-no-decay,fp32,1,4,v,5,6.955943601526356,0.6411318092215869,0.02301268437185746,16,0.6992302536964417
combined-no-decay,fp32,1,4,v,6,28.439470283671966,0.9876709625301412,0.6512335236799647,16,1.0
combined-no-decay,fp32,1,4,v,7,0.45205799529919377,0.029563968975762075,0.3433617836341934,16,0.1261320412158966
combined-no-decay,fp32,0,5,k,0,0.3845908899803346,0.033948142804775726,0.08489841135964087,16,0.2752419114112854
combined-no-decay,fp32,0,5,k,1,5.654778852844093,0.22857277801029757,0.18607174944635124,16,0.4627378284931183
combined-no-decay,fp32,0,5,k,2,0.22498297927715805,0.008466564955535714,0.19618331168274034,16,0.2576559782028198
combined-no-decay,fp32,0,5,k,3,4.02478993463836,0.14113724305316167,0.5050333668168737,16,0.14547717571258545
combined-no-decay,fp32,0,5,k,4,0.6024931162322363,0.03746521412874933,-0.17309264868980492,16,0.42885714769363403
combined-no-decay,fp32,0,5,k,5,0.3178222643225629,0.046941204451842286,-0.004327880894147797,16,0.2802876830101013
combined-no-decay,fp32,0,5,k,6,0.46439026459430016,0.02567894666361781,0.18711497855725448,16,0.09116984903812408
combined-no-decay,fp32,0,5,k,7,0.3565025991325381,0.015964486883458712,0.056847047446596105,16,0.29160064458847046
combined-no-decay,fp32,0,5,v,0,0.7543853815462621,0.03943601890220723,0.19984246245682288,16,0.2752419114112854
combined-no-decay,fp32,0,5,v,1,4.964364261577963,0.21548351420001066,0.06772422969436814,16,0.4627378284931183
combined-no-decay,fp32,0,5,v,2,0.11390739787765225,0.008318823911234558,-0.10168043398093676,16,0.2576559782028198
combined-no-decay,fp32,0,5,v,3,2.9267940511608517,0.15448448610042054,0.4854906996819283,16,0.14547717571258545
combined-no-decay,fp32,0,5,v,4,1.112693354066291,0.06279674215814056,-0.542216635008975,16,0.42885714769363403
combined-no-decay,fp32,0,5,v,5,0.5744988525871921,0.041970977666688836,0.057687697283450884,16,0.2802876830101013
combined-no-decay,fp32,0,5,v,6,0.5688357492720906,0.04748283878573635,0.3872949106095961,16,0.09116984903812408
combined-no-decay,fp32,0,5,v,7,0.7041218447469635,0.031276742424775246,0.18835560148516844,16,0.29160064458847046
combined-no-decay,fp32,1,5,k,0,14.772052588046398,0.8943190574624156,0.8477299533179041,16,0.9990395307540894
combined-no-decay,fp32,1,5,k,1,14.36118511710813,0.8789959617572038,0.8850005861790029,16,1.0
combined-no-decay,fp32,1,5,k,2,12.77814095637144,0.9008081814939588,0.8610396207059968,16,0.9983916878700256
combined-no-decay,fp32,1,5,k,3,11.764014236399444,1.126555614121751,0.08109122351106172,16,0.8597226142883301
combined-no-decay,fp32,1,5,k,4,25.797698327925012,0.8914674957891944,0.40080990471151734,16,0.9999076128005981
combined-no-decay,fp32,1,5,k,5,2.5863640331836253,0.21783623549634556,0.04749426646187963,16,0.3149832487106323
combined-no-decay,fp32,1,5,k,6,28.105991560122114,0.8055088574817248,0.5609871171405607,16,1.0
combined-no-decay,fp32,1,5,k,7,0.20864831862830605,0.010650991115122015,0.10269317237889691,16,0.25670772790908813
combined-no-decay,fp32,1,5,v,0,19.69394909486016,0.9773329013792443,0.5048312607690563,16,0.9990395307540894
combined-no-decay,fp32,1,5,v,1,16.286112977338192,0.962280486917371,0.4047662254272454,16,1.0
combined-no-decay,fp32,1,5,v,2,24.411593928036766,0.995209972455299,0.325158604271327,16,0.9983916878700256
combined-no-decay,fp32,1,5,v,3,7.592608486279932,0.999999803199333,-0.14817521126223904,16,0.8597226142883301
combined-no-decay,fp32,1,5,v,4,24.057423262058546,0.993544896569291,0.7128509416658608,16,0.9999076128005981
combined-no-decay,fp32,1,5,v,5,2.4099596334506654,0.22248178911741506,0.015560991487410414,16,0.3149832487106323
combined-no-decay,fp32,1,5,v,6,28.454504126670177,0.9887355135625915,0.6586001647054724,16,1.0
combined-no-decay,fp32,1,5,v,7,0.17995555199096358,0.01175694244363265,0.1528781987832439,16,0.25670772790908813
combined-no-decay,fp32,0,6,k,0,0.16028741573513355,0.012986089157288036,0.07002686445613404,16,0.26302894949913025
combined-no-decay,fp32,0,6,k,1,3.0479707768168245,0.1146240832507937,0.26119381981987433,16,0.30315250158309937
combined-no-decay,fp32,0,6,k,2,0.07375622948744603,0.002744422276027409,0.20150591244652433,16,0.26866912841796875
combined-no-decay,fp32,0,6,k,3,2.0086572382683965,0.07280123734975817,0.8641896759350116,16,0.16595493257045746
combined-no-decay,fp32,0,6,k,4,0.1415708278217907,0.00880338917711912,-0.10324021413601824,16,0.22144922614097595
combined-no-decay,fp32,0,6,k,5,0.08248283285533722,0.012104003440656829,-0.03158658855815526,16,0.2499660849571228
combined-no-decay,fp32,0,6,k,6,0.12127302054737397,0.006615082286857137,0.15611500871668293,16,0.2613687515258789
combined-no-decay,fp32,0,6,k,7,0.09305556622843254,0.004182885981178904,-0.018386566391365027,16,0.23020398616790771
combined-no-decay,fp32,0,6,v,0,0.3163435118813278,0.01539444787875751,0.1355954553105529,16,0.26302894949913025
combined-no-decay,fp32,0,6,v,1,2.7761596967552054,0.10883449629116435,0.08983497682952858,16,0.30315250158309937
combined-no-decay,fp32,0,6,v,2,0.03770916725319992,0.0027382117645033837,-0.10685018215488983,16,0.26866912841796875
combined-no-decay,fp32,0,6,v,3,1.4291338618593241,0.08045254657137203,0.8005611713839091,16,0.16595493257045746
combined-no-decay,fp32,0,6,v,4,0.3041692342643304,0.017166308135779705,-0.6379071573788426,16,0.22144922614097595
combined-no-decay,fp32,0,6,v,5,0.14850424560883774,0.01076814073004441,0.03692318603437791,16,0.2499660849571228
combined-no-decay,fp32,0,6,v,6,0.14945949629723265,0.012168444848406141,0.0887786693863637,16,0.2613687515258789
combined-no-decay,fp32,0,6,v,7,0.25433887037980185,0.01156257037300464,-0.295574829666791,16,0.23020398616790771
combined-no-decay,fp32,1,6,k,0,14.442538217691546,0.8743292827278264,0.8408068744935588,16,0.9986294507980347
combined-no-decay,fp32,1,6,k,1,14.077587131378348,0.8616557091105095,0.8825584967318321,16,1.0
combined-no-decay,fp32,1,6,k,2,12.522222623902746,0.8827172850544567,0.8604032614762978,16,0.9973920583724976
combined-no-decay,fp32,1,6,k,3,10.254144808029944,0.9818063635781462,0.16580725645634167,16,0.8446545600891113
combined-no-decay,fp32,1,6,k,4,25.736879917325926,0.8893752360471843,0.39366210826091974,16,0.9997730255126953
combined-no-decay,fp32,1,6,k,5,2.0600768824430076,0.17057468180436158,0.0928446727038358,16,0.4625997841358185
combined-no-decay,fp32,1,6,k,6,26.92980792994569,0.769896891763691,0.5192865322390587,16,1.0
combined-no-decay,fp32,1,6,k,7,0.057626248877992364,0.002944679557655516,0.1453129511710985,16,0.24970348179340363
combined-no-decay,fp32,1,6,v,0,19.681303459115657,0.9768590783846026,0.5070993492519598,16,0.9986294507980347
combined-no-decay,fp32,1,6,v,1,16.247365793573344,0.9598916929857337,0.3989120622042221,16,1.0
combined-no-decay,fp32,1,6,v,2,24.355584901772662,0.9928356716273121,0.3254343683399159,16,0.9973920583724976
combined-no-decay,fp32,1,6,v,3,6.560345129235635,0.8639839457572701,-0.025118960364923858,16,0.8446545600891113
combined-no-decay,fp32,1,6,v,4,24.017196321084434,0.9919200160585775,0.713720449019325,16,0.9997730255126953
combined-no-decay,fp32,1,6,v,5,1.920998980226004,0.1741165549354458,0.08859274151454899,16,0.4625997841358185
combined-no-decay,fp32,1,6,v,6,28.5157105224363,0.9910119496535982,0.6595058471381203,16,1.0
combined-no-decay,fp32,1,6,v,7,0.04903742630820918,0.0032029004918179512,0.1911054695661622,16,0.24970348179340363
combined-no-decay,fp32,0,7,k,0,0.046878766571819254,0.0037359348862378654,0.024001112354668896,16,0.2537898123264313
combined-no-decay,fp32,0,7,k,1,1.9572757085283405,0.07148506863005699,0.2852168187811243,16,0.3092312216758728
combined-no-decay,fp32,0,7,k,2,0.01869429640340454,0.0007004224654038964,0.20436521206460442,16,0.24605494737625122
combined-no-decay,fp32,0,7,k,3,0.7419242303477245,0.028967922535872874,0.8882435886071165,16,0.18684427440166473
combined-no-decay,fp32,0,7,k,4,0.04225547575230816,0.002627599228141495,0.03312495702359049,16,0.23112058639526367
combined-no-decay,fp32,0,7,k,5,0.02046135404938043,0.0030450916410243297,-0.03758176129678743,16,0.25027942657470703
combined-no-decay,fp32,0,7,k,6,0.03017807999298515,0.0016494070781954708,0.09868573452843392,16,0.25316137075424194
combined-no-decay,fp32,0,7,k,7,0.02314532418168748,0.0010401381224398223,-0.08207184159872154,16,0.2494119107723236
combined-no-decay,fp32,0,7,v,0,0.09557333257417022,0.004605453397557906,0.04769165726414729,16,0.2537898123264313
combined-no-decay,fp32,0,7,v,1,1.7966710248171598,0.0676502304926365,0.14166478901593987,16,0.3092312216758728
combined-no-decay,fp32,0,7,v,2,0.009063315133755726,0.0006560549952996006,-0.11932454967213718,16,0.24605494737625122
combined-no-decay,fp32,0,7,v,3,0.5433463452634588,0.034929482407775124,0.8392968897164039,16,0.18684427440166473
combined-no-decay,fp32,0,7,v,4,0.1006621899995541,0.0056810419217254,0.08230768512746442,16,0.23112058639526367
combined-no-decay,fp32,0,7,v,5,0.03659684315574978,0.002668516139857131,0.03798267296173969,16,0.25027942657470703
combined-no-decay,fp32,0,7,v,6,0.03874072520393321,0.00327421488531601,0.06285911159658067,16,0.25316137075424194
combined-no-decay,fp32,0,7,v,7,0.0625470560704065,0.00282967753422056,-0.2211334961840241,16,0.2494119107723236
combined-no-decay,fp32,1,7,k,0,14.034559506187335,0.8495858022389621,0.8350313401918864,16,0.9923998713493347
combined-no-decay,fp32,1,7,k,1,13.761805664427538,0.8422877257894699,0.8782854950240471,16,1.0
combined-no-decay,fp32,1,7,k,2,12.168994008851712,0.857760073831843,0.859482698181233,16,0.9801080226898193
combined-no-decay,fp32,1,7,k,3,1.0366541414346073,0.09928484258893369,-0.14619312087679992,16,0.049368955194950104
combined-no-decay,fp32,1,7,k,4,25.47359998551575,0.8802494792014521,0.3921372744186837,16,0.9999996423721313
combined-no-decay,fp32,1,7,k,5,0.5546099364765871,0.04408146385609486,0.07184531095030151,16,0.2358047366142273
combined-no-decay,fp32,1,7,k,6,23.700284020081106,0.6896384184005199,0.5044053884323046,16,0.8986362218856812
combined-no-decay,fp32,1,7,k,7,0.014530926812833566,0.0007425806467157351,0.14318463330612385,16,0.25072234869003296
combined-no-decay,fp32,1,7,v,0,19.53463923258563,0.9695910403985035,0.5075823841337714,16,0.9923998713493347
combined-no-decay,fp32,1,7,v,1,16.23421083630912,0.9591792096944632,0.396628050609397,16,1.0
combined-no-decay,fp32,1,7,v,2,23.880258040831094,0.9734388515553005,0.32627228040432604,16,0.9801080226898193
combined-no-decay,fp32,1,7,v,3,0.724804883588391,0.09547242822616411,-0.24010368346633373,16,0.049368955194950104
combined-no-decay,fp32,1,7,v,4,24.00959385104463,0.9916263252298482,0.7139439186517549,16,0.9999996423721313
combined-no-decay,fp32,1,7,v,5,0.5078033295873214,0.0444583306071663,0.07444787687881343,16,0.2358047366142273
combined-no-decay,fp32,1,7,v,6,25.424405247896114,0.891001450984269,0.6603901538145529,16,0.8986362218856812
combined-no-decay,fp32,1,7,v,7,0.012308589767232973,0.0008039548526450207,0.17813641721853696,16,0.25072234869003296
combined-no-decay,fp32,0,8,k,0,0.012273260023228462,0.0009740198743751686,0.005682688220056296,16,0.25097769498825073
combined-no-decay,fp32,0,8,k,1,1.2861013918879107,0.04634992266486612,0.3269621345498118,16,0.30328768491744995
combined-no-decay,fp32,0,8,k,2,0.004807560834698001,0.00017935482259999618,0.14676734682953213,16,0.2512389123439789
combined-no-decay,fp32,0,8,k,3,0.49602645761900205,0.0188362274224018,0.900298315407136,16,0.2490578293800354
combined-no-decay,fp32,0,8,k,4,0.011476012131699753,0.0007136201896330736,-0.2423358890278111,16,0.2522255778312683
combined-no-decay,fp32,0,8,k,5,0.005163569499524784,0.0007677830302025451,-0.06569504101772897,16,0.2493109405040741
combined-no-decay,fp32,0,8,k,6,0.007582556505651553,0.0004175521365922566,0.10115592544480873,16,0.24934162199497223
combined-no-decay,fp32,0,8,k,7,0.005919328756005114,0.0002663201274695896,-0.09043220422408138,16,0.25110065937042236
combined-no-decay,fp32,0,8,v,0,0.02541345978935022,0.0012226029950429028,-0.0213065257160937,16,0.25097769498825073
combined-no-decay,fp32,0,8,v,1,1.174660747849504,0.043491218423046304,0.1390362063864048,16,0.30328768491744995
combined-no-decay,fp32,0,8,v,2,0.0023020058983111687,0.00016645128632795616,-0.11949963601056546,16,0.2512389123439789
combined-no-decay,fp32,0,8,v,3,0.3712489450894746,0.022719826828378684,0.8632262445742771,16,0.2490578293800354
combined-no-decay,fp32,0,8,v,4,0.02843644447292734,0.001604859114988947,-0.2739849912166074,16,0.2522255778312683
combined-no-decay,fp32,0,8,v,5,0.008983116088114498,0.0006574840873095678,0.03752336392106777,16,0.2493109405040741
combined-no-decay,fp32,0,8,v,6,0.009704924862119813,0.0008332446210582529,-0.015572645885768354,16,0.24934162199497223
combined-no-decay,fp32,0,8,v,7,0.01749803771999605,0.0007921806379739271,-0.1318800849098986,16,0.25110065937042236
combined-no-decay,fp32,1,8,k,0,13.639196574962709,0.8256346039922441,0.8258612176449633,16,0.9990784525871277
combined-no-decay,fp32,1,8,k,1,13.410961955967514,0.8208202168922103,0.8739680023910888,16,0.9999997615814209
combined-no-decay,fp32,1,8,k,2,11.960366139667222,0.8430041751594042,0.856419072266795,16,0.9920104742050171
combined-no-decay,fp32,1,8,k,3,0.27398931397855286,0.026246992269795787,-0.27028057976912845,16,0.2584575414657593
combined-no-decay,fp32,1,8,k,4,25.497922222386094,0.8811342293869371,0.3852318346986612,16,0.9998582601547241
combined-no-decay,fp32,1,8,k,5,0.3518498759146113,0.026574873663934673,0.02106925842044341,16,0.3102397322654724
combined-no-decay,fp32,1,8,k,6,23.316260812926295,0.6769805842024723,0.4953287188490807,16,1.0
combined-no-decay,fp32,1,8,k,7,0.0036506776811507224,0.00018657118265560363,0.14352564035085574,16,0.2507026791572571
combined-no-decay,fp32,1,8,v,0,19.48887688679599,0.9673964083529143,0.50770619729882,16,0.9990784525871277
combined-no-decay,fp32,1,8,v,1,16.223394779891272,0.9585736047326688,0.39586702929716594,16,0.9999997615814209
combined-no-decay,fp32,1,8,v,2,23.695843674310225,0.9658568215231076,0.32663570276982823,16,0.9920104742050171
combined-no-decay,fp32,1,8,v,3,0.1905507343174981,0.025102435756724075,-0.2686094948045294,16,0.2584575414657593
combined-no-decay,fp32,1,8,v,4,24.01573380499533,0.9918662462029446,0.7139271771099229,16,0.9998582601547241
combined-no-decay,fp32,1,8,v,5,0.34083227295588625,0.02862910908017128,0.05595652163453199,16,0.3102397322654724
combined-no-decay,fp32,1,8,v,6,25.496650988840365,0.8933346403926674,0.6612279678670769,16,1.0
combined-no-decay,fp32,1,8,v,7,0.003105571957070382,0.00020284671842910873,0.1839823525793518,16,0.2507026791572571
