mode,precision,layer,depth,head,query_cosine_d5,memory_raw_logit,memory_effective_logit,memory_vs_max_other,memory_attention_weight,fixed_d5_query_content_logit,fixed_d5_query_memory_minus_blank_logit
phase2,bf16,0,2,0,1.0,-3.4989635944366455,-6.272265434265137,-8.60224723815918,0.0014580058632418513,-3.499118372623343,0.0847609527525492
phase2,bf16,0,2,1,1.0,-4.1494140625,-6.917382717132568,-9.753931045532227,0.0001400136825395748,-4.151632092113869,0.24701785821162048
phase2,bf16,0,2,2,1.0,6.412426948547363,3.6399598121643066,2.4719791412353516,0.6534909009933472,6.412039068376179,-3.9678342476137916
phase2,bf16,0,2,3,1.0,-49.025001525878906,-51.82500076293945,-131.5597686767578,1.2555634240350361e-42,-48.97935951203108,0.0
phase2,bf16,0,2,4,1.0,-5.2471923828125,-8.013476371765137,-21.56085777282715,1.5467396963231295e-07,-5.245680366900342,-3.207412227593886
phase2,bf16,0,2,5,1.0,30.521875381469727,27.770313262939453,32.320213317871094,0.9999328851699829,30.50774943381548,-7.9617287293076515
phase2,bf16,0,2,6,1.0,-1.23638117313385,-4.007372856140137,-5.076638221740723,0.014298749156296253,-1.2365783611711323,-2.30883442193649
phase2,bf16,0,2,7,1.0,-5.880663871765137,-8.6494140625,-16.599201202392578,1.7376454479745007e-06,-5.880657929746667,1.2759795138554182
phase2,bf16,1,2,0,0.9995811108240045,102.5400390625,99.601318359375,-416.586181640625,0.0,104.43515649847686,-30.419690265692772
phase2,bf16,1,2,1,0.9996235957690928,47.84257888793945,45.050392150878906,91.72123718261719,1.0,47.67689645779319,63.30372902834788
phase2,bf16,1,2,2,0.9982769531858111,45.09687423706055,42.270652770996094,57.628753662109375,0.9207745790481567,44.76256520479219,60.36301097270916
phase2,bf16,1,2,3,0.9996541561380724,72.90937805175781,69.9984359741211,90.60204315185547,1.0,73.57717112397367,69.91780957229203
phase2,bf16,1,2,4,0.9998240493516292,-352.9125061035156,-355.0249938964844,-550.93310546875,5.286266873374665e-25,-359.039949169755,47.27600877471268
phase2,bf16,1,2,5,0.9993308318353682,68.20703125,65.3492202758789,61.53692626953125,0.7770649194717407,69.0793346986,105.96175347176032
phase2,bf16,1,2,6,0.999244393755238,37.712501525878906,34.962501525878906,87.88658142089844,1.0,37.319842423834054,51.549022837306985
phase2,bf16,1,2,7,0.999776120087188,-223.13125610351562,-225.8312530517578,-301.82342529296875,0.0,-221.4171699691564,-12.787161426618695
phase2,bf16,0,3,0,1.0,-3.5611228942871094,-7.728320121765137,-10.05830192565918,0.000371330592315644,-3.5613396143438876,0.022539711032004563
phase2,bf16,0,3,1,1.0,-4.339062690734863,-8.504687309265137,-11.34123420715332,2.9162954888306558e-05,-4.3378466062597,0.06080334406578913
phase2,bf16,0,3,2,1.0,7.117333889007568,2.959362745285034,1.7913821935653687,0.632119357585907,7.1171142514795065,-3.2627590645104645
phase2,bf16,0,3,3,1.0,-49.025001525878906,-53.224998474121094,-132.9597625732422,2.802596928649634e-43,-48.97935951203108,0.0
phase2,bf16,0,3,4,1.0,-5.215502738952637,-9.386816024780273,-22.9341983795166,3.8989085737739515e-08,-5.214075665856944,-3.1758075265504884
phase2,bf16,0,3,5,1.0,38.493751525878906,34.296875,38.846778869628906,0.9999986886978149,38.48293249681592,0.013454333692789078
phase2,bf16,0,3,6,1.0,-1.033668875694275,-5.195116996765137,-6.264382362365723,0.004948596470057964,-1.0335410967985807,-2.1057971575639387
phase2,bf16,0,3,7,1.0,-7.124413967132568,-11.302343368530273,-19.25213050842285,1.7547770880810276e-07,-7.124201138471108,0.032436305130977415
phase2,bf16,1,3,0,0.9999460794187718,132.56094360351562,128.5390625,-384.5234375,0.0,133.5564888948109,-13.702200047159568
phase2,bf16,1,3,1,0.9999442083689634,47.822265625,43.64336013793945,89.53067779541016,1.0,47.67689645779319,60.46222757014912
phase2,bf16,1,3,2,0.9998439303414184,44.644142150878906,40.533172607421875,54.264991760253906,0.9230436086654663,44.76256520479219,60.36301097270916
phase2,bf16,1,3,3,0.9999517284233075,73.6546859741211,69.56327819824219,89.97151184082031,1.0,73.57717112397367,70.43876075533626
phase2,bf16,1,3,4,0.9999685708545009,-414.0375061035156,-418.04998779296875,-615.9864501953125,0.0,-414.80066390298305,-5.87520122230053
phase2,bf16,1,3,5,0.9998118049379073,69.078125,64.94999694824219,58.071678161621094,0.7583317756652832,69.0793346986,105.96442260533222
phase2,bf16,1,3,6,0.9999128669381857,37.25390625,33.064842224121094,85.9588851928711,1.0,37.319842423834054,51.206874647280344
phase2,bf16,1,3,7,0.9999585897104979,-207.4499969482422,-211.4499969482422,-271.2015686035156,0.0,-206.84009097069503,1.6077995099127294
phase2,bf16,0,4,0,1.0,-3.577864170074463,-9.119726181030273,-11.449708938598633,9.440458961762488e-05,-3.578716365044238,0.005162960331654176
phase2,bf16,0,4,1,1.0,-4.375195503234863,-9.914843559265137,-12.75139045715332,7.128399829525733e-06,-4.378678946982836,0.019971003342652692
phase2,bf16,0,4,2,1.0,7.379809379577637,1.834808349609375,0.6668277978897095,0.5937590599060059,7.380846950486012,-2.9990263655039597
phase2,bf16,0,4,3,1.0,-49.025001525878906,-54.525001525878906,-134.259765625,7.987401246651457e-44,-48.97935951203108,0.0
phase2,bf16,0,4,4,1.0,-5.18994140625,-10.735937118530273,-24.2833194732666,9.957512148162095e-09,-5.188947408537206,-3.15067926923075
phase2,bf16,0,4,5,1.0,38.493751525878906,32.978126525878906,37.52802658081055,0.9999944567680359,38.46947816312313,0.0
phase2,bf16,0,4,6,1.0,-0.8813788294792175,-6.42578125,-7.495046138763428,0.001590732834301889,-0.8812669905806615,-1.9535230513460191
phase2,bf16,0,4,7,1.0,-7.149804592132568,-12.696484565734863,-20.646270751953125,4.404893871878812e-08,-7.152508930303156,0.004128513298928738
phase2,bf16,1,4,0,0.9999827047032479,133.38906860351562,127.6234359741211,-386.0765686035156,0.0,134.06018085177055,-12.660611999453977
phase2,bf16,1,4,1,0.9999837506024349,47.759765625,42.256248474121094,88.26309967041016,1.0,47.67689645779319,60.44925428188871
phase2,bf16,1,4,2,0.9999647310458386,44.66728591918945,39.131935119628906,52.755157470703125,0.9202749133110046,44.76256520479219,60.36301097270916
phase2,bf16,1,4,3,0.999983231038037,73.59843444824219,68.09843444824219,88.52776336669922,1.0,73.57717112397367,70.74487973180658
phase2,bf16,1,4,4,0.9999901442062924,-414.7124938964844,-420.54998779296875,-619.6336669921875,0.0,-415.31347926836463,-5.244092864356935
phase2,bf16,1,4,5,0.9999339321489515,69.0484390258789,63.5390625,56.282493591308594,0.7350490093231201,69.0793346986,105.9731694144255
phase2,bf16,1,4,6,0.9999710443726342,37.29218673706055,31.791797637939453,84.81346130371094,1.0,37.319842423834054,51.0943117128867
phase2,bf16,1,4,7,0.999986427902391,-207.3937530517578,-213.3937530517578,-272.7984313964844,0.0,-207.0150020159781,0.1754359520971775
phase2,bf16,0,5,0,1.0,-3.5863099098205566,-10.512890815734863,-12.842874526977539,2.339502316317521e-05,-3.5855931364261777,-0.0017138110502855851
phase2,bf16,0,5,1,1.0,-4.393750190734863,-11.318750381469727,-14.155298233032227,1.76224421011284e-06,-4.396038827928715,0.00261112239677459
phase2,bf16,0,5,2,1.0,7.480688571929932,0.54791259765625,-0.6200679540634155,0.5296601057052612,7.483192520908778,-2.896680795081193
phase2,bf16,0,5,3,1.0,-49.025001525878906,-56.025001525878906,-135.759765625,1.8216880036222622e-44,-48.97935951203108,0.0
phase2,bf16,0,5,4,1.0,-5.168798923492432,-12.0947265625,-25.642108917236328,2.5386486246503637e-09,-5.167277613291662,-3.1290094739852066
phase2,bf16,0,5,5,1.0,38.493751525878906,31.549999237060547,36.09990310668945,0.9999772906303406,38.46947816312313,0.0
phase2,bf16,0,5,6,1.0,-0.7813434600830078,-7.713476657867432,-8.78274154663086,0.0004957959754392505,-0.7812723387166443,-1.853528399482002
phase2,bf16,0,5,7,1.0,-7.157422065734863,-14.082422256469727,-22.032207489013672,1.0892167168208289e-08,-7.157480669347569,-0.0008432257454842329
phase2,bf16,1,5,0,1.0,134.0031280517578,127.00312805175781,-387.3968811035156,0.0,133.9905380160082,-13.145081388624385
phase2,bf16,1,5,1,1.0,47.68242263793945,40.7265625,86.85992431640625,1.0,47.67689645779319,60.45808574564289
phase2,bf16,1,5,2,1.0,44.76728439331055,37.82915115356445,51.13457489013672,0.9172409772872925,44.76256520479219,60.36301097270916
phase2,bf16,1,5,3,1.0,73.57344055175781,66.57421875,86.97380065917969,1.0,73.57717112397367,70.8706932905654
phase2,bf16,1,5,4,1.0,-415.25,-421.3999938964844,-622.4251708984375,0.0,-415.2429720243439,-3.186887958459556
phase2,bf16,1,5,5,1.0,69.07734680175781,62.091407775878906,54.105804443359375,0.7085179090499878,69.0793346986,105.97304230227601
phase2,bf16,1,5,6,1.0,37.32500076293945,30.396875381469727,83.59741973876953,1.0,37.319842423834054,51.04810341296034
phase2,bf16,1,5,7,1.0,-207.0812530517578,-213.86874389648438,-273.0218811035156,0.0,-207.11437816098334,-0.7409524023532867
phase2,bf16,0,6,0,1.0,-3.5875306129455566,-11.912500381469727,-14.242483139038086,5.762482032878324e-06,-3.58404628012795,-0.00016695475205779075
phase2,bf16,0,6,1,1.0,-4.393750190734863,-12.71875,-15.5552978515625,4.2854807702497055e-07,-4.39790229377104,0.0007476565544493497
phase2,bf16,0,6,2,1.0,7.517602443695068,-0.7985168695449829,-1.9664974212646484,0.43537768721580505,7.51812909640139,-2.8617442195885814
phase2,bf16,0,6,3,1.0,-49.025001525878906,-57.32500076293945,-137.0597686767578,5.605193857299268e-45,-48.97935951203108,0.0
phase2,bf16,0,6,4,1.0,-5.145361423492432,-13.474804878234863,-27.022186279296875,6.43888609097587e-10,-5.144042566768621,-3.1057744274621655
phase2,bf16,0,6,5,1.0,38.493751525878906,30.1875,34.737403869628906,0.9999101758003235,38.46947816312313,0.0
phase2,bf16,0,6,6,1.0,-0.7262040376663208,-9.043749809265137,-10.113015174865723,0.00014130782801657915,-0.7263501636382899,-1.7986062244036476
phase2,bf16,0,6,7,1.0,-7.157031059265137,-15.489062309265137,-23.4388484954834,2.7076241249091026e-09,-7.156879620533436,-0.00024217693135142326
phase2,bf16,1,6,0,0.9999737765865161,134.8828125,126.671875,-389.25311279296875,0.0,133.92308045257815,-12.699662555148825
phase2,bf16,1,6,1,0.9999749906824341,47.581642150878906,39.263282775878906,85.61289978027344,1.0,47.67689645779319,60.448542094882576
phase2,bf16,1,6,2,0.9999410714560678,44.941162109375,36.580223083496094,49.326446533203125,0.9105281829833984,44.76256520479219,60.36301097270916
phase2,bf16,1,6,3,0.9999740147318061,73.5609359741211,65.17655944824219,85.5428466796875,1.0,73.57717112397367,70.90659120460623
phase2,bf16,1,6,4,0.9999864518032151,-415.75,-423.75,-628.1364135742188,0.0,-414.95281440280377,-2.7302737716585397
phase2,bf16,1,6,5,0.9999007498060724,69.2320327758789,60.871482849121094,51.6263313293457,0.6856401562690735,69.0793346986,105.96494964085869
phase2,bf16,1,6,6,0.9999578168356761,37.368751525878906,29.041406631469727,82.59537506103516,1.0,37.319842423834054,51.04621266379909
phase2,bf16,1,6,7,0.9999812972103385,-206.6999969482422,-214.71875,-273.9203186035156,0.0,-207.15361295863985,-1.9847416877746582
phase2,bf16,0,7,0,1.0,-3.587432861328125,-13.287500381469727,-15.617483139038086,1.4558214616045007e-06,-3.5838471497176214,3.2175658270716666e-05
phase2,bf16,0,7,1,1.0,-4.393750190734863,-14.100000381469727,-16.936546325683594,1.0834268948656245e-07,-4.398574995272793,7.495505269616842e-05
phase2,bf16,0,7,2,1.0,7.530102729797363,-2.1764159202575684,-3.3443965911865234,0.3266402781009674,7.5314206084120086,-2.8484527075779624
phase2,bf16,0,7,3,1.0,-49.025001525878906,-58.724998474121094,-138.4597625732422,1.401298464324817e-45,-48.97935951203108,0.0
phase2,bf16,0,7,4,1.0,-5.1240234375,-14.833203315734863,-28.380584716796875,1.6358392418425183e-10,-5.122692357201595,-3.084424217895139
phase2,bf16,0,7,5,1.0,38.493751525878906,28.760936737060547,33.31084060668945,0.9996404647827148,38.46947816312313,0.0
phase2,bf16,0,7,6,1.0,-0.6928974390029907,-10.400390625,-11.469655990600586,3.735600694199093e-05,-0.6929076058953797,-1.7651636666607373
phase2,bf16,0,7,7,1.0,-7.15625,-16.868749618530273,-24.81853675842285,6.845719546788587e-10,-7.156657746294513,-2.0302692428231238e-05
phase2,bf16,1,7,0,0.9998807219760408,136.1906280517578,126.40156555175781,-392.66094970703125,0.0,134.08645561011508,-12.556634330470114
phase2,bf16,1,7,1,0.9998930578203392,47.478515625,37.75214767456055,84.33891296386719,1.0,47.67689645779319,60.438379417080434
phase2,bf16,1,7,2,0.9996923520566365,45.1455078125,35.46699142456055,47.442569732666016,0.9050508737564087,44.76256520479219,60.36301097270916
phase2,bf16,1,7,3,0.9998846620457676,73.53125,63.90156173706055,84.1385269165039,1.0,73.57717112397367,70.91532405794715
phase2,bf16,1,7,4,0.9999439442494807,-416.17498779296875,-426.01251220703125,-634.5184326171875,0.0,-414.5385965777561,-2.3158614179119468
phase2,bf16,1,7,5,0.9996019627521132,69.3578109741211,59.700782775878906,48.82935333251953,0.6724864840507507,69.0793346986,106.20481152322608
phase2,bf16,1,7,6,0.9998179547449692,37.4296875,27.685937881469727,81.74213409423828,1.0,37.319842423834054,51.044234591793064
phase2,bf16,1,7,7,0.9999234537884831,-206.4562530517578,-216.44375610351562,-275.7124938964844,0.0,-207.56876999959348,-2.8365970008075236
phase2,bf16,0,8,0,1.0,-3.5876235961914062,-14.668749809265137,-16.998733520507812,3.680816007545218e-07,-3.583878609747626,7.156282663345337e-07
phase2,bf16,0,8,1,1.0,-4.393750190734863,-15.481249809265137,-18.31779670715332,2.7355605780599035e-08,-4.3986396176042035,1.0332721285521983e-05
phase2,bf16,0,8,2,1.0,7.537133693695068,-3.5560240745544434,-4.724004745483398,0.22319357097148895,7.539592597295996,-2.8402807186939754
phase2,bf16,0,8,3,1.0,-49.025001525878906,-60.025001525878906,-139.759765625,0.0,-48.97935951203108,0.0
phase2,bf16,0,8,4,1.0,-5.110205173492432,-16.198436737060547,-29.745819091796875,4.177811568917278e-11,-5.10876891464577,-3.0705007753393145
phase2,bf16,0,8,5,1.0,38.493751525878906,27.431543350219727,31.9814453125,0.9985736608505249,38.46947816312313,0.0
phase2,bf16,0,8,6,1.0,-0.6694523096084595,-11.756250381469727,-12.825515747070312,9.882299309538212e-06,-0.6694777189742297,-1.7417337797395873
phase2,bf16,0,8,7,1.0,-7.15625,-18.237499237060547,-26.187286376953125,1.7603238311458824e-10,-7.156638958025724,-1.5144236385822295e-06
phase2,bf16,1,8,0,0.9997161723786672,137.9968719482422,126.99687194824219,-395.62811279296875,0.0,134.64844630274456,-12.033090636436828
phase2,bf16,1,8,1,0.9997522135997823,47.36601638793945,36.315818786621094,83.08537292480469,1.0,47.67689645779319,60.43846530755982
phase2,bf16,1,8,2,0.9992020440192718,45.33378982543945,34.27192306518555,45.42376708984375,0.900042712688446,44.76256520479219,60.36301097270916
phase2,bf16,1,8,3,0.9997419272809969,73.5078125,62.50390625,82.6707992553711,1.0,73.57717112397367,70.91643629365717
phase2,bf16,1,8,4,0.9998736568826685,-416.70001220703125,-428.67498779296875,-640.5685424804688,0.0,-414.2333427319303,-2.010413043387234
phase2,bf16,1,8,5,0.9991763094477981,69.4945297241211,58.47539138793945,46.20528030395508,0.6497732996940613,69.0793346986,106.41687244138447
phase2,bf16,1,8,6,0.9995939648111453,37.5234375,26.436717987060547,81.06553649902344,1.0,37.319842423834054,51.0440832417029
phase2,bf16,1,8,7,0.9998280107940026,-206.4812469482422,-217.71249389648438,-277.1187438964844,0.0,-208.37136208564044,-3.632941834628582
phase2,fp32,0,2,0,1.0,-3.4962966442108154,-6.268885135650635,-8.600114822387695,0.0014507423620671034,-3.4962965387903155,0.07698333311772862
phase2,fp32,0,2,1,1.0,-4.146771430969238,-6.919360160827637,-9.755373001098633,0.00014053205086383969,-4.146771185490247,0.25631810653044323
phase2,fp32,0,2,2,1.0,6.41869592666626,3.6461071968078613,2.4834580421447754,0.6535555720329285,6.4186959468712645,-3.9596204476923313
phase2,fp32,0,2,3,1.0,-49.056358337402344,-51.828956604003906,-131.6291961669922,1.3340361380372259e-42,-49.05636162994806,-0.0007819487922648534
phase2,fp32,0,2,4,1.0,-5.2400922775268555,-8.01268196105957,-21.53731346130371,1.5966953981205734e-07,-5.2400922480555465,-3.205053591800815
phase2,fp32,0,2,5,1.0,30.5019588470459,27.7293701171875,32.287906646728516,0.999933123588562,30.50195826301738,-7.923730805385318
phase2,fp32,0,2,6,1.0,-1.2359817028045654,-4.008570671081543,-5.0785813331604,0.014293691143393517,-1.2359817921728333,-2.304153798723913
phase2,fp32,0,2,7,1.0,-5.882068157196045,-8.654656410217285,-16.59423828125,1.77037259163626e-06,-5.882068054386865,1.279525185479756
phase2,fp32,1,2,0,0.9995819760154216,102.48260498046875,99.71002197265625,-415.949951171875,0.0,104.383492541789,-30.094412468095793
phase2,fp32,1,2,1,0.9996283539626141,47.884368896484375,45.111778259277344,91.86126708984375,1.0,47.71102629646221,63.37226320762885
phase2,fp32,1,2,2,0.9982902077240897,45.18021774291992,42.407630920410156,57.77199172973633,0.9212900400161743,44.814711246518215,60.32991615751259
phase2,fp32,1,2,3,0.9996569863186726,72.94623565673828,70.17364501953125,90.8232650756836,1.0,73.62462422256141,69.92484306933632
phase2,fp32,1,2,4,0.999827398669154,-353.31927490234375,-356.09185791015625,-552.5767822265625,8.667441563173508e-25,-359.51855948418654,46.629391952639686
phase2,fp32,1,2,5,0.99933685339499,68.2806167602539,65.50802612304688,61.58195877075195,0.7768300771713257,69.1354681732938,105.98284116533159
phase2,fp32,1,2,6,0.9992500114249229,37.75835418701172,34.98576736450195,87.9654312133789,1.0,37.36064878857016,51.65597331684487
phase2,fp32,1,2,7,0.9997793435796078,-223.48532104492188,-226.25790405273438,-302.43414306640625,0.0,-221.74926878950163,-13.018126528481087
phase2,fp32,0,3,0,1.0,-3.5515189170837402,-7.710402011871338,-10.041631698608398,0.00037020197487436235,-3.5515188634369124,0.021761087356628524
phase2,fp32,0,3,1,1.0,-4.336564540863037,-8.495448112487793,-11.331461906433105,2.94848778139567e-05,-4.336565047239208,0.0665234445849404
phase2,fp32,0,3,2,1.0,7.133837699890137,2.9749553203582764,1.8123061656951904,0.6324089765548706,7.133838414444744,-3.2444786186824737
phase2,fp32,0,3,3,1.0,-49.05577850341797,-53.21466064453125,-133.01492309570312,3.3350903450930646e-43,-49.055781982664875,-0.00019835771557634788
phase2,fp32,0,3,4,1.0,-5.206939220428467,-9.365822792053223,-22.89045524597168,4.039387135890138e-08,-5.206939637490859,-3.1719011520151055
phase2,fp32,0,3,5,1.0,38.42536544799805,34.26648712158203,38.82501983642578,0.9999985694885254,38.42536851283471,-0.000320538231009973
phase2,fp32,0,3,6,1.0,-1.032393217086792,-5.1912760734558105,-6.261287212371826,0.0049436078406870365,-1.0323931686801529,-2.100565166777467
phase2,fp32,0,3,7,1.0,-7.129286289215088,-11.288168907165527,-19.22774887084961,1.7959690978841536e-07,-7.129286054252899,0.03230706311904215
phase2,fp32,1,3,0,0.999946871801422,132.48699951171875,128.32810974121094,-384.3738708496094,0.0,133.54473845788874,-13.604755742372216
phase2,fp32,1,3,1,0.9999465849082574,47.86375427246094,43.70487594604492,89.63218688964844,1.0,47.71102629646221,60.538331975866775
phase2,fp32,1,3,2,0.9998507509872059,44.72471237182617,40.565834045410156,54.305137634277344,0.9237119555473328,44.814711246518215,60.32991615751259
phase2,fp32,1,3,3,0.9999544601394664,73.70792388916016,69.54903411865234,90.02547454833984,1.0,73.62462422256141,70.44693718873353
phase2,fp32,1,3,4,0.9999705881098567,-413.96923828125,-418.1280822753906,-616.3465576171875,0.0,-414.80627050271744,-5.294650038021034
phase2,fp32,1,3,5,0.9998142442301361,69.14015197753906,64.98126220703125,58.051795959472656,0.7586392164230347,69.1354681732938,105.98687090424855
phase2,fp32,1,3,6,0.9999161488523457,37.30707550048828,33.148193359375,86.10212707519531,1.0,37.36064878857016,51.290925504349524
phase2,fp32,1,3,7,0.9999611506281207,-207.4897918701172,-211.648681640625,-271.6279602050781,0.0,-206.87184049107137,1.3809311339706958
phase2,fp32,0,4,0,1.0,-3.5676283836364746,-9.112805366516113,-11.444035530090332,9.329807653557509e-05,-3.5676281084574013,0.0056522891237507835
phase2,fp32,0,4,1,1.0,-4.386289119720459,-9.931467056274414,-12.76747989654541,7.046857263048878e-06,-4.3862891889205,0.016798469217369855
phase2,fp32,0,4,2,1.0,7.3904709815979,1.845293402671814,0.6826443076133728,0.5940667390823364,7.390470829438518,-2.987847004947591
phase2,fp32,0,4,3,1.0,-49.055625915527344,-54.600807189941406,-134.4010467529297,8.407790785948902e-44,-49.05562769191941,-4.709595394442878e-05
phase2,fp32,0,4,4,1.0,-5.179186820983887,-10.724364280700684,-24.24899673461914,1.0308871978281786e-08,-5.179186949520715,-3.144148302760514
phase2,fp32,0,4,5,1.0,38.42560577392578,32.88042449951172,37.43895721435547,0.9999942779541016,38.42560271458601,-7.967595910698261e-05
phase2,fp32,0,4,6,1.0,-0.8796693682670593,-6.424846649169922,-7.4948577880859375,0.001589814550243318,-0.8796693436753401,-1.947841270642521
phase2,fp32,0,4,7,1.0,-7.153910160064697,-12.699087142944336,-20.638668060302734,4.437124445644258e-08,-7.153910450618123,0.007683514842843854
phase2,fp32,1,4,0,0.999984196241703,133.3880615234375,127.8428726196289,-385.5456237792969,0.0,134.03980497101875,-13.081051907031584
phase2,fp32,1,4,1,0.999985495560115,47.7972297668457,42.252052307128906,88.2943344116211,1.0,47.71102629646221,60.51034040983002
phase2,fp32,1,4,2,0.9999669925803136,44.731258392333984,39.18608093261719,52.7991943359375,0.9208098649978638,44.814711246518215,60.32991615751259
phase2,fp32,1,4,3,0.9999854596836524,73.65385437011719,68.10868072509766,88.58380889892578,1.0,73.62462422256141,70.75921166552361
phase2,fp32,1,4,4,0.999991703953986,-414.6268615722656,-420.17205810546875,-619.6516723632812,0.0,-415.23403593993805,-3.827564772671977
phase2,fp32,1,4,5,0.9999350765602563,69.09586334228516,63.550682067871094,56.24235916137695,0.7337204217910767,69.1354681732938,105.99151261410516
phase2,fp32,1,4,6,0.9999736132155291,37.334251403808594,31.789073944091797,84.86299896240234,1.0,37.36064878857016,51.17328811940153
phase2,fp32,1,4,7,0.9999883631173188,-207.4573516845703,-213.00253295898438,-272.5480041503906,0.0,-207.09145942324875,0.577834181469765
phase2,fp32,0,5,0,1.0,-3.571852922439575,-10.503324508666992,-12.834554672241211,2.3379137928714044e-05,-3.5718528558623235,0.0014276147387189617
phase2,fp32,0,5,1,1.0,-4.398877143859863,-11.33034896850586,-14.166361808776855,1.7418540210201172e-06,-4.3988773260487815,0.004210206574117987
phase2,fp32,0,5,2,1.0,7.4857892990112305,0.554317831993103,-0.6083312034606934,0.5301152467727661,7.485789661590603,-2.8925279329304354
phase2,fp32,0,5,3,1.0,-49.05559158325195,-55.987060546875,-135.7873077392578,2.1019476964872256e-44,-49.05559154724457,-1.154598757092118e-05
phase2,fp32,0,5,4,1.0,-5.1545844078063965,-12.08605670928955,-25.610687255859375,2.6219646453995438e-09,-5.1545846960094766,-3.1195458845013655
phase2,fp32,0,5,5,1.0,38.4256591796875,31.494190216064453,36.0527229309082,0.9999772310256958,38.42566072072187,-2.031749209549065e-05
phase2,fp32,0,5,6,1.0,-0.7797542810440063,-7.711226463317871,-8.78123664855957,0.0004966382985003293,-0.7797542905629486,-1.847926227008358
phase2,fp32,0,5,7,1.0,-7.159696102142334,-14.091168403625488,-22.030750274658203,1.1066687122252006e-08,-7.159696039971491,0.0018982589548814815
phase2,fp32,1,5,0,1.0,134.13272094726562,127.20123291015625,-386.9255065917969,0.0,134.1327034485849,-12.968127803707063
phase2,fp32,1,5,1,1.0,47.711021423339844,40.7795524597168,86.93485260009766,1.0,47.71102629646221,60.503031070624615
phase2,fp32,1,5,2,1.0,44.8147087097168,37.88323974609375,51.18812942504883,0.9176300168037415,44.814711246518215,60.32991615751259
phase2,fp32,1,5,3,1.0,73.62462615966797,66.69315338134766,87.13768005371094,1.0,73.62462422256141,70.88095382592658
phase2,fp32,1,5,4,1.0,-415.1826171875,-422.1141052246094,-623.690185546875,0.0,-415.1826404365156,-3.0758349817972053
phase2,fp32,1,5,5,1.0,69.1354751586914,62.20399856567383,54.146507263183594,0.7081689834594727,69.1354681732938,105.99774049815349
phase2,fp32,1,5,6,1.0,37.36064910888672,30.429174423217773,83.6683120727539,1.0,37.36064878857016,51.14257227948791
phase2,fp32,1,5,7,1.0,-207.16024780273438,-214.09170532226562,-273.4590148925781,0.0,-207.16024010390248,-0.18940182962885943
phase2,fp32,0,6,0,1.0,-3.572922945022583,-11.8906888961792,-14.221919059753418,5.848348791914759e-06,-3.5729227557997363,0.00035771500535863485
phase2,fp32,0,6,1,1.0,-4.402034759521484,-12.71980094909668,-15.555813789367676,4.342286104019877e-07,-4.402034510091404,0.0010531244315051189
phase2,fp32,0,6,2,1.0,7.516842842102051,-0.8009229898452759,-1.9635721445083618,0.4355047643184662,7.516843186701557,-2.8614747179526394
phase2,fp32,0,6,3,1.0,-49.055580139160156,-57.37334060668945,-137.173583984375,5.605193857299268e-45,-49.055579789032734,-1.3324995339625278e-06
phase2,fp32,0,6,4,1.0,-5.131415367126465,-13.449182510375977,-26.97381591796875,6.692869591873318e-10,-5.131415525815809,-3.0963767710188406
phase2,fp32,0,6,5,1.0,38.42567825317383,30.10791015625,34.666446685791016,0.9999090433120728,38.42567634543683,-4.58987193178717e-06
phase2,fp32,0,6,6,1.0,-0.7253246307373047,-9.0430908203125,-10.113101959228516,0.00014083218411542475,-0.7253246332416821,-1.7934965718700593
phase2,fp32,0,6,7,1.0,-7.1611223220825195,-15.478887557983398,-23.418468475341797,2.765135898030735e-09,-7.161121135003706,0.0004731668275208613
phase2,fp32,1,6,0,0.9999752487506607,135.06991577148438,126.75215911865234,-388.7752380371094,0.0,134.13121146729878,-12.972023658363279
phase2,fp32,1,6,1,0.9999780302768798,47.61665725708008,39.29888916015625,85.66441345214844,1.0,47.71102629646221,60.501052714681826
phase2,fp32,1,6,2,0.9999432796659142,45.010887145996094,36.69312286376953,49.434913635253906,0.9107165336608887,44.814711246518215,60.32991615751259
phase2,fp32,1,6,3,0.999975528612166,73.61717224121094,65.29940032958984,85.69569396972656,1.0,73.62462422256141,70.91668908503091
phase2,fp32,1,6,4,0.9999879453588795,-415.5419921875,-423.8597717285156,-628.6625366210938,0.0,-414.7285831094608,-2.4218962854554653
phase2,fp32,1,6,5,0.9999045580349021,69.2785873413086,60.9608268737793,51.6139030456543,0.685807466506958,69.1354681732938,106.02060719021088
phase2,fp32,1,6,6,0.9999591376425425,37.40933609008789,29.091567993164062,82.67510986328125,1.0,37.36064878857016,51.13489572371922
phase2,fp32,1,6,7,0.9999828782718687,-206.6924285888672,-215.0101776123047,-274.3577575683594,0.0,-207.18925136807192,-0.9924653272744862
phase2,fp32,0,7,0,1.0,-3.5731911659240723,-13.277252197265625,-15.608480453491211,1.4623122979173786e-06,-3.5731910312907402,8.943951435464757e-05
phase2,fp32,0,7,1,1.0,-4.402824401855469,-14.106884956359863,-16.94289779663086,1.0848005160823959e-07,-4.40282443999053,0.00026319161042633445
phase2,fp32,0,7,2,1.0,7.527707099914551,-2.176354169845581,-3.339003801345825,0.3269323706626892,7.527706240668539,-2.8506116543424254
phase2,fp32,0,7,3,1.0,-49.05558395385742,-58.7596435546875,-138.5598907470703,1.401298464324817e-45,-49.055578625198144,-1.6866493340872424e-07
phase2,fp32,0,7,4,1.0,-5.1137309074401855,-14.817791938781738,-28.342422485351562,1.7128436169411287e-10,-5.1137310182942635,-3.078692281016606
phase2,fp32,0,7,5,1.0,38.42567825317383,28.72161865234375,33.280155181884766,0.9996368288993835,38.4256792052465,-1.7298971073553826e-06
phase2,fp32,0,7,6,1.0,-0.6922444701194763,-10.396306037902832,-11.466316223144531,3.7447425711434335e-05,-0.6922444914254958,-1.7604164291491453
phase2,fp32,0,7,7,1.0,-7.161476135253906,-16.865535736083984,-24.805118560791016,6.911894945282882e-10,-7.161476116713975,0.00011818522532138054
phase2,fp32,1,7,0,0.9998817696486046,136.3576202392578,126.65354919433594,-391.631591796875,0.0,134.2507699698409,-12.8560201995758
phase2,fp32,1,7,1,0.9998958222954849,47.509849548339844,37.80579376220703,84.454833984375,1.0,47.71102629646221,60.50051492335673
phase2,fp32,1,7,2,0.9996879183025011,45.22389602661133,35.51982879638672,47.4982795715332,0.9049294590950012,44.814711246518215,60.32991615751259
phase2,fp32,1,7,3,0.9998855116293868,73.61061096191406,63.90654754638672,84.19761657714844,1.0,73.62462422256141,70.92604227948117
phase2,fp32,1,7,4,0.9999448071318664,-415.9156188964844,-425.61968994140625,-634.3939208984375,0.0,-414.20487927963967,-1.8463615347341584
phase2,fp32,1,7,5,0.9996087577130381,69.43708801269531,59.73302459716797,48.75130081176758,0.6725789308547974,69.1354681732938,106.14957072003463
phase2,fp32,1,7,6,0.9998193362609417,37.478538513183594,27.77448081970215,81.86880493164062,1.0,37.36064878857016,51.13297902810008
phase2,fp32,1,7,7,0.9999239362106216,-206.16207885742188,-215.8661651611328,-275.3326110839844,0.0,-207.31534928901837,-1.7989699749732442
phase2,fp32,0,8,0,1.0,-3.5732581615448,-14.663614273071289,-16.994842529296875,3.6559217164722213e-07,-3.573258252906837,2.221789825784064e-05
phase2,fp32,0,8,1,1.0,-4.403021812438965,-15.493377685546875,-18.329391479492188,2.7115191869597766e-08,-4.403021931056121,6.57000753835155e-05
phase2,fp32,0,8,2,1.0,7.533173561096191,-3.5571815967559814,-4.719830513000488,0.2240273505449295,7.533173363116708,-2.845144522631427
phase2,fp32,0,8,3,1.0,-49.05558395385742,-60.14593505859375,-139.94618225097656,0.0,-49.055578618053026,-1.615198170878962e-07
phase2,fp32,0,8,4,1.0,-5.1046857833862305,-16.19504165649414,-29.71967124938965,4.350045323953111e-11,-5.104685772639603,-3.06964701775829
phase2,fp32,0,8,5,1.0,38.425682067871094,27.3353271484375,31.89385986328125,0.998562216758728,38.425680458282635,-4.76820940474576e-07
phase2,fp32,0,8,6,1.0,-0.6687606573104858,-11.759115219116211,-12.829126358032227,9.796930498850998e-06,-0.6687606885434978,-1.7369326211958156
phase2,fp32,0,8,7,1.0,-7.161564826965332,-18.25191879272461,-26.191503524780273,1.727914339388903e-10,-7.161564897908652,2.9404084681403455e-05
phase2,fp32,1,8,0,0.999717198917047,138.14657592773438,127.05621337890625,-395.1524963378906,0.0,134.813305689448,-12.294953148493834
phase2,fp32,1,8,1,0.9997557619520071,47.39390563964844,36.303550720214844,83.1044921875,1.0,47.71102629646221,60.50037508852195
phase2,fp32,1,8,2,0.9992016634217862,45.39439010620117,34.30403518676758,45.445350646972656,0.9000434875488281,44.814711246518215,60.32991615751259
phase2,fp32,1,8,3,0.9997414309679955,73.57307434082031,62.48271560668945,82.70060729980469,1.0,73.62462422256141,70.92840885016612
phase2,fp32,1,8,4,0.9998749629472272,-416.3086853027344,-427.3990173339844,-639.1664428710938,0.0,-413.812171367731,-1.4405841056093371
phase2,fp32,1,8,5,0.9991821441507481,69.56021881103516,58.46986770629883,46.09540557861328,0.6496803164482117,69.1354681732938,106.35724648310577
phase2,fp32,1,8,6,0.9995985969597587,37.55647277832031,26.46611976623535,81.07325744628906,1.0,37.36064878857016,51.13250163530138
phase2,fp32,1,8,7,0.9998291535968393,-205.8489532470703,-216.93930053710938,-276.5428771972656,0.0,-207.74184869738355,-2.5486128360667712
combined-no-decay,bf16,0,2,0,1.0,-0.67315673828125,-0.26300048828125,-5.240837097167969,0.004386764485388994,-0.6728185778483748,-0.10636365320533514
combined-no-decay,bf16,0,2,1,1.0000000000000002,-21.296875,-22.671875,-48.847206115722656,6.748776300104817e-16,-21.297379746642946,-5.902558181976019
combined-no-decay,bf16,0,2,2,1.0000000000000002,-9.05859375,-9.2734375,-9.603113174438477,0.004901030566543341,-9.063176892697811,-9.802916966378689
combined-no-decay,bf16,0,2,3,1.0,-21.638671875,-20.90234375,-23.071094512939453,0.0002991649671457708,-21.611916352063417,-1.122665572911501
combined-no-decay,bf16,0,2,4,1.0000000000000002,-5.8125,-4.4375,-9.899999618530273,0.29930347204208374,-5.799033522605896,-1.1610414385795593
combined-no-decay,bf16,0,2,5,1.0000000000000002,-11.95703125,-11.64453125,-14.424219131469727,1.1520428415678907e-06,-11.956708672922105,-1.913952264469117
combined-no-decay,bf16,0,2,6,1.0000000000000002,3.10107421875,3.101318359375,2.929443359375,0.5434554219245911,3.102723390329629,4.7208754126913846
combined-no-decay,bf16,0,2,7,0.9999999999999998,1.8193359375,3.1978759765625,-5.689623832702637,0.30000001192092896,1.821510252309963,-1.911904338048771
combined-no-decay,bf16,1,2,0,0.9966268723811721,3.041015625,1.859765648841858,-0.2730468809604645,0.40004950761795044,2.715557522588642,10.35343089576927
combined-no-decay,bf16,1,2,1,0.9967302290380594,2.720302104949951,2.9534430503845215,-28.032201766967773,0.30000001192092896,2.3979968835919863,8.099079619100667
combined-no-decay,bf16,1,2,2,0.9987707478920974,6.114355564117432,6.449951171875,3.384777545928955,0.500070333480835,6.186376115189342,14.769452219291997
combined-no-decay,bf16,1,2,3,0.9968116603655126,-25.3984375,-22.981836318969727,-157.90371704101562,1.401298464324817e-45,-27.353179454896598,-5.968666453938932
combined-no-decay,bf16,1,2,4,0.9988162935287079,12.967968940734863,12.572851181030273,31.494670867919922,1.0,13.263309783581644,24.258371087280103
combined-no-decay,bf16,1,2,5,0.9987314842257357,-7.914782524108887,-5.9739990234375,-101.42109680175781,0.20000000298023224,-8.029244441125774,-5.652548693605058
combined-no-decay,bf16,1,2,6,0.9979059229236654,25.408960342407227,23.946971893310547,21.313329696655273,0.5999917387962341,25.069257213496165,66.56927619338748
combined-no-decay,bf16,1,2,7,0.9981671317607794,-28.049999237060547,-27.734375,-72.6210708618164,1.6681209191737878e-10,-28.379363525949884,-28.59665959163103
combined-no-decay,bf16,0,3,0,1.0,-0.212890625,0.197265625,-4.780570983886719,0.0060196686536073685,-0.21285768784582615,0.001048630103468895
combined-no-decay,bf16,0,3,1,1.0000000000000002,-12.2490234375,-13.634765625,-39.810096740722656,4.802452855420629e-14,-12.259327259715064,-3.7437594522343716
combined-no-decay,bf16,0,3,2,1.0000000000000002,1.410400390625,1.191650390625,0.8619753122329712,0.49732446670532227,1.4085117322392762,0.557078440207988
combined-no-decay,bf16,0,3,3,1.0,-13.40625,-12.66015625,-14.828906059265137,6.860932626295835e-05,-13.403163540060632,1.1071921709226444
combined-no-decay,bf16,0,3,4,1.0000000000000002,-4.09375,-2.75,-8.212499618530273,0.2998710572719574,-4.0986272767186165,-0.5129580460488796
combined-no-decay,bf16,0,3,5,1.0000000000000002,-10.0390625,-9.7265625,-12.506250381469727,2.875929340007133e-06,-10.042257357388735,-0.35040073469281197
combined-no-decay,bf16,0,3,6,1.0000000000000002,3.463623046875,3.463623046875,3.291748046875,0.5595427751541138,3.4710194041254,4.084802108001895
combined-no-decay,bf16,0,3,7,0.9999999999999998,1.673187255859375,3.047607421875,-5.839892387390137,0.30000001192092896,1.6756496955640614,0.02729513542726636
combined-no-decay,bf16,1,3,0,0.9981231792370968,3.7279160022735596,2.5142130851745605,-0.03344307094812393,0.400033175945282,3.7036149539140752,9.984422836833982
combined-no-decay,bf16,1,3,1,0.998178753596326,2.2376708984375,2.494952440261841,-28.39975929260254,0.30000001192092896,2.092783040832728,8.618278678040951
combined-no-decay,bf16,1,3,2,0.9991042328053068,6.408886909484863,6.748827934265137,4.109144687652588,0.5001158118247986,6.537011770528625,11.977220652063261
combined-no-decay,bf16,1,3,3,0.9985515389226751,4.7810468673706055,7.222668647766113,-128.67733764648438,1.841470234470273e-32,4.43662831550464,17.317599910963327
combined-no-decay,bf16,1,3,4,0.9983596414688185,15.708203315734863,15.309374809265137,34.20813751220703,1.0,16.06785253389389,21.247660375811392
combined-no-decay,bf16,1,3,5,0.9989559453122794,-1.5158131122589111,0.4022422730922699,-95.16094970703125,0.20000000298023224,-1.4060665850061924,2.3179190213326364
combined-no-decay,bf16,1,3,6,0.9986555212945556,23.758752822875977,22.2842960357666,19.956497192382812,0.5999594926834106,23.65108391843678,55.1173283215976
combined-no-decay,bf16,1,3,7,0.9987149590942416,1.7446496486663818,2.0734572410583496,-44.075584411621094,0.13914398849010468,1.8796995940734633,-0.7159422811469994
combined-no-decay,bf16,0,4,0,1.0,-0.11376953125,0.296142578125,-4.681694030761719,0.0066523244604468346,-0.11371702561154962,-0.030289194080978632
combined-no-decay,bf16,0,4,1,1.0000000000000002,-9.13671875,-10.509765625,-36.685096740722656,5.907871847982138e-14,-9.137124033266446,-3.3539019092859235
combined-no-decay,bf16,0,4,2,1.0000000000000002,0.2890625,0.0728759765625,-0.2567991316318512,0.32393690943717957,0.2895672037266195,-0.05106915393844247
combined-no-decay,bf16,0,4,3,1.0,-9.138671875,-8.431640625,-10.600390434265137,0.0022466673981398344,-9.158567786216736,1.4924567937850952
combined-no-decay,bf16,0,4,4,1.0000000000000002,-1.296875,0.042724609375,-5.419775485992432,0.2999948561191559,-1.2961117774248123,0.25811605155467987
combined-no-decay,bf16,0,4,5,1.0000000000000002,-9.41796875,-9.1015625,-11.881250381469727,5.076974957773928e-06,-9.414643675088882,-0.1802772581577301
combined-no-decay,bf16,0,4,6,1.0000000000000002,2.003173828125,2.00244140625,1.83056640625,0.5639306902885437,2.0006873067468405,2.772818958386779
combined-no-decay,bf16,0,4,7,0.9999999999999998,-0.97119140625,0.40203857421875,-8.485461235046387,0.30000001192092896,-0.9714185629272833,-0.1283589337253943
combined-no-decay,bf16,1,4,0,0.9994644912219204,2.995079278945923,1.772851586341858,-1.0173828601837158,0.40000954270362854,3.0177387431846,9.099913795723115
combined-no-decay,bf16,1,4,1,0.9994990078396621,3.631024122238159,3.915008544921875,-28.031509399414062,0.30000001192092896,3.726270076565561,9.580299366198597
combined-no-decay,bf16,1,4,2,0.9996606957265165,4.2274169921875,4.570214748382568,2.238349437713623,0.49993833899497986,4.275617778829473,9.30514173150732
combined-no-decay,bf16,1,4,3,0.9997218424207388,-23.668651580810547,-21.207275390625,-157.004150390625,0.0,-24.032238601520657,-11.945330149680377
combined-no-decay,bf16,1,4,4,0.9992490140786291,10.70654296875,10.306787490844727,29.029125213623047,1.0,10.903316268138587,16.199124799948187
combined-no-decay,bf16,1,4,5,0.9994238570525571,-5.509409427642822,-3.683978319168091,-99.99195861816406,0.20000000298023224,-5.5222674475575335,-1.8037815298477653
combined-no-decay,bf16,1,4,6,0.9993653155998345,15.463598251342773,13.96990966796875,10.863374710083008,0.5333575010299683,15.680904928960809,39.21528599312296
combined-no-decay,bf16,1,4,7,0.9995155658576689,-2.091372013092041,-1.754768967628479,-49.55902099609375,0.04504726082086563,-2.116663235564192,-0.9628067739118705
combined-no-decay,bf16,0,5,0,1.0,-0.058040618896484375,0.3515625,-4.626274108886719,0.007024729158729315,-0.05800578719936311,-0.04018861032091081
combined-no-decay,bf16,0,5,1,1.0000000000000002,-5.99609375,-7.373046875,-33.548377990722656,2.9098257007045825e-13,-5.9938678706676,-1.9425845716759795
combined-no-decay,bf16,0,5,2,1.0000000000000002,0.366455078125,0.14910888671875,-0.1805662214756012,0.3363775610923767,0.36646901071071625,0.006849631667137146
combined-no-decay,bf16,0,5,3,1.0,-9.03125,-8.3359375,-10.504687309265137,0.00038044285611249506,-9.055240526795387,-0.2627093940973282
combined-no-decay,bf16,0,5,4,1.0000000000000002,-1.3046875,0.034423828125,-5.428076267242432,0.2999947667121887,-1.3055278360843658,0.03545711934566498
combined-no-decay,bf16,0,5,5,1.0000000000000002,-8.96875,-8.6484375,-11.428125381469727,7.59758404456079e-06,-8.972878858447075,-0.06972257792949677
combined-no-decay,bf16,0,5,6,1.0000000000000002,-0.3408203125,-0.3416748046875,-0.5135498046875,0.24505701661109924,-0.3410792611539364,0.046869728714227676
combined-no-decay,bf16,0,5,7,0.9999999999999998,-0.50390625,0.8701171875,-8.017382621765137,0.30000001192092896,-0.504208130761981,0.04295779950916767
combined-no-decay,bf16,1,5,0,1.0,3.170854091644287,1.94287109375,-1.383691430091858,0.40000754594802856,3.172543322003912,9.156724908656907
combined-no-decay,bf16,1,5,1,1.0,2.8594982624053955,3.1518425941467285,-29.566608428955078,0.30000001192092896,2.861345144675579,8.498991595895495
combined-no-decay,bf16,1,5,2,1.0,4.376855373382568,4.729931831359863,2.3571879863739014,0.4999111294746399,4.377502567166812,8.908806793330587
combined-no-decay,bf16,1,5,3,1.0,-17.697265625,-15.2060546875,-153.66854858398438,0.0,-17.697063326789067,-7.419701905502007
combined-no-decay,bf16,1,5,4,1.0,8.052286148071289,7.652478218078613,26.473276138305664,0.9999994039535522,8.052568096213509,12.911576283921022
combined-no-decay,bf16,1,5,5,1.0,-2.7238831520080566,-0.834075927734375,-99.99224853515625,0.20000000298023224,-2.724574784305878,0.5670955796493218
combined-no-decay,bf16,1,5,6,1.0,11.616559028625488,10.107528686523438,7.217970371246338,0.500105619430542,11.615831767051713,37.783002616494194
combined-no-decay,bf16,1,5,7,1.0,1.2514041662216187,1.5984739065170288,-46.11399459838867,0.08419065922498703,1.2517033212882325,-0.6074610952456624
combined-no-decay,bf16,0,6,0,1.0,-0.041656494140625,0.36785888671875,-4.609977722167969,0.007086837198585272,-0.041630017454735935,-0.01435516297351569
combined-no-decay,bf16,0,6,1,1.0000000000000002,-4.9736328125,-6.349609375,-32.524940490722656,7.347938446936042e-13,-4.97323512728326,-1.6458381188567728
combined-no-decay,bf16,0,6,2,1.0000000000000002,0.28662109375,0.0694122314453125,-0.2602628767490387,0.32132941484451294,0.2864129403606057,-0.005468576215207577
combined-no-decay,bf16,0,6,3,1.0,-7.931640625,-7.208984375,-9.377734184265137,0.0010422288905829191,-7.930588029325008,-0.10782470554113388
combined-no-decay,bf16,0,6,4,1.0000000000000002,-1.3203125,0.0186767578125,-5.443823337554932,0.2999946177005768,-1.3176729455590248,-0.037245847284793854
combined-no-decay,bf16,0,6,5,1.0000000000000002,-8.69921875,-8.38671875,-11.166406631469727,9.722740287543274e-06,-8.692359417676926,-0.01352044939994812
combined-no-decay,bf16,0,6,6,1.0000000000000002,-0.215576171875,-0.216064453125,-0.387939453125,0.26707249879837036,-0.21564721688628197,0.009962622076272964
combined-no-decay,bf16,0,6,7,0.9999999999999998,-0.5125732421875,0.8623046875,-8.025195121765137,0.30000001192092896,-0.5130679532885551,-0.010425977408885956
combined-no-decay,bf16,1,6,0,0.9999774861311714,3.141108274459839,1.9089523553848267,-1.5363601446151733,0.4000099301338196,3.1507617243914865,8.98293940400472
combined-no-decay,bf16,1,6,1,0.9999803785220538,3.09993577003479,3.3970260620117188,-29.42913246154785,0.30000001192092896,3.1304949651064815,8.431953591533238
combined-no-decay,bf16,1,6,2,0.9999921004473169,1.6312713623046875,1.9843876361846924,-0.32340937852859497,0.49836498498916626,1.6324027586961165,6.184773137816228
combined-no-decay,bf16,1,6,3,0.9999798125303148,-17.545703887939453,-15.068944931030273,-153.6033172607422,0.0,-17.48797912655864,-7.464339426741935
combined-no-decay,bf16,1,6,4,0.9999939030490381,11.898633003234863,11.487890243530273,30.263086318969727,1.0,11.876538330045879,16.327934078345425
combined-no-decay,bf16,1,6,5,0.9999931823555684,-3.6316559314727783,-1.7479537725448608,-100.91276550292969,0.20000000298023224,-3.6401614467380567,-0.363068227074109
combined-no-decay,bf16,1,6,6,0.999988728473145,-1.5976715087890625,-3.1267566680908203,-6.096780300140381,0.4996325373649597,-1.593848136213819,16.121407786651798
combined-no-decay,bf16,1,6,7,0.9999894675697167,-0.08146343380212784,0.26620712876319885,-47.51418685913086,0.060830555856227875,-0.08103091343073174,-0.7627926622400991
combined-no-decay,bf16,0,7,0,1.0,-0.03021240234375,0.3804931640625,-4.597343444824219,0.007168102078139782,-0.030237024649977684,-0.0025101806968450546
combined-no-decay,bf16,0,7,1,1.0000000000000002,-4.021484375,-5.400390625,-31.57572364807129,9.953412876892442e-13,-4.023725313221803,-0.9527541818970349
combined-no-decay,bf16,0,7,2,1.0000000000000002,0.272705078125,0.0551605224609375,-0.2745145857334137,0.3186742663383484,0.27224410045892,0.00046004820615053177
combined-no-decay,bf16,0,7,3,1.0,-7.181640625,-6.45703125,-8.625781059265137,0.0019938189070671797,-7.185551851987839,0.080049067735672
combined-no-decay,bf16,0,7,4,1.0000000000000002,-1.0546875,0.2890625,-5.173437595367432,0.29999732971191406,-1.051433525979519,0.018135666847229004
combined-no-decay,bf16,0,7,5,1.0000000000000002,-8.5,-8.1875,-10.967187881469727,1.1854502190544736e-05,-8.496608182787895,0.0038436204195022583
combined-no-decay,bf16,0,7,6,1.0000000000000002,-0.150390625,-0.1510009765625,-0.3228759765625,0.27895426750183105,-0.15050289407372475,0.00020828470587730408
combined-no-decay,bf16,0,7,7,0.9999999999999998,-0.5498046875,0.823486328125,-8.064013481140137,0.30000001192092896,-0.5505839502438903,0.001844116486608982
combined-no-decay,bf16,1,7,0,0.9998852611808513,2.356860399246216,1.1198241710662842,-2.40673828125,0.40000924468040466,2.3928281014435924,8.040050294029061
combined-no-decay,bf16,1,7,1,0.9998900854418405,-1.0345863103866577,-0.7297607660293579,-33.73847198486328,0.30000001192092896,-0.9540700618643314,4.00907851732336
combined-no-decay,bf16,1,7,2,0.9999667287275201,5.386914253234863,5.739453315734863,3.52824330329895,0.4997790455818176,5.367892302558175,9.910480760209612
combined-no-decay,bf16,1,7,3,0.99989162375552,-9.746438980102539,-7.243438720703125,-145.86219787597656,3.2369994525903274e-43,-9.605570650100708,0.05153066068887711
combined-no-decay,bf16,1,7,4,0.9999720335565527,9.291796684265137,8.887304306030273,27.65484619140625,0.9999997019767761,9.228362156054937,13.221433469443582
combined-no-decay,bf16,1,7,5,0.9999656280955114,-3.0735716819763184,-1.2031371593475342,-100.4709701538086,0.20000000298023224,-3.1008872971637174,0.20942668581847101
combined-no-decay,bf16,1,7,6,0.9999432094322316,-11.318646430969238,-12.857019424438477,-16.061473846435547,0.4522849917411804,-11.268294551518192,9.77589262283127
combined-no-decay,bf16,1,7,7,0.9999471694934984,0.0645788162946701,0.41347503662109375,-47.564796447753906,0.05613838508725166,0.06427270694111939,-0.16168303076992743
combined-no-decay,bf16,0,8,0,1.0,-0.033782958984375,0.375732421875,-4.602104187011719,0.007134364452213049,-0.033776679541915655,-0.0014123930595815182
combined-no-decay,bf16,0,8,1,1.0000000000000002,-3.4580078125,-4.830078125,-31.00541114807129,1.2114665824333737e-12,-3.458711547369603,-0.5729084532358684
combined-no-decay,bf16,0,8,2,1.0000000000000002,0.256103515625,0.0380859375,-0.2915891706943512,0.3155103623867035,0.25606616772711277,0.0005052629858255386
combined-no-decay,bf16,0,8,3,1.0,-6.75390625,-6.02734375,-8.196093559265137,0.0030427509918808937,-6.749605320394039,0.04233906418085098
combined-no-decay,bf16,0,8,4,1.0000000000000002,-1.1875,0.150390625,-5.312109470367432,0.2999959886074066,-1.1853501200675964,-0.0013894438743591309
combined-no-decay,bf16,0,8,5,1.0000000000000002,-8.359375,-8.01171875,-10.791406631469727,1.4136772733763792e-05,-8.34571985900402,0.004129126667976379
combined-no-decay,bf16,0,8,6,1.0000000000000002,-0.118011474609375,-0.118621826171875,-0.290496826171875,0.28498056530952454,-0.11806603893637657,0.0006281472742557526
combined-no-decay,bf16,0,8,7,0.9999999999999998,-0.4239501953125,0.95263671875,-7.934863090515137,0.30000001192092896,-0.42433479707688093,-0.00017302017658948898
combined-no-decay,bf16,1,8,0,0.9997507263339583,1.92413330078125,0.6777282953262329,-2.991802930831909,0.4000064432621002,1.981924748212259,7.429953367799681
combined-no-decay,bf16,1,8,1,0.9997540932268245,1.128320336341858,1.4393870830535889,-31.719043731689453,0.30000001192092896,1.2579572740214644,5.953429925368982
combined-no-decay,bf16,1,8,2,0.9999290797018526,3.3265380859375,3.6778807640075684,1.5497337579727173,0.49993985891342163,3.3375734482440746,7.808269062686304
combined-no-decay,bf16,1,8,3,0.9997703713808939,-9.174115180969238,-6.667309761047363,-145.4266815185547,2.0571061456288315e-42,-8.976533183269202,0.09297718089073896
combined-no-decay,bf16,1,8,4,0.9999416707004171,4.671063423156738,4.273364067077637,22.975421905517578,0.9998444318771362,4.65352533821715,8.528991042613052
combined-no-decay,bf16,1,8,5,0.999923920850678,-3.2260193824768066,-1.3676605224609375,-100.74310302734375,0.20000000298023224,-3.26038276203908,-0.10818277890793979
combined-no-decay,bf16,1,8,6,0.999879904869972,-9.831634521484375,-11.375353813171387,-14.783899307250977,0.45618733763694763,-9.75218220487197,5.4450627827163585
combined-no-decay,bf16,1,8,7,0.9998836061429872,0.3225440979003906,0.671991229057312,-47.46868133544922,0.046022068709135056,0.3177582562653697,0.03668480081105372
combined-no-decay,fp32,0,2,0,0.9999999999999998,-0.6693537831306458,-0.2601126730442047,-5.237256050109863,0.004435422830283642,-0.6693537134413828,-0.10564612383687952
combined-no-decay,fp32,0,2,1,1.0000000000000002,-21.29877281188965,-22.674463272094727,-48.770591735839844,6.474207393878783e-16,-21.29877157720906,-5.907616688309813
combined-no-decay,fp32,0,2,2,1.0000000000000002,-9.062545776367188,-9.278806686401367,-9.60911750793457,0.004732752684503794,-9.0625458012894,-9.805166085534031
combined-no-decay,fp32,0,2,3,1.0,-21.54413414001465,-20.811717987060547,-22.979509353637695,0.0003042304306291044,-21.544134704111737,-1.1135834451347573
combined-no-decay,fp32,0,2,4,0.9999999999999998,-5.809597492218018,-4.470145225524902,-9.948575019836426,0.29926833510398865,-5.809598393756767,-1.1645288976359673
combined-no-decay,fp32,0,2,5,1.0000000000000002,-11.964458465576172,-11.643251419067383,-14.42077922821045,1.1732462326108362e-06,-11.96445928733275,-1.9275894393125672
combined-no-decay,fp32,0,2,6,1.0,3.091660261154175,3.090930938720703,2.918677568435669,0.5434058904647827,3.0916605629537495,4.708158265186549
combined-no-decay,fp32,0,2,7,1.0000000000000002,1.7834022045135498,3.1586365699768066,-5.702563762664795,0.30000001192092896,1.7834021151266923,-1.957561687338226
combined-no-decay,fp32,1,2,0,0.9966244415143887,3.042236089706421,1.859508752822876,-0.2982639670372009,0.40004944801330566,2.7185829919343156,10.376557555540671
combined-no-decay,fp32,1,2,1,0.9967288993598291,2.726771831512451,2.957176685333252,-28.04360008239746,0.30000001192092896,2.4121351792654044,8.095899954092431
combined-no-decay,fp32,1,2,2,0.9987670350864605,6.129104137420654,6.462399482727051,3.400012254714966,0.5000704526901245,6.205359081181213,14.833761554391227
combined-no-decay,fp32,1,2,3,0.9968197202450725,-25.439620971679688,-23.027572631835938,-158.15792846679688,1.401298464324817e-45,-27.39902365929536,-6.0706311905409835
combined-no-decay,fp32,1,2,4,0.9988190249006224,12.971389770507812,12.560099601745605,31.503698348999023,1.0,13.272168047748545,24.527503177530054
combined-no-decay,fp32,1,2,5,0.998736140359917,-7.920953273773193,-5.981179237365723,-101.65164947509766,0.20000000298023224,-8.035109627367373,-5.878577245462742
combined-no-decay,fp32,1,2,6,0.9979147783908843,25.433170318603516,23.9617919921875,21.30968475341797,0.5999905467033386,25.09665721958839,66.5870061468375
combined-no-decay,fp32,1,2,7,0.998166629357937,-28.05255126953125,-27.721481323242188,-72.58477783203125,1.486340633904959e-10,-28.38075310893664,-28.34713618312095
combined-no-decay,fp32,0,3,0,0.9999999999999998,-0.21272489428520203,0.19651611149311066,-4.780627250671387,0.00606570765376091,-0.21272490930299015,0.00016224445189844672
combined-no-decay,fp32,0,3,1,1.0000000000000002,-12.23890495300293,-13.614596366882324,-39.71072769165039,5.039053890950815e-14,-12.238905769285456,-3.7433443866853806
combined-no-decay,fp32,0,3,2,1.0000000000000002,1.4108835458755493,1.1946218013763428,0.8643110990524292,0.4979868531227112,1.4108834531939822,0.5580475539686385
combined-no-decay,fp32,0,3,3,1.0,-13.352005004882812,-12.619592666625977,-14.787378311157227,6.66031992295757e-05,-13.3520058257028,1.1118326404207906
combined-no-decay,fp32,0,3,4,0.9999999999999998,-4.089927673339844,-2.7504734992980957,-8.228902816772461,0.2998688519001007,-4.089927588632382,-0.5126452767761465
combined-no-decay,fp32,0,3,5,1.0000000000000002,-10.0482816696167,-9.727073669433594,-12.504602432250977,2.895132183766691e-06,-10.048281441644534,-0.36674437633907225
combined-no-decay,fp32,0,3,6,1.0,3.4581170082092285,3.4573872089385986,3.2851338386535645,0.5592430233955383,3.4581166253603093,4.073566329582038
combined-no-decay,fp32,0,3,7,1.0000000000000002,1.682151436805725,3.0573856830596924,-5.803814888000488,0.30000001192092896,1.6821514395878796,0.030373462587567256
combined-no-decay,fp32,1,3,0,0.9981307136525661,3.731523036956787,2.515897274017334,-0.04630453512072563,0.40003281831741333,3.708044583296297,10.012204628826813
combined-no-decay,fp32,1,3,1,0.9981926849368705,2.248523235321045,2.502978801727295,-28.416040420532227,0.30000001192092896,2.107084999245309,8.652916936892876
combined-no-decay,fp32,1,3,2,0.9991108834672513,6.421998500823975,6.762336730957031,4.1266303062438965,0.5001172423362732,6.551792077975287,12.009635724522088
combined-no-decay,fp32,1,3,3,0.9985692923100643,4.773404121398926,7.219656944274902,-128.9383087158203,1.5217597217440087e-32,4.436211385641757,17.054976872054358
combined-no-decay,fp32,1,3,4,0.9983661139212708,15.704134941101074,15.297289848327637,34.208457946777344,1.0,16.079276783327458,21.279182119302515
combined-no-decay,fp32,1,3,5,0.998960861970905,-1.501966118812561,0.41299208998680115,-95.36235046386719,0.20000000298023224,-1.3941301161969482,2.201061093592203
combined-no-decay,fp32,1,3,6,0.9986697733896893,23.803462982177734,22.31396484375,19.938480377197266,0.5999398827552795,23.70177797893946,52.109511389860835
combined-no-decay,fp32,1,3,7,0.998726498911266,2.2018136978149414,2.533608913421631,-43.579490661621094,0.13896597921848297,2.339903618743352,-0.9445233719616792
combined-no-decay,fp32,0,4,0,0.9999999999999998,-0.11236226558685303,0.29687878489494324,-4.680264472961426,0.006710940506309271,-0.11236226569791101,-0.030173426426740074
combined-no-decay,fp32,0,4,1,1.0000000000000002,-9.152670860290527,-10.528362274169922,-36.624488830566406,6.215515569677615e-14,-9.152670263157807,-3.3745462407832916
combined-no-decay,fp32,0,4,2,1.0000000000000002,0.29387497901916504,0.07761324942111969,-0.25269731879234314,0.324777752161026,0.29387499316530696,-0.04791710419097395
combined-no-decay,fp32,0,4,3,1.0,-9.143743515014648,-8.41132926940918,-10.579118728637695,0.0021736472845077515,-9.143744368434568,1.480876802410482
combined-no-decay,fp32,0,4,4,0.9999999999999998,-1.2956650257110596,0.04378838092088699,-5.434641361236572,0.29999470710754395,-1.295665139215409,0.25360365007646646
combined-no-decay,fp32,0,4,5,1.0000000000000002,-9.410421371459961,-9.089213371276855,-11.866743087768555,5.174994839762803e-06,-9.41042177799101,-0.1836255653357488
combined-no-decay,fp32,0,4,6,1.0,1.9981021881103516,1.9973728656768799,1.8251193761825562,0.5638207197189331,1.9981021120419318,2.769618293180314
combined-no-decay,fp32,0,4,7,1.0000000000000002,-0.9729818105697632,0.4022524952888489,-8.458948135375977,0.30000001192092896,-0.9729818374822765,-0.13387387772672932
combined-no-decay,fp32,1,4,0,0.9994637435810905,2.9948370456695557,1.7699226140975952,-1.0232685804367065,0.40000981092453003,3.018058229693474,9.1130438410718
combined-no-decay,fp32,1,4,1,0.9995004467372415,3.645069122314453,3.9244179725646973,-28.041234970092773,0.30000001192092896,3.7441226103445557,9.650750371216107
combined-no-decay,fp32,1,4,2,0.999663006893688,4.225831985473633,4.570119380950928,2.2402167320251465,0.4999386668205261,4.276450690078899,9.323060365775003
combined-no-decay,fp32,1,4,3,0.9997259124485373,-23.68075180053711,-21.22027587890625,-157.2526397705078,0.0,-24.047636200470954,-11.676176306440654
combined-no-decay,fp32,1,4,4,0.9992444292228126,10.706672668457031,10.302738189697266,29.041330337524414,1.0,10.902204315315204,16.258307650350268
combined-no-decay,fp32,1,4,5,0.9994292333454162,-5.513092994689941,-3.6888458728790283,-100.16336822509766,0.20000000298023224,-5.528553910375278,-1.842709378422816
combined-no-decay,fp32,1,4,6,0.9993714138564975,15.459123611450195,13.954750061035156,10.795801162719727,0.5323429703712463,15.681816758446326,42.91278861256772
combined-no-decay,fp32,1,4,7,0.9995210022646379,-0.7196135520935059,-0.3811712861061096,-48.14262390136719,0.05736788362264633,-0.7313863045785103,0.23524443712627577
combined-no-decay,fp32,0,5,0,0.9999999999999998,-0.05867725610733032,0.35056376457214355,-4.626579761505127,0.007077530026435852,-0.0586772500669868,-0.04107282908783377
combined-no-decay,fp32,0,5,1,1.0000000000000002,-5.999152183532715,-7.374842643737793,-33.470970153808594,3.1022604732484915e-13,-5.9991521947669195,-1.9469904017933186
combined-no-decay,fp32,0,5,2,1.0000000000000002,0.36768895387649536,0.15142722427845,-0.178883358836174,0.33687591552734375,0.3676889751654597,0.007492443297672037
combined-no-decay,fp32,0,5,3,1.0,-9.050965309143066,-8.318551063537598,-10.486339569091797,0.00038548465818166733,-9.050965846442693,-0.2839034486187636
combined-no-decay,fp32,0,5,4,0.9999999999999998,-1.3036556243896484,0.035797953605651855,-5.442631721496582,0.2999946177005768,-1.3036557233531318,0.031589772903352874
combined-no-decay,fp32,0,5,5,1.0000000000000002,-8.9702730178833,-8.649065017700195,-11.426593780517578,7.609138265252113e-06,-8.970273107912954,-0.07086075867162941
combined-no-decay,fp32,0,5,6,1.0,-0.34255704283714294,-0.3432864546775818,-0.515539824962616,0.24460335075855255,-0.3425570290163189,0.046216687545509394
combined-no-decay,fp32,0,5,7,1.0000000000000002,-0.4994893968105316,0.8757449984550476,-7.985455513000488,0.30000001192092896,-0.4994893564692225,0.043072827175132444
combined-no-decay,fp32,1,5,0,1.0,3.1601366996765137,1.9291112422943115,-1.388522744178772,0.40000811219215393,3.1601367103594273,9.15126296738347
combined-no-decay,fp32,1,5,1,1.0,2.8783187866210938,3.1676278114318848,-29.553356170654297,0.30000001192092896,2.8783187709458327,8.5403787833116
combined-no-decay,fp32,1,5,2,1.0,4.376844882965088,4.725920677185059,2.3542048931121826,0.4999118745326996,4.376844579669669,8.922343847411584
combined-no-decay,fp32,1,5,3,1.0,-17.75827980041504,-15.277569770812988,-153.9473419189453,0.0,-17.758279734260388,-7.647556329262452
combined-no-decay,fp32,1,5,4,1.0,8.04771614074707,7.641770362854004,26.494556427001953,0.9999994039535522,8.047715465851322,12.589726333871692
combined-no-decay,fp32,1,5,5,1.0,-2.7173879146575928,-0.8233141899108887,-100.1161880493164,0.20000000298023224,-2.717387895953101,0.6157201956589743
combined-no-decay,fp32,1,5,6,1.0,11.639674186706543,10.110570907592773,7.18588924407959,0.5000899434089661,11.639674126227607,38.3287783236032
combined-no-decay,fp32,1,5,7,1.0,-0.2781727910041809,0.06807538866996765,-47.557044982910156,0.05424452945590019,-0.27817277671748986,0.07463487687522116
combined-no-decay,fp32,0,6,0,0.9999999999999998,-0.04150812700390816,0.3677328824996948,-4.609410762786865,0.007144604809582233,-0.041508123035429556,-0.014400166332484634
combined-no-decay,fp32,0,6,1,1.0000000000000002,-4.983565330505371,-6.359256744384766,-32.45538330078125,7.696654728481245e-13,-4.983565373749328,-1.6627981926077062
combined-no-decay,fp32,0,6,2,1.0000000000000002,0.28768014907836914,0.0714184045791626,-0.2588922083377838,0.32178395986557007,0.2876801531706844,-0.006084029789826897
combined-no-decay,fp32,0,6,3,1.0,-7.933527946472168,-7.201113700866699,-9.368902206420898,0.0010510170832276344,-7.933528128533851,-0.13897092691800192
combined-no-decay,fp32,0,6,4,0.9999999999999998,-1.3133447170257568,0.026108836755156517,-5.4523210525512695,0.2999945282936096,-1.3133445322094655,-0.03988301614537533
combined-no-decay,fp32,0,6,5,1.0000000000000002,-8.69141674041748,-8.370207786560059,-11.147737503051758,9.91384695225861e-06,-8.691416612615836,-0.020848157800146712
combined-no-decay,fp32,0,6,6,1.0,-0.2166578471660614,-0.21738727390766144,-0.3896406888961792,0.26665377616882324,-0.21665785541140964,0.010360130325089204
combined-no-decay,fp32,0,6,7,1.0000000000000002,-0.5111726522445679,0.864061713218689,-7.997138977050781,0.30000001192092896,-0.5111726795718747,-0.009719280492425266
combined-no-decay,fp32,1,6,0,0.9999789893679034,3.1242733001708984,1.8893163204193115,-1.5252183675765991,0.4000106751918793,3.1341541590808792,8.972494347202815
combined-no-decay,fp32,1,6,1,0.9999799811757779,3.1237728595733643,3.4185097217559814,-29.421533584594727,0.30000001192092896,3.1548277462640484,8.449222242136866
combined-no-decay,fp32,1,6,2,0.9999942447153348,1.6311912536621094,1.981386423110962,-0.31542450189590454,0.4983685612678528,1.633490100833787,6.19253238190461
combined-no-decay,fp32,1,6,3,0.9999799275648934,-17.726028442382812,-15.2391996383667,-154.03323364257812,0.0,-17.663147125306722,-7.679140320544126
combined-no-decay,fp32,1,6,4,0.9999949942770965,11.901673316955566,11.496010780334473,30.310314178466797,1.0,11.88945082861223,16.44908513562351
combined-no-decay,fp32,1,6,5,0.999994357644395,-3.636448621749878,-1.7508933544158936,-101.11180877685547,0.20000000298023224,-3.646232571492122,-0.34508305112988075
combined-no-decay,fp32,1,6,6,0.9999894007396659,-1.640870451927185,-3.1745681762695312,-6.20198917388916,0.4996207356452942,-1.6298929321556284,23.089298021497534
combined-no-decay,fp32,1,6,7,0.9999906497133626,0.09993699938058853,0.4470849931240082,-47.32668685913086,0.06420590728521347,0.1000688926469103,-0.03300427762821793
combined-no-decay,fp32,0,7,0,0.9999999999999998,-0.03010215237736702,0.37913888692855835,-4.598004341125488,0.007217380218207836,-0.030102153083043436,-0.0023944111022352567
combined-no-decay,fp32,0,7,1,1.0000000000000002,-4.06166410446167,-5.4373555183410645,-31.533483505249023,1.0381842954765297e-12,-4.061664360814251,-0.9923495134394958
combined-no-decay,fp32,0,7,2,1.0000000000000002,0.2737332880496979,0.05747154355049133,-0.2728390097618103,0.3191881775856018,0.2737332767914419,0.0007109389521047877
combined-no-decay,fp32,0,7,3,1.0,-7.154562473297119,-6.42214822769165,-8.589937210083008,0.0020467371214181185,-7.154562282114258,0.0850995524648579
combined-no-decay,fp32,0,7,4,0.9999999999999998,-1.0509579181671143,0.28849563002586365,-5.189933776855469,0.2999972403049469,-1.0509579778419624,0.015542355157671536
combined-no-decay,fp32,0,7,5,1.0000000000000002,-8.495473861694336,-8.17426586151123,-10.951794624328613,1.2044779396092054e-05,-8.495474249790632,-0.0030155120781060803
combined-no-decay,fp32,0,7,6,1.0,-0.15135112404823303,-0.15208056569099426,-0.32433396577835083,0.27857542037963867,-0.1513511169963495,0.0016249099142873716
combined-no-decay,fp32,0,7,7,1.0000000000000002,-0.5502054691314697,0.8250287771224976,-8.036171913146973,0.30000001192092896,-0.5502054873512543,0.0021827349762671916
combined-no-decay,fp32,1,7,0,0.999891782750493,2.347050428390503,1.1070395708084106,-2.4364097118377686,0.4000101685523987,2.3836693193449667,8.041858577286126
combined-no-decay,fp32,1,7,1,0.9998935126035885,-1.0111043453216553,-0.7083820104598999,-33.71742630004883,0.30000001192092896,-0.9335861047774004,4.039092915941677
combined-no-decay,fp32,1,7,2,0.9999698485141678,5.3791093826293945,5.730765342712402,3.5300357341766357,0.49978533387184143,5.362402990916339,9.907216125959678
combined-no-decay,fp32,1,7,3,0.9998971117564803,-9.715006828308105,-7.219731330871582,-146.13583374023438,3.643376007244524e-43,-9.575798423792197,-0.14968963654976095
combined-no-decay,fp32,1,7,4,0.9999745099463901,9.281134605407715,8.875715255737305,27.644811630249023,0.9999997019767761,9.22583820346868,13.50789045561478
combined-no-decay,fp32,1,7,5,0.9999681274990039,-3.0821642875671387,-1.2103323936462402,-100.6589126586914,0.20000000298023224,-3.109106589437734,0.2083290172229204
combined-no-decay,fp32,1,7,6,0.999946137238594,-1.795179009437561,-3.3358635902404785,-6.576712608337402,0.4999946653842926,-1.7613509978227317,21.620053344330234
combined-no-decay,fp32,1,7,7,0.9999503268947292,-0.04571839049458504,0.30253133177757263,-47.641841888427734,0.05561399459838867,-0.045562225686488635,0.006352793961950142
combined-no-decay,fp32,0,8,0,0.9999999999999998,-0.03339456394314766,0.3758464455604553,-4.601296424865723,0.007193847559392452,-0.03339456883871148,-0.001648636206731283
combined-no-decay,fp32,0,8,1,1.0000000000000002,-3.4865665435791016,-4.862257480621338,-30.958385467529297,1.2633003367359952e-12,-3.486566507202101,-0.6050505852249761
combined-no-decay,fp32,0,8,2,1.0000000000000002,0.25755590200424194,0.04129420593380928,-0.28901639580726624,0.3161929249763489,0.2575559337591316,0.00017965791304125865
combined-no-decay,fp32,0,8,3,1.0,-6.741209506988525,-6.00879430770874,-8.176582336425781,0.003072787541896105,-6.741208980060241,0.02575918006221256
combined-no-decay,fp32,0,8,4,0.9999999999999998,-1.1848809719085693,0.15457279980182648,-5.323857307434082,0.2999958395957947,-1.1848808244387656,-0.002186102337649959
combined-no-decay,fp32,0,8,5,1.0000000000000002,-8.341446876525879,-8.020238876342773,-10.797767639160156,1.405011244060006e-05,-8.341446704164102,-0.001147804434174152
combined-no-decay,fp32,0,8,6,1.0,-0.1186201348900795,-0.11934955418109894,-0.2916029691696167,0.2846658229827881,-0.11862012746477868,0.0011884625420000693
combined-no-decay,fp32,0,8,7,1.0000000000000002,-0.4237423837184906,0.9514920115470886,-7.909708499908447,0.30000001192092896,-0.42374241132963525,0.00039972033687261325
combined-no-decay,fp32,1,8,0,0.9997587095498854,1.909327745437622,0.6649463772773743,-2.9946072101593018,0.40000686049461365,1.9659644466598594,7.4291365344545754
combined-no-decay,fp32,1,8,1,0.9997582232577888,1.1429977416992188,1.4525468349456787,-31.706445693969727,0.30000001192092896,1.2735468765737599,5.972380417488644
combined-no-decay,fp32,1,8,2,0.9999330117879822,3.325331449508667,3.678225040435791,1.564126968383789,0.4999421238899231,3.3363647490984425,7.816373827600421
combined-no-decay,fp32,1,8,3,0.9997719920901478,-9.172578811645508,-6.670107364654541,-145.6356964111328,2.6148229344301087e-42,-8.979568623340379,0.05647726229577177
combined-no-decay,fp32,1,8,4,0.9999430197745187,4.6613969802856445,4.256204128265381,22.98053550720215,0.9998443722724915,4.645991745012936,8.681850652633312
combined-no-decay,fp32,1,8,5,0.9999265369289374,-3.224968671798706,-1.366133451461792,-100.8707046508789,0.20000000298023224,-3.263501893412422,-0.10278651407240313
combined-no-decay,fp32,1,8,6,0.999881051176037,-2.800067901611328,-4.346889495849609,-7.782231330871582,0.4983898103237152,-2.7279006472427425,19.073048985784613
combined-no-decay,fp32,1,8,7,0.9998856048960183,0.015252217650413513,0.3643454611301422,-47.724578857421875,0.05578995868563652,0.01547164354901418,0.0011775977914201651
