mode,precision,layer,depth,quantity,raw_norm,signal_norm,signal_norm_ratio_d2,signal_cosine_d2,signal_cosine_previous,transform_cosine_pre_post
phase2,bf16,0,2,k,43.916350532761356,23.32525697420443,1.0,1.0,1.0,1.0
phase2,bf16,0,2,v,62.81501968561836,40.915686340346944,1.0,1.0,1.0,1.0
phase2,bf16,1,2,k,97.15982964499423,69.68621252374157,1.0,1.0,1.0,1.0
phase2,bf16,1,2,v,81.63406975611164,73.42817178100456,1.0,1.0,1.0,1.0
phase2,bf16,0,3,k,46.35462732580515,20.355536655701506,0.867612322275048,0.9045754860181525,0.9045754860181525,1.0
phase2,bf16,0,3,v,62.28623663105316,35.593693601242336,0.8599498513845061,0.9020252149253885,0.9020252149253885,1.0
phase2,bf16,1,3,k,101.51559689411968,66.59996655916898,0.9571855386063399,0.9599881678792929,0.9599881678792929,1.0
phase2,bf16,1,3,v,83.74384044698527,68.79489881703975,0.9372869697237755,0.937034032306683,0.937034032306683,0.9999999999999999
phase2,bf16,0,4,k,46.408404312357824,19.95961312666446,0.8497388592992812,0.8792000435280742,0.9931894062388673,1.0
phase2,bf16,0,4,v,62.10622564413363,35.041873152611714,0.8457871728562785,0.8709324692491334,0.991953204519874,1.0
phase2,bf16,1,4,k,101.57883774164247,66.65703869834172,0.9580106138424589,0.9594881274387046,0.9999382069948076,1.0
phase2,bf16,1,4,v,83.75879894750587,68.77465254474586,0.9370112308106218,0.9360358539834992,0.9999290219774061,1.0
phase2,bf16,0,5,k,46.43422377116159,19.771753251923975,0.8411772023567348,0.8629755134312678,0.9975553048393724,1.0
phase2,bf16,0,5,v,62.03918694259437,34.77876693354341,0.8394360555899543,0.8566399603979686,0.998337800303692,1.0
phase2,bf16,1,5,k,101.58017144028426,66.67806653064244,0.9583152875882814,0.9596732157315686,0.9999684605804349,1.0
phase2,bf16,1,5,v,83.74110484571658,68.76555405638399,0.9368885716649662,0.9355197276460454,0.9999516419251568,1.0
phase2,bf16,0,6,k,46.43414280359501,19.64167657992472,0.8351922142956288,0.8537875421443379,0.9987827950353931,1.0
phase2,bf16,0,6,v,62.012659051506105,34.58530488110745,0.8348209913936074,0.8491462144353186,0.9990514547773889,1.0
phase2,bf16,1,6,k,101.56983410518353,66.68411261516383,0.9584038540696792,0.9593673931185336,0.9999780457475044,1.0
phase2,bf16,1,6,v,83.71065600657116,68.76265279590004,0.936849665590946,0.9349902735637441,0.9999695206567485,1.0
phase2,bf16,0,7,k,46.432792138143526,19.547644337379158,0.8308682939323139,0.8458340321923827,0.9985287838308369,1.0
phase2,bf16,0,7,v,62.01622681840819,34.45377198475146,0.8316882038621534,0.8428056693432868,0.9989742553779009,1.0
phase2,bf16,1,7,k,101.60082164364445,66.73243581300886,0.9591059429481795,0.9593002050156608,0.9999724564284747,1.0
phase2,bf16,1,7,v,83.71306849034099,68.7646938299762,0.9368774933504722,0.9346187445051353,0.9999568044700622,1.0
phase2,bf16,0,8,k,46.437952002356994,19.499381635355334,0.8286710246220841,0.8382530084974943,0.9988685677383148,1.0
phase2,bf16,0,8,v,62.033836163371774,34.38885575571855,0.8301455173562943,0.8374112953012898,0.9993766876179013,1.0
phase2,bf16,1,8,k,101.68064035176977,66.79249261489358,0.9599765443848922,0.9591026073373975,0.9999640056300569,1.0
phase2,bf16,1,8,v,83.75646262102835,68.76215527242698,0.9368424038240738,0.9342138172501604,0.9999667935082714,1.0
phase2,fp32,0,2,k,43.9257605843524,23.307970049445025,1.0,1.0,1.0,1.0
phase2,fp32,0,2,v,62.7816967177785,40.892372641955,1.0,1.0,1.0,1.0
phase2,fp32,1,2,k,97.17646095986879,69.6840101348339,1.0,1.0,1.0,1.0
phase2,fp32,1,2,v,81.63853454327135,73.63759715644116,1.0,1.0,1.0,1.0
phase2,fp32,0,3,k,46.33360290117355,20.310089057431323,0.8662516239095418,0.9035483683865964,0.9035483683865964,1.0
phase2,fp32,0,3,v,62.24080691173423,35.53116042250791,0.8588663992317584,0.9010413410702993,0.9010413410702993,1.0
phase2,fp32,1,3,k,101.49537059093561,66.56337342619094,0.9567214728226486,0.959713413308868,0.959713413308868,1.0
phase2,fp32,1,3,v,83.72151615937037,68.78554543441311,0.9343591057529144,0.934067814507776,0.934067814507776,1.0
phase2,fp32,0,4,k,46.38951376642593,19.908577289288615,0.8480819254657364,0.8779961309402216,0.9931380962263698,1.0
phase2,fp32,0,4,v,62.05673819033946,34.967254256467406,0.8444471795690977,0.8701250543978787,0.9921314272058951,1.0
phase2,fp32,1,4,k,101.56087755980965,66.61901925637905,0.957526647023959,0.9594658481933286,0.9999546574498883,1.0
phase2,fp32,1,4,v,83.74688447581589,68.7699531027387,0.9341481734839718,0.9332662449304165,0.9999293441436827,1.0
phase2,fp32,0,5,k,46.411951577165155,19.717346810337933,0.8393229374816555,0.8614390151458475,0.9974023572653279,1.0
phase2,fp32,0,5,v,61.99974374674291,34.693907707434526,0.8378357314780462,0.8553924910882185,0.9981611139370892,1.0
phase2,fp32,1,5,k,101.57017526493988,66.64181891408342,0.9578569310425953,0.9592836698495322,0.9999839140615343,1.0
phase2,fp32,1,5,v,83.73504108783301,68.76377911413863,0.9340652261809765,0.9326661340954858,0.9999633867731483,1.0
phase2,fp32,0,6,k,46.41571087774843,19.59508165378393,0.8336700635735829,0.8512296158493874,0.9985108850281587,1.0
phase2,fp32,0,6,v,61.98589462644397,34.51431899413835,0.8335348873869142,0.8469427143687231,0.9988284974295685,1.0
phase2,fp32,1,6,k,101.55358023324774,66.65297052354998,0.9580190352902467,0.959174243999973,0.9999893721820774,1.0
phase2,fp32,1,6,v,83.70851568103942,68.75959303317953,0.9340087440478906,0.9322807422233936,0.9999791385131498,1.0
phase2,fp32,0,7,k,46.4185585684573,19.51894600098815,0.8301600842435555,0.8428524234614839,0.9986119822762759,1.0
phase2,fp32,0,7,v,61.99698931700574,34.412473310555654,0.8311014019216054,0.8403878276232964,0.9991043950186612,1.0
phase2,fp32,1,7,k,101.55295480170635,66.68671520666803,0.9585107991421395,0.9590775699329177,0.9999849484491247,1.0
phase2,fp32,1,7,v,83.70074342307991,68.75304060855635,0.9339200094201838,0.9319848721065441,0.9999680156551887,1.0
phase2,fp32,0,8,k,46.42353176848877,19.480616144188453,0.8284203241670502,0.8364565818601318,0.9991873896713663,1.0
phase2,fp32,0,8,v,62.008578214986045,34.36168413683626,0.8298925247351157,0.8362157302741564,0.9996401520454604,1.0
phase2,fp32,1,8,k,101.59338758163906,66.74414447532922,0.9593455324599348,0.958930405081303,0.9999809641534994,1.0
phase2,fp32,1,8,v,83.723097467055,68.74997964182454,0.9338783752511043,0.931668415726726,0.9999780158685876,1.0
combined-no-decay,bf16,0,2,k,64.17446816019927,60.1333334763849,1.0,1.0,1.0,-0.007744137451062982
combined-no-decay,bf16,0,2,v,64.29888898537575,54.974673753749926,1.0,1.0,1.0,0.04564035397999721
combined-no-decay,bf16,1,2,k,46.82002622053383,58.30729863301486,1.0,1.0,1.0,0.4631192519778729
combined-no-decay,bf16,1,2,v,56.6438656921846,55.77067315223643,1.0,1.0,1.0,0.22748918047419145
combined-no-decay,bf16,0,3,k,39.97804989719316,34.13456944330163,0.5479455166827685,0.10292745853700537,0.10292745853700537,0.14367678785488144
combined-no-decay,bf16,0,3,v,44.68645806414801,29.98312219334331,0.5309826710436316,0.08509288274793488,0.08509288274793488,0.1147993812805295
combined-no-decay,bf16,1,3,k,42.69574482404127,52.74439280153133,0.9045283951454375,0.547754530676845,0.547754530676845,0.5799969048619072
combined-no-decay,bf16,1,3,v,54.50861198804462,53.62482604021004,0.9615748640364017,0.4840524589715325,0.4840524589715325,0.49949139046659385
combined-no-decay,bf16,0,4,k,32.818655624918065,26.77137354120681,0.4186631882242924,0.049086716256117234,0.16923475440164532,0.16741193003317115
combined-no-decay,bf16,0,4,v,39.63765792445008,23.180004086807973,0.40257891083694575,0.09401967222952645,0.08859208611806073,0.09931202394630134
combined-no-decay,bf16,1,4,k,41.777533266126774,50.46440417184656,0.8652430085405312,0.44975010454155034,0.5360142823543949,0.549390043308227
combined-no-decay,bf16,1,4,v,53.852254583924925,53.017245555021695,0.9506873603951811,0.4280131842378023,0.5049938636123963,0.5116729353682059
combined-no-decay,bf16,0,5,k,19.790808494318227,8.709494522983228,0.14274762867862803,0.07304200768493146,0.11980939205431221,0.17930777284274263
combined-no-decay,bf16,0,5,v,31.521670903565667,7.9401156925774,0.14300794548501,-0.01820176942317601,0.0448781676003522,-0.0065709207418887155
combined-no-decay,bf16,1,5,k,40.50398774364809,47.27636717117636,0.8102160241474916,0.47533558777066637,0.5401731033042328,0.5592554278046625
combined-no-decay,bf16,1,5,v,53.08320141132856,52.38574479975375,0.9394142386748197,0.37838866513459796,0.5177611971536558,0.5254072779520843
combined-no-decay,bf16,0,6,k,16.80021067989231,4.392315217290839,0.0694709074054516,0.034017805640873866,0.44554765958668535,0.3217437867071695
combined-no-decay,bf16,0,6,v,29.069754886044514,3.9759395433498357,0.06811543640607054,0.0624614171859121,0.07981054444423671,0.0053316769980266375
combined-no-decay,bf16,1,6,k,39.76525112909726,48.30016723896284,0.8273771653427276,0.37434260741077274,0.502706626845516,0.5216016567328303
combined-no-decay,bf16,1,6,v,52.74279438268199,52.16708647023438,0.9354423118625829,0.2948421561084087,0.5292618294870992,0.5308542500286526
combined-no-decay,bf16,0,7,k,15.20584204889266,2.3767381834520176,0.03720202105615481,0.031586575879548086,0.5997730638497133,0.5455392496723487
combined-no-decay,bf16,0,7,v,27.22483677136602,2.1614290866667787,0.036354901901249445,0.020855488603663444,0.36866236444526157,0.3047031798319396
combined-no-decay,bf16,1,7,k,34.177584785578944,41.52939645320771,0.715311532118013,0.3024966133758369,0.44327849861116503,0.49074164964015166
combined-no-decay,bf16,1,7,v,46.845572405819446,46.29708237495406,0.8304559972836298,0.18345522883856202,0.47436291304165046,0.5187946685575543
combined-no-decay,bf16,0,8,k,14.1755761605962,1.5263316876848398,0.02365542063366604,0.04276730908299292,0.7032659893018179,0.67180912831444
combined-no-decay,bf16,0,8,v,25.80347306342321,1.3628113093252316,0.02256870582153688,0.06366392268202677,0.540473225236102,0.5101715393725879
combined-no-decay,bf16,1,8,k,33.61055010005086,38.99370551213539,0.6717423626638379,0.2833550839282385,0.5106642301249664,0.5434043568898344
combined-no-decay,bf16,1,8,v,46.62542892422386,46.097152072827214,0.8268606816315004,0.17858745578187732,0.5196270885401858,0.5224056183253017
combined-no-decay,fp32,0,2,k,64.20164511711273,60.15974268566984,1.0,1.0,1.0,-0.008130726306203597
combined-no-decay,fp32,0,2,v,64.3338596612319,54.998916614926046,1.0,1.0,1.0,0.04570416379517252
combined-no-decay,fp32,1,2,k,46.80962501998865,58.80124912393774,1.0,1.0,1.0,0.4592719297859441
combined-no-decay,fp32,1,2,v,56.644299642333785,55.99594133838953,1.0,1.0,1.0,0.22609712216480032
combined-no-decay,fp32,0,3,k,39.97755671237502,34.15135824687272,0.5481401895596826,0.10282520316864059,0.10282520316864059,0.14356536401557618
combined-no-decay,fp32,0,3,v,44.681977255464645,30.00159370314782,0.53135263286916,0.0850642185305251,0.0850642185305251,0.11465613213283792
combined-no-decay,fp32,1,3,k,42.213523200521145,52.195146229085466,0.8873918263908768,0.5412246095537789,0.5412246095537789,0.5816548380730178
combined-no-decay,fp32,1,3,v,54.23577511659355,53.284542776774146,0.951629602462654,0.4859822089195561,0.4859822089195561,0.5069391916144769
combined-no-decay,fp32,0,4,k,32.861429603446695,26.84545595905258,0.41991131553957683,0.04918728630656781,0.16922879398040536,0.16766983794102108
combined-no-decay,fp32,0,4,v,39.67374214486331,23.249806883088407,0.40394314876398607,0.09351814636725242,0.08877140138415016,0.09962511217231798
combined-no-decay,fp32,1,4,k,41.482500415889845,49.44445340127999,0.8403972214401029,0.461667080226317,0.5564150600257288,0.5682530833752439
combined-no-decay,fp32,1,4,v,53.702140152715714,52.702126614848865,0.9411769711300373,0.43368385153382294,0.5122107630464863,0.5167689628440975
combined-no-decay,fp32,0,5,k,19.86252152020758,8.793850745692964,0.14421076175716946,0.07308690577678922,0.11878158949011601,0.17408987367059411
combined-no-decay,fp32,0,5,v,31.559843070270603,8.009676038364116,0.14444097238247824,-0.01926775128263601,0.046144049602424866,-0.006364534193887123
combined-no-decay,fp32,1,5,k,40.280609291394185,47.10297954297076,0.8002593530164226,0.4577684649819941,0.5531196065593174,0.5653335902516593
combined-no-decay,fp32,1,5,v,52.96433371203455,52.16936407139987,0.9317602509516016,0.37949198351362656,0.5228968658910967,0.5293646380341537
combined-no-decay,fp32,0,6,k,16.869725821124497,4.480601612626023,0.07084302039408397,0.03390173727255742,0.45017802519570504,0.3231217971287956
combined-no-decay,fp32,0,6,v,29.084737194262985,4.040392976764473,0.06924010130968293,0.06059847867095296,0.08354054936045935,0.002378499033224046
combined-no-decay,fp32,1,6,k,39.7152870130001,45.75299601736508,0.777072675645128,0.41420526140245284,0.5520209837926067,0.5557769472035194
combined-no-decay,fp32,1,6,v,52.707019427805506,51.98856865453142,0.9285308653207981,0.29438153457610705,0.5330613659817225,0.5349602162799684
combined-no-decay,fp32,0,7,k,15.257051763591367,2.469230936167337,0.038609716615309334,0.03043286435114758,0.6077317137704867,0.5555407130585832
combined-no-decay,fp32,0,7,v,27.285472025066156,2.2345993937128767,0.0375513060902868,0.015554977840341131,0.3855183702185657,0.3108336405017309
combined-no-decay,fp32,1,7,k,36.35166013943983,41.988844439511126,0.715025344741747,0.3730031761021476,0.5501496780674444,0.5688423929675153
combined-no-decay,fp32,1,7,v,50.103523841095154,49.52409482838728,0.8846516448954785,0.22815514204402,0.5358793565663313,0.5426498397582046
combined-no-decay,fp32,0,8,k,14.22705477838029,1.6233113060006312,0.025115437629936628,0.0459162692965652,0.7203039184815764,0.6992474529745036
combined-no-decay,fp32,0,8,v,25.843593754589165,1.4380675264973213,0.02376903219245742,0.05303221720118423,0.5802813943367251,0.5435600365549925
combined-no-decay,fp32,1,8,k,36.168771310839446,41.46146622209898,0.7058624235712895,0.33969426943030645,0.5602025139884952,0.5598532531656016
combined-no-decay,fp32,1,8,v,49.934760413746574,49.441986573611366,0.883169623649252,0.22972507341135606,0.5433930162869819,0.5438620236515945
