task,mode,checkpoint,T,token_acc,string_acc,n
copying,phase2,best,1,1.0,1.0,256
copying,phase2,best,2,1.0,1.0,256
copying,phase2,best,3,1.0,1.0,256
copying,phase2,best,4,1.0,1.0,256
copying,phase2,best,5,1.0,1.0,256
copying,phase2,best,6,1.0,1.0,256
copying,phase2,best,7,1.0,1.0,256
copying,phase2,best,8,1.0,1.0,256
copying,phase2,best,9,1.0,1.0,256
copying,phase2,best,10,1.0,1.0,256
copying,phase2,best,11,1.0,1.0,256
copying,phase2,best,12,1.0,1.0,256
copying,phase2,best,13,1.0,1.0,256
copying,phase2,best,14,1.0,1.0,256
copying,phase2,best,16,1.0,1.0,256
copying,phase2,best,24,1.0,1.0,256
copying,phase2,best,32,1.0,1.0,256
copying,phase2,best,48,1.0,1.0,256
copying,phase2,best,64,1.0,1.0,256
copying,phase2,best,96,1.0,1.0,256
copying,phase2,best,128,1.0,1.0,256
copying,phase2,best,192,1.0,1.0,256
copying,phase2,best,256,1.0,1.0,256
copying,phase2,best,384,1.0,1.0,256
copying,phase2,best,512,1.0,1.0,256
copying,phase2,best,768,1.0,1.0,256
copying,phase2,best,1024,1.0,1.0,256
copying,phase2,best,1536,1.0,1.0,256
copying,phase2,best,2048,1.0,1.0,256
copying,phase2,best,3072,1.0,1.0,256
copying,phase2,best,4096,1.0,1.0,256
copying,phase2,best,6144,1.0,1.0,256
copying,phase2,best,8192,1.0,1.0,256
copying,phase2,best,12288,1.0,1.0,256
copying,phase2,best,16384,1.0,1.0,256
copying,phase2,best,24576,1.0,1.0,256
copying,phase2,best,32768,1.0,1.0,256
copying,phase2,best,49152,1.0,1.0,256
copying,phase2,best,65536,1.0,1.0,256
copying,phase2,best,98304,1.0,1.0,256
copying,phase2,best,131072,1.0,1.0,256
copying,phase2,final,1,1.0,1.0,256
copying,phase2,final,2,1.0,1.0,256
copying,phase2,final,3,1.0,1.0,256
copying,phase2,final,4,1.0,1.0,256
copying,phase2,final,5,1.0,1.0,256
copying,phase2,final,6,1.0,1.0,256
copying,phase2,final,7,1.0,1.0,256
copying,phase2,final,8,1.0,1.0,256
copying,phase2,final,9,1.0,1.0,256
copying,phase2,final,10,1.0,1.0,256
copying,phase2,final,11,1.0,1.0,256
copying,phase2,final,12,1.0,1.0,256
copying,phase2,final,13,1.0,1.0,256
copying,phase2,final,14,1.0,1.0,256
copying,phase2,final,16,1.0,1.0,256
copying,phase2,final,24,1.0,1.0,256
copying,phase2,final,32,1.0,1.0,256
copying,phase2,final,48,1.0,1.0,256
copying,phase2,final,64,1.0,1.0,256
copying,phase2,final,96,1.0,1.0,256
copying,phase2,final,128,1.0,1.0,256
copying,phase2,final,192,1.0,1.0,256
copying,phase2,final,256,1.0,1.0,256
copying,phase2,final,384,1.0,1.0,256
copying,phase2,final,512,1.0,1.0,256
copying,phase2,final,768,1.0,1.0,256
copying,phase2,final,1024,1.0,1.0,256
copying,phase2,final,1536,1.0,1.0,256
copying,phase2,final,2048,1.0,1.0,256
copying,phase2,final,3072,1.0,1.0,256
copying,phase2,final,4096,1.0,1.0,256
copying,phase2,final,6144,1.0,1.0,256
copying,phase2,final,8192,1.0,1.0,256
copying,phase2,final,12288,1.0,1.0,256
copying,phase2,final,16384,1.0,1.0,256
copying,phase2,final,24576,1.0,1.0,256
copying,phase2,final,32768,1.0,1.0,256
copying,phase2,final,49152,1.0,1.0,256
copying,phase2,final,65536,1.0,1.0,256
copying,phase2,final,98304,1.0,1.0,256
copying,phase2,final,131072,1.0,1.0,256
copying,none,best,1,0.99921875,0.9921875,256
copying,none,best,2,0.9984375,0.984375,256
copying,none,best,3,0.990625,0.9140625,256
copying,none,best,4,0.971484375,0.7265625,256
copying,none,best,5,0.957421875,0.62890625,256
copying,none,best,6,0.9234375,0.39453125,256
copying,none,best,7,0.853125,0.16796875,256
copying,none,best,8,0.876953125,0.06640625,256
copying,none,best,9,0.9765625,0.796875,256
copying,none,best,10,0.9328125,0.4765625,256
copying,none,best,11,0.885546875,0.23046875,256
copying,none,best,12,0.973046875,0.75390625,256
copying,none,best,13,0.969921875,0.75,256
copying,none,best,14,0.90390625,0.3828125,256
copying,none,best,16,0.975390625,0.80078125,256
copying,none,best,24,0.8796875,0.08203125,256
copying,none,best,32,0.91875,0.3984375,256
copying,none,best,48,0.735546875,0.015625,256
copying,none,best,64,0.83515625,0.1015625,256
copying,none,best,96,0.817578125,0.04296875,256
copying,none,best,128,0.854296875,0.140625,256
copying,none,best,192,0.87421875,0.20703125,256
copying,none,best,256,0.709375,0.0,256
copying,none,best,384,0.717578125,0.0,256
copying,none,best,512,0.71015625,0.0,256
copying,none,best,768,0.713671875,0.0,256
copying,none,best,1024,0.705859375,0.0,256
copying,none,best,1536,0.70625,0.0,256
copying,none,best,2048,0.71171875,0.0,256
copying,none,best,3072,0.70625,0.0,256
copying,none,best,4096,0.691796875,0.0,256
copying,none,best,6144,0.683203125,0.0,256
copying,none,best,8192,0.694921875,0.0,256
copying,none,best,12288,0.6953125,0.00390625,256
copying,none,best,16384,0.676171875,0.0,256
copying,none,best,24576,0.673828125,0.00390625,256
copying,none,best,32768,0.680078125,0.0,256
copying,none,best,49152,0.668359375,0.0,256
copying,none,best,65536,0.653125,0.0,256
copying,none,best,98304,0.662109375,0.00390625,256
copying,none,best,131072,0.655859375,0.00390625,256
copying,none,final,1,0.996875,0.96875,256
copying,none,final,2,0.9921875,0.92578125,256
copying,none,final,3,0.96640625,0.703125,256
copying,none,final,4,0.913671875,0.21875,256
copying,none,final,5,0.89609375,0.1640625,256
copying,none,final,6,0.523828125,0.0,256
copying,none,final,7,0.780859375,0.03515625,256
copying,none,final,8,0.83359375,0.046875,256
copying,none,final,9,0.973828125,0.7734375,256
copying,none,final,10,0.736328125,0.01171875,256
copying,none,final,11,0.83203125,0.12890625,256
copying,none,final,12,0.953515625,0.5625,256
copying,none,final,13,0.96640625,0.69140625,256
copying,none,final,14,0.86015625,0.1328125,256
copying,none,final,16,0.9578125,0.609375,256
copying,none,final,24,0.771875,0.01171875,256
copying,none,final,32,0.96953125,0.75390625,256
copying,none,final,48,0.73203125,0.00390625,256
copying,none,final,64,0.84609375,0.06640625,256
copying,none,final,96,0.872265625,0.12109375,256
copying,none,final,128,0.85859375,0.10546875,256
copying,none,final,192,0.853515625,0.09765625,256
copying,none,final,256,0.743359375,0.00390625,256
copying,none,final,384,0.72265625,0.00390625,256
copying,none,final,512,0.75390625,0.01171875,256
copying,none,final,768,0.73125,0.0,256
copying,none,final,1024,0.737109375,0.0,256
copying,none,final,1536,0.725390625,0.0,256
copying,none,final,2048,0.731640625,0.0,256
copying,none,final,3072,0.733984375,0.01171875,256
copying,none,final,4096,0.7046875,0.00390625,256
copying,none,final,6144,0.704296875,0.00390625,256
copying,none,final,8192,0.70546875,0.0,256
copying,none,final,12288,0.708984375,0.00390625,256
copying,none,final,16384,0.65234375,0.0,256
copying,none,final,24576,0.66875,0.00390625,256
copying,none,final,32768,0.6546875,0.0,256
copying,none,final,49152,0.661328125,0.0,256
copying,none,final,65536,0.610546875,0.0,256
copying,none,final,98304,0.61171875,0.0,256
copying,none,final,131072,0.609375,0.00390625,256
copying,relative,best,1,0.98984375,0.91015625,256
copying,relative,best,2,0.981640625,0.83984375,256
copying,relative,best,3,0.890234375,0.23046875,256
copying,relative,best,4,0.8125,0.03125,256
copying,relative,best,5,0.950390625,0.5625,256
copying,relative,best,6,0.89765625,0.3125,256
copying,relative,best,7,0.84921875,0.15234375,256
copying,relative,best,8,0.884765625,0.23046875,256
copying,relative,best,9,0.972265625,0.74609375,256
copying,relative,best,10,0.983984375,0.8515625,256
copying,relative,best,11,0.9203125,0.29296875,256
copying,relative,best,12,0.896484375,0.26171875,256
copying,relative,best,13,0.95703125,0.62109375,256
copying,relative,best,14,0.950390625,0.54296875,256
copying,relative,best,16,0.938671875,0.4921875,256
copying,relative,best,24,0.85546875,0.17578125,256
copying,relative,best,32,0.9578125,0.62109375,256
copying,relative,best,48,0.857421875,0.16796875,256
copying,relative,best,64,0.83359375,0.03515625,256
copying,relative,best,96,0.708203125,0.0,256
copying,relative,best,128,0.855078125,0.0703125,256
copying,relative,best,192,0.865234375,0.09765625,256
copying,relative,best,256,0.82890625,0.0703125,256
copying,relative,best,384,0.834765625,0.05859375,256
copying,relative,best,512,0.809375,0.05078125,256
copying,relative,best,768,0.712890625,0.0,256
copying,relative,best,1024,0.6484375,0.0,256
copying,relative,best,1536,0.662890625,0.00390625,256
copying,relative,best,2048,0.6078125,0.0,256
copying,relative,best,3072,0.54921875,0.0,256
copying,relative,best,4096,0.54375,0.0,256
copying,relative,best,6144,0.5453125,0.0,256
copying,relative,best,8192,0.54375,0.0,256
copying,relative,best,12288,0.544140625,0.0,256
copying,relative,best,16384,0.5328125,0.0,256
copying,relative,best,24576,0.5390625,0.0,256
copying,relative,best,32768,0.52890625,0.0,256
copying,relative,best,49152,0.509765625,0.0,256
copying,relative,best,65536,0.50703125,0.0,256
copying,relative,best,98304,0.5109375,0.0,256
copying,relative,best,131072,0.5,0.0,256
copying,relative,final,1,0.8484375,0.04296875,256
copying,relative,final,2,0.90390625,0.1796875,256
copying,relative,final,3,0.954296875,0.61328125,256
copying,relative,final,4,0.9640625,0.69140625,256
copying,relative,final,5,0.910546875,0.3671875,256
copying,relative,final,6,0.911328125,0.3671875,256
copying,relative,final,7,0.900390625,0.3125,256
copying,relative,final,8,0.90625,0.25390625,256
copying,relative,final,9,0.98671875,0.87890625,256
copying,relative,final,10,0.94296875,0.55078125,256
copying,relative,final,11,0.793359375,0.03515625,256
copying,relative,final,12,0.7828125,0.02734375,256
copying,relative,final,13,0.94609375,0.56640625,256
copying,relative,final,14,0.96484375,0.6875,256
copying,relative,final,16,0.8359375,0.0703125,256
copying,relative,final,24,0.8109375,0.015625,256
copying,relative,final,32,0.839453125,0.05859375,256
copying,relative,final,48,0.699609375,0.0078125,256
copying,relative,final,64,0.728125,0.0078125,256
copying,relative,final,96,0.74296875,0.00390625,256
copying,relative,final,128,0.83125,0.05078125,256
copying,relative,final,192,0.8609375,0.16015625,256
copying,relative,final,256,0.72109375,0.00390625,256
copying,relative,final,384,0.7890625,0.02734375,256
copying,relative,final,512,0.698828125,0.0,256
copying,relative,final,768,0.659375,0.0,256
copying,relative,final,1024,0.573828125,0.00390625,256
copying,relative,final,1536,0.5890625,0.0,256
copying,relative,final,2048,0.581640625,0.0,256
copying,relative,final,3072,0.567578125,0.0,256
copying,relative,final,4096,0.57578125,0.0,256
copying,relative,final,6144,0.58671875,0.0,256
copying,relative,final,8192,0.576953125,0.0,256
copying,relative,final,12288,0.56640625,0.0,256
copying,relative,final,16384,0.571484375,0.0,256
copying,relative,final,24576,0.5765625,0.0,256
copying,relative,final,32768,0.577734375,0.0,256
copying,relative,final,49152,0.566796875,0.0,256
copying,relative,final,65536,0.531640625,0.0,256
copying,relative,final,98304,0.541015625,0.0,256
copying,relative,final,131072,0.525390625,0.0,256
selective-copying,phase2,best,1,1.0,1.0,256
selective-copying,phase2,best,2,0.99921875,0.9921875,256
selective-copying,phase2,best,3,0.9859375,0.86328125,256
selective-copying,phase2,best,4,0.99375,0.9453125,256
selective-copying,phase2,best,5,0.98671875,0.8828125,256
selective-copying,phase2,best,6,0.972265625,0.77734375,256
selective-copying,phase2,best,7,0.97265625,0.765625,256
selective-copying,phase2,best,8,0.987890625,0.90625,256
selective-copying,phase2,best,9,0.99140625,0.921875,256
selective-copying,phase2,best,10,0.983203125,0.8515625,256
selective-copying,phase2,best,11,0.980859375,0.828125,256
selective-copying,phase2,best,12,0.985546875,0.8671875,256
selective-copying,phase2,best,13,0.980859375,0.85546875,256
selective-copying,phase2,best,14,0.976171875,0.796875,256
selective-copying,phase2,best,16,0.95625,0.62890625,256
selective-copying,phase2,best,24,0.951953125,0.63671875,256
selective-copying,phase2,best,32,0.905078125,0.3359375,256
selective-copying,phase2,best,48,0.877734375,0.2578125,256
selective-copying,phase2,best,64,0.83359375,0.17578125,256
selective-copying,phase2,best,96,0.821484375,0.1484375,256
selective-copying,phase2,best,128,0.77734375,0.07421875,256
selective-copying,phase2,best,192,0.746875,0.05078125,256
selective-copying,phase2,best,256,0.758984375,0.05859375,256
selective-copying,phase2,best,384,0.755859375,0.06640625,256
selective-copying,phase2,best,512,0.7109375,0.03125,256
selective-copying,phase2,best,768,0.68671875,0.015625,256
selective-copying,phase2,best,1024,0.680078125,0.03125,256
selective-copying,phase2,best,1536,0.678515625,0.03125,256
selective-copying,phase2,best,2048,0.641796875,0.00390625,256
selective-copying,phase2,best,3072,0.6234375,0.0078125,256
selective-copying,phase2,best,4096,0.584765625,0.00390625,256
selective-copying,phase2,best,6144,0.612890625,0.00390625,256
selective-copying,phase2,best,8192,0.56171875,0.00390625,256
selective-copying,phase2,best,12288,0.54296875,0.0,256
selective-copying,phase2,best,16384,0.428125,0.0,256
selective-copying,phase2,best,24576,0.439453125,0.0,256
selective-copying,phase2,best,32768,0.3890625,0.0,256
selective-copying,phase2,best,49152,0.373828125,0.0,256
selective-copying,phase2,best,65536,0.29375,0.0,256
selective-copying,phase2,best,98304,0.275,0.0,256
selective-copying,phase2,best,131072,0.25546875,0.0,256
selective-copying,phase2,final,1,0.99921875,0.9921875,256
selective-copying,phase2,final,2,0.998828125,0.98828125,256
selective-copying,phase2,final,3,0.990625,0.90625,256
selective-copying,phase2,final,4,0.99609375,0.9609375,256
selective-copying,phase2,final,5,0.98671875,0.87890625,256
selective-copying,phase2,final,6,0.984765625,0.87109375,256
selective-copying,phase2,final,7,0.9828125,0.84765625,256
selective-copying,phase2,final,8,0.987890625,0.890625,256
selective-copying,phase2,final,9,0.99375,0.9453125,256
selective-copying,phase2,final,10,0.986328125,0.875,256
selective-copying,phase2,final,11,0.980078125,0.8359375,256
selective-copying,phase2,final,12,0.969140625,0.734375,256
selective-copying,phase2,final,13,0.980859375,0.83203125,256
selective-copying,phase2,final,14,0.9796875,0.828125,256
selective-copying,phase2,final,16,0.937109375,0.5703125,256
selective-copying,phase2,final,24,0.9546875,0.65625,256
selective-copying,phase2,final,32,0.869140625,0.2421875,256
selective-copying,phase2,final,48,0.83984375,0.17578125,256
selective-copying,phase2,final,64,0.8328125,0.1640625,256
selective-copying,phase2,final,96,0.78671875,0.08203125,256
selective-copying,phase2,final,128,0.769921875,0.05859375,256
selective-copying,phase2,final,192,0.7375,0.046875,256
selective-copying,phase2,final,256,0.758203125,0.0546875,256
selective-copying,phase2,final,384,0.728125,0.03125,256
selective-copying,phase2,final,512,0.691796875,0.01171875,256
selective-copying,phase2,final,768,0.675390625,0.0234375,256
selective-copying,phase2,final,1024,0.680859375,0.015625,256
selective-copying,phase2,final,1536,0.67109375,0.015625,256
selective-copying,phase2,final,2048,0.620703125,0.0,256
selective-copying,phase2,final,3072,0.61640625,0.0,256
selective-copying,phase2,final,4096,0.604296875,0.00390625,256
selective-copying,phase2,final,6144,0.60546875,0.00390625,256
selective-copying,phase2,final,8192,0.5484375,0.0078125,256
selective-copying,phase2,final,12288,0.521484375,0.0,256
selective-copying,phase2,final,16384,0.415625,0.0,256
selective-copying,phase2,final,24576,0.429296875,0.0,256
selective-copying,phase2,final,32768,0.369921875,0.0,256
selective-copying,phase2,final,49152,0.36171875,0.0,256
selective-copying,phase2,final,65536,0.273046875,0.0,256
selective-copying,phase2,final,98304,0.2859375,0.0,256
selective-copying,phase2,final,131072,0.26484375,0.0,256
selective-copying,none,best,1,0.942578125,0.43359375,256
selective-copying,none,best,2,0.976171875,0.80859375,256
selective-copying,none,best,3,0.907421875,0.38671875,256
selective-copying,none,best,4,0.81328125,0.06640625,256
selective-copying,none,best,5,0.758203125,0.01953125,256
selective-copying,none,best,6,0.650390625,0.0078125,256
selective-copying,none,best,7,0.51484375,0.0,256
selective-copying,none,best,8,0.694140625,0.01953125,256
selective-copying,none,best,9,0.67734375,0.00390625,256
selective-copying,none,best,10,0.626171875,0.0,256
selective-copying,none,best,11,0.58046875,0.0,256
selective-copying,none,best,12,0.736328125,0.0234375,256
selective-copying,none,best,13,0.702734375,0.0234375,256
selective-copying,none,best,14,0.693359375,0.0078125,256
selective-copying,none,best,16,0.756640625,0.03515625,256
selective-copying,none,best,24,0.643359375,0.0,256
selective-copying,none,best,32,0.641796875,0.00390625,256
selective-copying,none,best,48,0.5984375,0.0,256
selective-copying,none,best,64,0.587109375,0.00390625,256
selective-copying,none,best,96,0.61796875,0.0,256
selective-copying,none,best,128,0.610546875,0.0,256
selective-copying,none,best,192,0.575390625,0.0,256
selective-copying,none,best,256,0.573046875,0.0,256
selective-copying,none,best,384,0.61484375,0.00390625,256
selective-copying,none,best,512,0.583984375,0.00390625,256
selective-copying,none,best,768,0.56171875,0.0,256
selective-copying,none,best,1024,0.51875,0.0,256
selective-copying,none,best,1536,0.541796875,0.00390625,256
selective-copying,none,best,2048,0.5375,0.0,256
selective-copying,none,best,3072,0.4984375,0.0,256
selective-copying,none,best,4096,0.45859375,0.00390625,256
selective-copying,none,best,6144,0.48359375,0.0,256
selective-copying,none,best,8192,0.49375,0.0,256
selective-copying,none,best,12288,0.4625,0.0,256
selective-copying,none,best,16384,0.351953125,0.0,256
selective-copying,none,best,24576,0.4140625,0.0,256
selective-copying,none,best,32768,0.4140625,0.0,256
selective-copying,none,best,49152,0.4015625,0.0,256
selective-copying,none,best,65536,0.26875,0.0,256
selective-copying,none,best,98304,0.357421875,0.0,256
selective-copying,none,best,131072,0.342578125,0.0,256
selective-copying,none,final,1,0.985546875,0.875,256
selective-copying,none,final,2,0.908203125,0.31640625,256
selective-copying,none,final,3,0.879296875,0.30859375,256
selective-copying,none,final,4,0.80390625,0.05078125,256
selective-copying,none,final,5,0.735546875,0.015625,256
selective-copying,none,final,6,0.663671875,0.0,256
selective-copying,none,final,7,0.601953125,0.0,256
selective-copying,none,final,8,0.7328125,0.03125,256
selective-copying,none,final,9,0.697265625,0.01953125,256
selective-copying,none,final,10,0.612890625,0.0,256
selective-copying,none,final,11,0.5796875,0.0,256
selective-copying,none,final,12,0.665625,0.0,256
selective-copying,none,final,13,0.676953125,0.0078125,256
selective-copying,none,final,14,0.688671875,0.00390625,256
selective-copying,none,final,16,0.703125,0.015625,256
selective-copying,none,final,24,0.644140625,0.0,256
selective-copying,none,final,32,0.55859375,0.0,256
selective-copying,none,final,48,0.573046875,0.0,256
selective-copying,none,final,64,0.591796875,0.0,256
selective-copying,none,final,96,0.555859375,0.0,256
selective-copying,none,final,128,0.586328125,0.0,256
selective-copying,none,final,192,0.56328125,0.0,256
selective-copying,none,final,256,0.569921875,0.0,256
selective-copying,none,final,384,0.58828125,0.00390625,256
selective-copying,none,final,512,0.5609375,0.0,256
selective-copying,none,final,768,0.534375,0.0,256
selective-copying,none,final,1024,0.53984375,0.00390625,256
selective-copying,none,final,1536,0.543359375,0.00390625,256
selective-copying,none,final,2048,0.5203125,0.0,256
selective-copying,none,final,3072,0.495703125,0.0,256
selective-copying,none,final,4096,0.475390625,0.0,256
selective-copying,none,final,6144,0.48671875,0.0,256
selective-copying,none,final,8192,0.48203125,0.0,256
selective-copying,none,final,12288,0.462890625,0.0,256
selective-copying,none,final,16384,0.383984375,0.0,256
selective-copying,none,final,24576,0.41640625,0.0,256
selective-copying,none,final,32768,0.403515625,0.0,256
selective-copying,none,final,49152,0.39375,0.0,256
selective-copying,none,final,65536,0.30234375,0.0,256
selective-copying,none,final,98304,0.342578125,0.0,256
selective-copying,none,final,131072,0.324609375,0.0,256
selective-copying,relative,best,1,0.96015625,0.67578125,256
selective-copying,relative,best,2,0.953125,0.64453125,256
selective-copying,relative,best,3,0.72109375,0.015625,256
selective-copying,relative,best,4,0.690625,0.01171875,256
selective-copying,relative,best,5,0.662109375,0.00390625,256
selective-copying,relative,best,6,0.612890625,0.0,256
selective-copying,relative,best,7,0.526171875,0.0,256
selective-copying,relative,best,8,0.7109375,0.00390625,256
selective-copying,relative,best,9,0.738671875,0.0078125,256
selective-copying,relative,best,10,0.73671875,0.02734375,256
selective-copying,relative,best,11,0.633984375,0.00390625,256
selective-copying,relative,best,12,0.684765625,0.0078125,256
selective-copying,relative,best,13,0.7421875,0.01953125,256
selective-copying,relative,best,14,0.75,0.015625,256
selective-copying,relative,best,16,0.65703125,0.00390625,256
selective-copying,relative,best,24,0.671875,0.0078125,256
selective-copying,relative,best,32,0.60390625,0.0,256
selective-copying,relative,best,48,0.5453125,0.0,256
selective-copying,relative,best,64,0.56484375,0.0,256
selective-copying,relative,best,96,0.61171875,0.0,256
selective-copying,relative,best,128,0.5765625,0.0,256
selective-copying,relative,best,192,0.565625,0.0,256
selective-copying,relative,best,256,0.548828125,0.0,256
selective-copying,relative,best,384,0.5671875,0.0,256
selective-copying,relative,best,512,0.528125,0.0,256
selective-copying,relative,best,768,0.512109375,0.0,256
selective-copying,relative,best,1024,0.516015625,0.0,256
selective-copying,relative,best,1536,0.524609375,0.0,256
selective-copying,relative,best,2048,0.501953125,0.0,256
selective-copying,relative,best,3072,0.476953125,0.0,256
selective-copying,relative,best,4096,0.46484375,0.0,256
selective-copying,relative,best,6144,0.44921875,0.0,256
selective-copying,relative,best,8192,0.425390625,0.0,256
selective-copying,relative,best,12288,0.419921875,0.0,256
selective-copying,relative,best,16384,0.296484375,0.0,256
selective-copying,relative,best,24576,0.307421875,0.0,256
selective-copying,relative,best,32768,0.278125,0.0,256
selective-copying,relative,best,49152,0.27109375,0.0,256
selective-copying,relative,best,65536,0.18515625,0.0,256
selective-copying,relative,best,98304,0.18671875,0.0,256
selective-copying,relative,best,131072,0.182421875,0.0,256
selective-copying,relative,final,1,0.990625,0.91796875,256
selective-copying,relative,final,2,0.976171875,0.796875,256
selective-copying,relative,final,3,0.765234375,0.02734375,256
selective-copying,relative,final,4,0.68515625,0.00390625,256
selective-copying,relative,final,5,0.61640625,0.0,256
selective-copying,relative,final,6,0.570703125,0.0,256
selective-copying,relative,final,7,0.454296875,0.0,256
selective-copying,relative,final,8,0.642578125,0.015625,256
selective-copying,relative,final,9,0.780859375,0.0703125,256
selective-copying,relative,final,10,0.804296875,0.0859375,256
selective-copying,relative,final,11,0.625390625,0.0,256
selective-copying,relative,final,12,0.715234375,0.00390625,256
selective-copying,relative,final,13,0.7859375,0.04296875,256
selective-copying,relative,final,14,0.7796875,0.06640625,256
selective-copying,relative,final,16,0.6671875,0.00390625,256
selective-copying,relative,final,24,0.5765625,0.0078125,256
selective-copying,relative,final,32,0.675,0.0078125,256
selective-copying,relative,final,48,0.5953125,0.0,256
selective-copying,relative,final,64,0.56015625,0.0,256
selective-copying,relative,final,96,0.607421875,0.0,256
selective-copying,relative,final,128,0.591796875,0.0,256
selective-copying,relative,final,192,0.59921875,0.0,256
selective-copying,relative,final,256,0.556640625,0.0,256
selective-copying,relative,final,384,0.574609375,0.0,256
selective-copying,relative,final,512,0.559375,0.0,256
selective-copying,relative,final,768,0.571484375,0.0,256
selective-copying,relative,final,1024,0.53125,0.0,256
selective-copying,relative,final,1536,0.541015625,0.0,256
selective-copying,relative,final,2048,0.51953125,0.0,256
selective-copying,relative,final,3072,0.511328125,0.0,256
selective-copying,relative,final,4096,0.44296875,0.0,256
selective-copying,relative,final,6144,0.436328125,0.0,256
selective-copying,relative,final,8192,0.4125,0.0,256
selective-copying,relative,final,12288,0.398046875,0.0,256
selective-copying,relative,final,16384,0.2890625,0.0,256
selective-copying,relative,final,24576,0.316015625,0.0,256
selective-copying,relative,final,32768,0.269140625,0.0,256
selective-copying,relative,final,49152,0.25703125,0.0,256
selective-copying,relative,final,65536,0.17890625,0.0,256
selective-copying,relative,final,98304,0.19609375,0.0,256
selective-copying,relative,final,131072,0.1875,0.0,256
