mode,task,position_mode,num_layers,checkpoint,evaluation,T,n,token_correct,string_correct,token_acc,string_acc,digit_errors
copying,copying,none,3,best,standard,1,256,2551,247,0.996484375,0.96484375,"[0, 0, 1, 0, 3, 0, 0, 0, 5, 0]"
copying,copying,none,3,best,standard,2,256,2559,255,0.999609375,0.99609375,"[0, 0, 0, 0, 0, 1, 0, 0, 0, 0]"
copying,copying,none,3,best,standard,3,256,2559,255,0.999609375,0.99609375,"[0, 0, 1, 0, 0, 0, 0, 0, 0, 0]"
copying,copying,none,3,best,standard,4,256,2554,250,0.99765625,0.9765625,"[0, 0, 0, 0, 0, 0, 0, 0, 0, 6]"
copying,copying,none,3,best,standard,5,256,2550,246,0.99609375,0.9609375,"[0, 0, 0, 0, 0, 1, 2, 0, 7, 0]"
copying,copying,none,3,best,standard,6,256,2525,224,0.986328125,0.875,"[0, 0, 0, 0, 0, 2, 0, 26, 6, 1]"
copying,copying,none,3,best,standard,7,256,2558,254,0.99921875,0.9921875,"[0, 0, 0, 0, 0, 0, 0, 1, 0, 1]"
copying,copying,none,3,best,standard,8,256,2555,251,0.998046875,0.98046875,"[0, 0, 0, 0, 0, 1, 0, 0, 0, 4]"
copying,copying,none,3,best,standard,9,256,2557,253,0.998828125,0.98828125,"[0, 0, 0, 0, 0, 1, 0, 0, 2, 0]"
copying,copying,none,3,best,standard,10,256,2536,233,0.990625,0.91015625,"[0, 0, 0, 0, 0, 0, 0, 22, 0, 2]"
copying,copying,none,3,best,standard,11,256,2560,256,1.0,1.0,"[0, 0, 0, 0, 0, 0, 0, 0, 0, 0]"
copying,copying,none,3,best,standard,12,256,2548,244,0.9953125,0.953125,"[0, 0, 0, 0, 0, 0, 0, 0, 0, 12]"
copying,copying,none,3,best,standard,13,256,2504,221,0.978125,0.86328125,"[0, 1, 1, 0, 0, 1, 1, 0, 24, 28]"
copying,copying,none,3,best,standard,14,256,2302,123,0.89921875,0.48046875,"[0, 0, 0, 0, 0, 0, 0, 95, 96, 67]"
copying,copying,none,3,best,standard,16,256,2541,238,0.992578125,0.9296875,"[0, 0, 1, 0, 2, 1, 1, 1, 3, 10]"
copying,copying,none,3,best,standard,24,256,2557,253,0.998828125,0.98828125,"[0, 0, 0, 0, 0, 0, 0, 0, 0, 3]"
copying,copying,none,3,best,standard,32,256,2538,236,0.99140625,0.921875,"[0, 0, 0, 0, 7, 1, 0, 0, 3, 11]"
copying,copying,none,3,best,standard,48,256,2078,15,0.81171875,0.05859375,"[0, 0, 0, 0, 27, 2, 103, 108, 85, 157]"
copying,copying,none,3,best,standard,64,256,2540,237,0.9921875,0.92578125,"[0, 0, 1, 0, 1, 15, 1, 0, 0, 2]"
copying,copying,none,3,best,standard,96,256,2462,172,0.96171875,0.671875,"[0, 0, 0, 0, 1, 40, 0, 0, 0, 57]"
copying,copying,none,3,best,standard,128,256,2528,225,0.9875,0.87890625,"[0, 1, 1, 0, 0, 21, 0, 0, 0, 9]"
copying,copying,none,3,best,standard,192,256,2536,234,0.990625,0.9140625,"[0, 0, 0, 0, 0, 16, 0, 0, 0, 8]"
copying,copying,none,3,best,standard,256,256,1433,0,0.559765625,0.0,"[0, 0, 226, 53, 131, 207, 140, 126, 75, 169]"
copying,copying,none,3,best,standard,384,256,1360,0,0.53125,0.0,"[0, 0, 212, 79, 131, 204, 188, 116, 92, 178]"
copying,copying,none,3,best,standard,512,256,1459,0,0.569921875,0.0,"[0, 0, 227, 61, 124, 204, 122, 125, 74, 164]"
copying,copying,none,3,best,standard,768,256,1454,0,0.56796875,0.0,"[0, 0, 227, 62, 122, 202, 111, 118, 90, 174]"
copying,copying,none,3,best,standard,1024,256,1356,0,0.5296875,0.0,"[0, 1, 218, 23, 121, 200, 198, 184, 127, 132]"
copying,copying,none,3,best,standard,1536,256,1368,0,0.534375,0.0,"[0, 0, 217, 26, 110, 200, 195, 184, 132, 128]"
copying,copying,none,3,best,standard,2048,256,1359,0,0.530859375,0.0,"[0, 1, 223, 22, 117, 199, 197, 189, 114, 139]"
copying,copying,none,3,best,standard,3072,256,1367,0,0.533984375,0.0,"[0, 0, 218, 24, 99, 197, 210, 185, 140, 120]"
copying,copying,none,3,best,standard,4096,256,1363,0,0.532421875,0.0,"[0, 0, 220, 10, 110, 203, 203, 204, 119, 128]"
copying,copying,none,3,best,standard,6144,256,1386,0,0.54140625,0.0,"[0, 0, 220, 8, 97, 195, 207, 187, 130, 130]"
copying,copying,none,3,best,standard,8192,256,1350,0,0.52734375,0.0,"[0, 0, 229, 11, 112, 199, 199, 182, 137, 141]"
copying,copying,none,3,best,standard,12288,256,1371,0,0.535546875,0.0,"[0, 0, 230, 12, 96, 198, 207, 188, 142, 116]"
copying,copying,none,3,best,standard,16384,256,1364,0,0.5328125,0.0,"[0, 0, 216, 16, 119, 194, 193, 203, 136, 119]"
copying,copying,none,3,best,standard,24576,256,1394,0,0.54453125,0.0,"[0, 0, 212, 12, 115, 190, 192, 178, 135, 132]"
copying,copying,none,3,best,standard,32768,256,1365,0,0.533203125,0.0,"[0, 0, 224, 7, 113, 207, 197, 184, 128, 135]"
copying,copying,none,3,best,standard,49152,256,1371,0,0.535546875,0.0,"[0, 1, 218, 17, 97, 204, 195, 184, 146, 127]"
copying,copying,none,3,best,standard,65536,256,1351,0,0.527734375,0.0,"[0, 0, 225, 11, 111, 198, 198, 192, 149, 125]"
copying,copying,none,3,best,standard,98304,256,1344,0,0.525,0.0,"[0, 0, 224, 9, 116, 199, 203, 188, 131, 146]"
copying,copying,none,3,best,standard,131072,256,1376,0,0.5375,0.0,"[0, 0, 227, 11, 121, 188, 196, 169, 136, 136]"
copying,copying,none,3,final,standard,1,256,2553,251,0.997265625,0.98046875,"[0, 0, 0, 0, 0, 2, 3, 0, 1, 1]"
copying,copying,none,3,final,standard,2,256,2553,249,0.997265625,0.97265625,"[1, 0, 0, 0, 0, 1, 3, 0, 0, 2]"
copying,copying,none,3,final,standard,3,256,2534,233,0.98984375,0.91015625,"[0, 0, 0, 1, 0, 9, 2, 3, 1, 10]"
copying,copying,none,3,final,standard,4,256,2535,234,0.990234375,0.9140625,"[1, 0, 0, 1, 1, 7, 0, 0, 0, 15]"
copying,copying,none,3,final,standard,5,256,2497,201,0.975390625,0.78515625,"[0, 2, 1, 1, 5, 25, 3, 5, 15, 6]"
copying,copying,none,3,final,standard,6,256,2335,92,0.912109375,0.359375,"[2, 7, 1, 11, 18, 53, 17, 77, 31, 8]"
copying,copying,none,3,final,standard,7,256,2545,242,0.994140625,0.9453125,"[0, 0, 0, 1, 1, 2, 10, 0, 0, 1]"
copying,copying,none,3,final,standard,8,256,2399,106,0.937109375,0.4140625,"[0, 1, 2, 1, 0, 141, 6, 3, 0, 7]"
copying,copying,none,3,final,standard,9,256,2344,98,0.915625,0.3828125,"[0, 4, 0, 0, 45, 89, 3, 0, 36, 39]"
copying,copying,none,3,final,standard,10,256,2386,130,0.93203125,0.5078125,"[0, 10, 0, 22, 0, 67, 5, 44, 8, 18]"
copying,copying,none,3,final,standard,11,256,2538,238,0.99140625,0.9296875,"[1, 0, 0, 0, 0, 6, 11, 1, 1, 2]"
copying,copying,none,3,final,standard,12,256,2476,172,0.9671875,0.671875,"[1, 0, 1, 0, 0, 61, 2, 0, 0, 19]"
copying,copying,none,3,final,standard,13,256,2490,199,0.97265625,0.77734375,"[0, 2, 1, 0, 16, 14, 2, 1, 34, 0]"
copying,copying,none,3,final,standard,14,256,2541,237,0.992578125,0.92578125,"[1, 0, 0, 0, 0, 4, 1, 10, 1, 2]"
copying,copying,none,3,final,standard,16,256,2536,233,0.990625,0.91015625,"[0, 1, 1, 0, 0, 9, 2, 0, 1, 10]"
copying,copying,none,3,final,standard,24,256,2438,138,0.95234375,0.5390625,"[0, 0, 2, 0, 0, 113, 3, 0, 0, 4]"
copying,copying,none,3,final,standard,32,256,2552,249,0.996875,0.97265625,"[0, 0, 0, 0, 0, 1, 2, 0, 2, 3]"
copying,copying,none,3,final,standard,48,256,1913,0,0.747265625,0.0,"[0, 0, 2, 1, 0, 0, 125, 198, 167, 154]"
copying,copying,none,3,final,standard,64,256,2493,195,0.973828125,0.76171875,"[0, 1, 3, 0, 0, 25, 0, 3, 5, 30]"
copying,copying,none,3,final,standard,96,256,2535,232,0.990234375,0.90625,"[0, 1, 7, 0, 0, 5, 2, 1, 2, 7]"
copying,copying,none,3,final,standard,128,256,2491,196,0.973046875,0.765625,"[0, 3, 5, 0, 0, 23, 5, 1, 2, 30]"
copying,copying,none,3,final,standard,192,256,2504,205,0.978125,0.80078125,"[0, 3, 3, 0, 0, 21, 1, 1, 7, 20]"
copying,copying,none,3,final,standard,256,256,2141,9,0.836328125,0.03515625,"[0, 8, 7, 0, 0, 51, 1, 12, 122, 218]"
copying,copying,none,3,final,standard,384,256,2124,10,0.8296875,0.0390625,"[0, 14, 14, 0, 0, 57, 5, 6, 126, 214]"
copying,copying,none,3,final,standard,512,256,2146,13,0.83828125,0.05078125,"[0, 14, 8, 0, 0, 58, 2, 7, 108, 217]"
copying,copying,none,3,final,standard,768,256,2127,8,0.830859375,0.03125,"[1, 13, 17, 0, 0, 52, 1, 12, 118, 219]"
copying,copying,none,3,final,standard,1024,256,1087,0,0.424609375,0.0,"[0, 54, 30, 225, 225, 213, 206, 227, 222, 71]"
copying,copying,none,3,final,standard,1536,256,1055,0,0.412109375,0.0,"[0, 37, 60, 223, 222, 237, 202, 221, 227, 76]"
copying,copying,none,3,final,standard,2048,256,1058,0,0.41328125,0.0,"[0, 64, 35, 218, 221, 224, 215, 228, 228, 69]"
copying,copying,none,3,final,standard,3072,256,1067,0,0.416796875,0.0,"[0, 49, 42, 223, 221, 224, 208, 227, 230, 69]"
copying,copying,none,3,final,standard,4096,256,1057,0,0.412890625,0.0,"[0, 50, 64, 236, 223, 224, 205, 228, 233, 40]"
copying,copying,none,3,final,standard,6144,256,1099,0,0.429296875,0.0,"[0, 54, 49, 227, 216, 218, 207, 229, 226, 35]"
copying,copying,none,3,final,standard,8192,256,1075,0,0.419921875,0.0,"[0, 47, 57, 232, 222, 226, 218, 221, 228, 34]"
copying,copying,none,3,final,standard,12288,256,1096,0,0.428125,0.0,"[0, 50, 50, 225, 222, 225, 216, 215, 224, 37]"
copying,copying,none,3,final,standard,16384,256,1074,0,0.41953125,0.0,"[0, 57, 63, 224, 225, 221, 201, 231, 231, 33]"
copying,copying,none,3,final,standard,24576,256,1108,0,0.4328125,0.0,"[0, 47, 59, 224, 219, 215, 197, 223, 233, 35]"
copying,copying,none,3,final,standard,32768,256,1143,0,0.446484375,0.0,"[0, 35, 53, 217, 218, 226, 190, 220, 226, 32]"
copying,copying,none,3,final,standard,49152,256,1126,0,0.43984375,0.0,"[0, 40, 49, 217, 214, 227, 193, 228, 224, 42]"
copying,copying,none,3,final,standard,65536,256,1066,0,0.41640625,0.0,"[0, 66, 58, 221, 233, 225, 205, 222, 220, 44]"
copying,copying,none,3,final,standard,98304,256,1116,0,0.4359375,0.0,"[0, 39, 47, 224, 219, 215, 206, 229, 228, 37]"
copying,copying,none,3,final,standard,131072,256,1068,0,0.4171875,0.0,"[0, 70, 65, 224, 220, 229, 205, 216, 221, 42]"
selective-copying,selective-copying,none,3,best,standard,1,256,2558,255,0.99921875,0.99609375,"[0, 1, 1, 0, 0, 0, 0, 0, 0, 0]"
selective-copying,selective-copying,none,3,best,standard,2,256,2545,242,0.994140625,0.9453125,"[0, 0, 1, 0, 0, 1, 0, 12, 1, 0]"
selective-copying,selective-copying,none,3,best,standard,3,256,2492,209,0.9734375,0.81640625,"[0, 0, 4, 4, 4, 12, 22, 15, 7, 0]"
selective-copying,selective-copying,none,3,best,standard,4,256,2361,129,0.922265625,0.50390625,"[0, 0, 0, 6, 19, 44, 56, 56, 18, 0]"
selective-copying,selective-copying,none,3,best,standard,5,256,2251,81,0.879296875,0.31640625,"[0, 1, 0, 6, 16, 71, 68, 51, 96, 0]"
selective-copying,selective-copying,none,3,best,standard,6,256,2276,83,0.8890625,0.32421875,"[0, 0, 2, 12, 37, 74, 84, 57, 15, 3]"
selective-copying,selective-copying,none,3,best,standard,7,256,2170,48,0.84765625,0.1875,"[0, 1, 4, 61, 43, 74, 134, 60, 12, 1]"
selective-copying,selective-copying,none,3,best,standard,8,256,2217,63,0.866015625,0.24609375,"[0, 0, 8, 17, 52, 100, 74, 72, 18, 2]"
selective-copying,selective-copying,none,3,best,standard,9,256,2189,61,0.855078125,0.23828125,"[0, 0, 5, 14, 104, 89, 80, 62, 17, 0]"
selective-copying,selective-copying,none,3,best,standard,10,256,2204,68,0.8609375,0.265625,"[0, 0, 9, 18, 57, 97, 85, 69, 21, 0]"
selective-copying,selective-copying,none,3,best,standard,11,256,2167,50,0.846484375,0.1953125,"[0, 0, 7, 54, 47, 72, 119, 74, 20, 0]"
selective-copying,selective-copying,none,3,best,standard,12,256,2152,49,0.840625,0.19140625,"[0, 0, 6, 15, 48, 123, 92, 67, 18, 39]"
selective-copying,selective-copying,none,3,best,standard,13,256,2238,70,0.87421875,0.2734375,"[0, 0, 7, 9, 43, 74, 89, 72, 24, 4]"
selective-copying,selective-copying,none,3,best,standard,14,256,2220,64,0.8671875,0.25,"[0, 0, 11, 16, 45, 87, 101, 63, 11, 6]"
selective-copying,selective-copying,none,3,best,standard,16,256,2125,27,0.830078125,0.10546875,"[0, 0, 10, 34, 51, 122, 111, 79, 23, 5]"
selective-copying,selective-copying,none,3,best,standard,24,256,2052,35,0.8015625,0.13671875,"[0, 0, 17, 26, 92, 144, 99, 73, 45, 12]"
selective-copying,selective-copying,none,3,best,standard,32,256,2015,22,0.787109375,0.0859375,"[0, 0, 11, 27, 72, 147, 116, 109, 50, 13]"
selective-copying,selective-copying,none,3,best,standard,48,256,1995,16,0.779296875,0.0625,"[0, 0, 13, 41, 75, 123, 156, 94, 48, 15]"
selective-copying,selective-copying,none,3,best,standard,64,256,1929,11,0.753515625,0.04296875,"[0, 1, 14, 38, 61, 148, 126, 155, 85, 3]"
selective-copying,selective-copying,none,3,best,standard,96,256,2052,19,0.8015625,0.07421875,"[0, 0, 11, 35, 62, 129, 103, 107, 47, 14]"
selective-copying,selective-copying,none,3,best,standard,128,256,2001,18,0.781640625,0.0703125,"[0, 0, 9, 19, 73, 161, 103, 123, 71, 0]"
selective-copying,selective-copying,none,3,best,standard,192,256,2000,17,0.78125,0.06640625,"[0, 0, 6, 24, 69, 158, 128, 123, 48, 4]"
selective-copying,selective-copying,none,3,best,standard,256,256,1928,4,0.753125,0.015625,"[0, 0, 9, 23, 67, 155, 122, 180, 71, 5]"
selective-copying,selective-copying,none,3,best,standard,384,256,1993,17,0.778515625,0.06640625,"[0, 0, 10, 31, 65, 142, 127, 130, 51, 11]"
selective-copying,selective-copying,none,3,best,standard,512,256,1920,6,0.75,0.0234375,"[0, 0, 5, 21, 77, 166, 130, 166, 69, 6]"
selective-copying,selective-copying,none,3,best,standard,768,256,1914,10,0.74765625,0.0390625,"[0, 0, 9, 25, 78, 164, 128, 164, 69, 9]"
selective-copying,selective-copying,none,3,best,standard,1024,256,1897,5,0.741015625,0.01953125,"[0, 0, 20, 32, 82, 148, 124, 175, 79, 3]"
selective-copying,selective-copying,none,3,best,standard,1536,256,1919,15,0.749609375,0.05859375,"[0, 0, 10, 33, 84, 130, 124, 171, 74, 15]"
selective-copying,selective-copying,none,3,best,standard,2048,256,1881,8,0.734765625,0.03125,"[0, 0, 17, 39, 100, 156, 124, 172, 67, 4]"
selective-copying,selective-copying,none,3,best,standard,3072,256,1910,8,0.74609375,0.03125,"[0, 1, 11, 31, 80, 154, 128, 174, 65, 6]"
selective-copying,selective-copying,none,3,best,standard,4096,256,1831,4,0.715234375,0.015625,"[0, 0, 18, 41, 118, 149, 128, 169, 96, 10]"
selective-copying,selective-copying,none,3,best,standard,6144,256,1813,5,0.708203125,0.01953125,"[0, 1, 17, 59, 96, 140, 153, 165, 102, 14]"
selective-copying,selective-copying,none,3,best,standard,8192,256,1816,7,0.709375,0.02734375,"[0, 0, 16, 41, 105, 155, 141, 172, 100, 14]"
selective-copying,selective-copying,none,3,best,standard,12288,256,1782,2,0.69609375,0.0078125,"[0, 0, 15, 53, 116, 150, 146, 167, 116, 15]"
selective-copying,selective-copying,none,3,best,standard,16384,256,1734,0,0.67734375,0.0,"[0, 0, 17, 74, 142, 159, 141, 177, 105, 11]"
selective-copying,selective-copying,none,3,best,standard,24576,256,1700,2,0.6640625,0.0078125,"[0, 1, 18, 78, 126, 171, 150, 166, 133, 17]"
selective-copying,selective-copying,none,3,best,standard,32768,256,1715,1,0.669921875,0.00390625,"[0, 0, 23, 71, 128, 151, 160, 170, 115, 27]"
selective-copying,selective-copying,none,3,best,standard,49152,256,1684,1,0.6578125,0.00390625,"[0, 2, 24, 63, 147, 165, 151, 161, 140, 23]"
selective-copying,selective-copying,none,3,best,standard,65536,256,1616,1,0.63125,0.00390625,"[0, 4, 24, 120, 158, 159, 158, 175, 118, 28]"
selective-copying,selective-copying,none,3,best,standard,98304,256,1574,0,0.61484375,0.0,"[0, 3, 36, 123, 148, 166, 170, 169, 137, 34]"
selective-copying,selective-copying,none,3,best,standard,131072,256,1597,1,0.623828125,0.00390625,"[0, 4, 30, 103, 153, 171, 153, 171, 145, 33]"
selective-copying,selective-copying,none,3,final,standard,1,256,2559,255,0.999609375,0.99609375,"[0, 1, 0, 0, 0, 0, 0, 0, 0, 0]"
selective-copying,selective-copying,none,3,final,standard,2,256,2534,233,0.98984375,0.91015625,"[0, 1, 3, 1, 2, 2, 7, 2, 8, 0]"
selective-copying,selective-copying,none,3,final,standard,3,256,2486,197,0.97109375,0.76953125,"[0, 0, 5, 8, 13, 13, 14, 18, 3, 0]"
selective-copying,selective-copying,none,3,final,standard,4,256,2291,85,0.894921875,0.33203125,"[0, 72, 2, 8, 23, 44, 54, 55, 11, 0]"
selective-copying,selective-copying,none,3,final,standard,5,256,2258,63,0.88203125,0.24609375,"[0, 1, 4, 3, 122, 48, 54, 51, 19, 0]"
selective-copying,selective-copying,none,3,final,standard,6,256,2099,30,0.819921875,0.1171875,"[0, 1, 5, 16, 186, 93, 80, 61, 18, 1]"
selective-copying,selective-copying,none,3,final,standard,7,256,2191,50,0.855859375,0.1953125,"[0, 0, 10, 50, 49, 69, 122, 59, 9, 1]"
selective-copying,selective-copying,none,3,final,standard,8,256,2220,76,0.8671875,0.296875,"[0, 0, 5, 19, 63, 98, 74, 57, 22, 2]"
selective-copying,selective-copying,none,3,final,standard,9,256,2290,92,0.89453125,0.359375,"[0, 0, 6, 8, 42, 69, 72, 55, 18, 0]"
selective-copying,selective-copying,none,3,final,standard,10,256,2018,6,0.78828125,0.0234375,"[0, 2, 10, 10, 218, 148, 76, 63, 15, 0]"
selective-copying,selective-copying,none,3,final,standard,11,256,2144,48,0.8375,0.1875,"[0, 0, 7, 47, 49, 84, 121, 71, 13, 24]"
selective-copying,selective-copying,none,3,final,standard,12,256,2085,20,0.814453125,0.078125,"[0, 0, 8, 16, 68, 160, 85, 70, 13, 55]"
selective-copying,selective-copying,none,3,final,standard,13,256,2161,33,0.844140625,0.12890625,"[0, 0, 6, 15, 155, 75, 80, 46, 16, 6]"
selective-copying,selective-copying,none,3,final,standard,14,256,2257,77,0.881640625,0.30078125,"[0, 0, 7, 13, 47, 82, 94, 51, 9, 0]"
selective-copying,selective-copying,none,3,final,standard,16,256,2178,44,0.85078125,0.171875,"[0, 2, 12, 22, 56, 118, 101, 55, 13, 3]"
selective-copying,selective-copying,none,3,final,standard,24,256,2185,55,0.853515625,0.21484375,"[0, 1, 11, 28, 53, 91, 94, 73, 22, 2]"
selective-copying,selective-copying,none,3,final,standard,32,256,2085,27,0.814453125,0.10546875,"[0, 10, 13, 34, 63, 147, 93, 89, 22, 4]"
selective-copying,selective-copying,none,3,final,standard,48,256,1595,0,0.623046875,0.0,"[0, 15, 98, 35, 100, 177, 137, 205, 191, 7]"
selective-copying,selective-copying,none,3,final,standard,64,256,1969,16,0.769140625,0.0625,"[0, 2, 14, 29, 70, 143, 123, 142, 67, 1]"
selective-copying,selective-copying,none,3,final,standard,96,256,2062,25,0.80546875,0.09765625,"[0, 5, 22, 26, 47, 138, 114, 101, 40, 5]"
selective-copying,selective-copying,none,3,final,standard,128,256,2006,22,0.78359375,0.0859375,"[0, 0, 6, 18, 88, 178, 106, 107, 49, 2]"
selective-copying,selective-copying,none,3,final,standard,192,256,2006,12,0.78359375,0.046875,"[0, 2, 8, 18, 84, 183, 121, 100, 36, 2]"
selective-copying,selective-copying,none,3,final,standard,256,256,1672,0,0.653125,0.0,"[0, 1, 9, 19, 115, 188, 132, 204, 212, 8]"
selective-copying,selective-copying,none,3,final,standard,384,256,2021,18,0.789453125,0.0703125,"[0, 5, 9, 29, 74, 161, 111, 99, 43, 8]"
selective-copying,selective-copying,none,3,final,standard,512,256,1699,1,0.663671875,0.00390625,"[0, 0, 4, 18, 113, 197, 145, 180, 199, 5]"
selective-copying,selective-copying,none,3,final,standard,768,256,1758,4,0.68671875,0.015625,"[0, 2, 6, 18, 125, 192, 123, 165, 160, 11]"
selective-copying,selective-copying,none,3,final,standard,1024,256,1642,1,0.64140625,0.00390625,"[0, 0, 15, 27, 115, 186, 150, 195, 222, 8]"
selective-copying,selective-copying,none,3,final,standard,1536,256,1679,0,0.655859375,0.0,"[0, 0, 13, 34, 121, 188, 123, 193, 203, 6]"
selective-copying,selective-copying,none,3,final,standard,2048,256,1608,0,0.628125,0.0,"[0, 0, 14, 31, 137, 190, 158, 190, 223, 9]"
selective-copying,selective-copying,none,3,final,standard,3072,256,1630,1,0.63671875,0.00390625,"[0, 2, 14, 33, 119, 189, 154, 188, 216, 15]"
selective-copying,selective-copying,none,3,final,standard,4096,256,1567,0,0.612109375,0.0,"[0, 0, 24, 36, 144, 190, 174, 186, 222, 17]"
selective-copying,selective-copying,none,3,final,standard,6144,256,1604,0,0.6265625,0.0,"[0, 1, 20, 49, 132, 195, 167, 167, 213, 12]"
selective-copying,selective-copying,none,3,final,standard,8192,256,1594,1,0.62265625,0.00390625,"[0, 0, 17, 33, 130, 192, 184, 186, 206, 18]"
selective-copying,selective-copying,none,3,final,standard,12288,256,1597,0,0.623828125,0.0,"[0, 2, 21, 39, 137, 192, 163, 184, 206, 19]"
selective-copying,selective-copying,none,3,final,standard,16384,256,1570,0,0.61328125,0.0,"[0, 2, 16, 46, 150, 193, 175, 189, 195, 24]"
selective-copying,selective-copying,none,3,final,standard,24576,256,1598,0,0.62421875,0.0,"[0, 1, 15, 51, 140, 188, 153, 179, 212, 23]"
selective-copying,selective-copying,none,3,final,standard,32768,256,1555,1,0.607421875,0.00390625,"[0, 1, 22, 53, 146, 184, 181, 191, 185, 42]"
selective-copying,selective-copying,none,3,final,standard,49152,256,1583,0,0.618359375,0.0,"[0, 3, 23, 48, 138, 187, 159, 185, 196, 38]"
selective-copying,selective-copying,none,3,final,standard,65536,256,1510,0,0.58984375,0.0,"[0, 1, 21, 77, 174, 193, 177, 177, 197, 33]"
selective-copying,selective-copying,none,3,final,standard,98304,256,1472,1,0.575,0.00390625,"[0, 2, 39, 79, 156, 182, 194, 188, 200, 48]"
selective-copying,selective-copying,none,3,final,standard,131072,256,1468,0,0.5734375,0.0,"[0, 5, 38, 86, 159, 192, 175, 195, 198, 44]"
