mode,position_mode,checkpoint,evaluation,T,n,token_correct,string_correct,token_acc,string_acc,digit_errors
local-control,local-control,best,standard,1,256,2558,254,0.99921875,0.9921875,"[0, 0, 1, 0, 1, 0, 0, 0, 0, 0]"
local-control,local-control,best,standard,2,256,2558,254,0.99921875,0.9921875,"[0, 0, 0, 0, 0, 2, 0, 0, 0, 0]"
local-control,local-control,best,standard,3,256,2552,248,0.996875,0.96875,"[0, 1, 0, 0, 1, 6, 0, 0, 0, 0]"
local-control,local-control,best,standard,4,256,2553,249,0.997265625,0.97265625,"[0, 3, 0, 1, 2, 1, 0, 0, 0, 0]"
local-control,local-control,best,standard,5,256,2557,253,0.998828125,0.98828125,"[0, 0, 0, 0, 2, 1, 0, 0, 0, 0]"
local-control,local-control,best,standard,6,256,2531,227,0.988671875,0.88671875,"[0, 0, 1, 0, 2, 9, 17, 0, 0, 0]"
local-control,local-control,best,standard,7,256,2550,246,0.99609375,0.9609375,"[0, 0, 0, 0, 0, 10, 0, 0, 0, 0]"
local-control,local-control,best,standard,8,256,2557,253,0.998828125,0.98828125,"[0, 0, 0, 0, 1, 2, 0, 0, 0, 0]"
local-control,local-control,best,standard,9,256,2558,254,0.99921875,0.9921875,"[0, 0, 0, 0, 0, 2, 0, 0, 0, 0]"
local-control,local-control,best,standard,10,256,2557,253,0.998828125,0.98828125,"[0, 0, 0, 0, 2, 1, 0, 0, 0, 0]"
local-control,local-control,best,standard,11,256,2550,246,0.99609375,0.9609375,"[0, 0, 0, 0, 1, 9, 0, 0, 0, 0]"
local-control,local-control,best,standard,12,256,2553,249,0.997265625,0.97265625,"[0, 0, 0, 0, 3, 4, 0, 0, 0, 0]"
local-control,local-control,best,standard,13,256,2560,256,1.0,1.0,"[0, 0, 0, 0, 0, 0, 0, 0, 0, 0]"
local-control,local-control,best,standard,14,256,2554,250,0.99765625,0.9765625,"[0, 0, 0, 0, 0, 6, 0, 0, 0, 0]"
local-control,local-control,best,standard,16,256,2557,253,0.998828125,0.98828125,"[0, 0, 0, 0, 1, 2, 0, 0, 0, 0]"
local-control,local-control,best,standard,24,256,2560,256,1.0,1.0,"[0, 0, 0, 0, 0, 0, 0, 0, 0, 0]"
local-control,local-control,best,standard,32,256,2557,253,0.998828125,0.98828125,"[0, 0, 0, 0, 1, 2, 0, 0, 0, 0]"
local-control,local-control,best,standard,48,256,2556,252,0.9984375,0.984375,"[0, 0, 0, 0, 0, 4, 0, 0, 0, 0]"
local-control,local-control,best,standard,64,256,2555,252,0.998046875,0.984375,"[0, 2, 0, 0, 0, 1, 0, 0, 1, 1]"
local-control,local-control,best,standard,96,256,2559,255,0.999609375,0.99609375,"[0, 0, 0, 0, 1, 0, 0, 0, 0, 0]"
local-control,local-control,best,standard,128,256,2557,253,0.998828125,0.98828125,"[0, 0, 1, 0, 0, 2, 0, 0, 0, 0]"
local-control,local-control,best,standard,192,256,2559,255,0.999609375,0.99609375,"[0, 0, 0, 0, 0, 1, 0, 0, 0, 0]"
local-control,local-control,best,standard,256,256,2557,253,0.998828125,0.98828125,"[0, 0, 0, 0, 2, 1, 0, 0, 0, 0]"
local-control,local-control,best,standard,384,256,2557,253,0.998828125,0.98828125,"[0, 0, 1, 0, 1, 1, 0, 0, 0, 0]"
local-control,local-control,best,standard,512,256,2558,254,0.99921875,0.9921875,"[0, 1, 0, 0, 0, 1, 0, 0, 0, 0]"
local-control,local-control,best,standard,768,256,2558,254,0.99921875,0.9921875,"[0, 0, 0, 0, 0, 2, 0, 0, 0, 0]"
local-control,local-control,best,standard,1024,256,2559,255,0.999609375,0.99609375,"[0, 0, 0, 0, 1, 0, 0, 0, 0, 0]"
local-control,local-control,best,standard,1536,256,2558,254,0.99921875,0.9921875,"[0, 0, 0, 0, 0, 2, 0, 0, 0, 0]"
local-control,local-control,best,standard,2048,256,2557,253,0.998828125,0.98828125,"[0, 0, 0, 0, 1, 2, 0, 0, 0, 0]"
local-control,local-control,best,standard,3072,256,2557,253,0.998828125,0.98828125,"[0, 0, 1, 0, 1, 1, 0, 0, 0, 0]"
local-control,local-control,best,standard,4096,256,2555,251,0.998046875,0.98046875,"[0, 0, 0, 0, 1, 4, 0, 0, 0, 0]"
local-control,local-control,best,standard,6144,256,2560,256,1.0,1.0,"[0, 0, 0, 0, 0, 0, 0, 0, 0, 0]"
local-control,local-control,best,standard,8192,256,2556,252,0.9984375,0.984375,"[0, 1, 0, 0, 3, 0, 0, 0, 0, 0]"
local-control,local-control,best,standard,12288,256,2558,254,0.99921875,0.9921875,"[0, 1, 0, 0, 1, 0, 0, 0, 0, 0]"
local-control,local-control,best,standard,16384,256,2560,256,1.0,1.0,"[0, 0, 0, 0, 0, 0, 0, 0, 0, 0]"
local-control,local-control,best,standard,24576,256,2560,256,1.0,1.0,"[0, 0, 0, 0, 0, 0, 0, 0, 0, 0]"
local-control,local-control,best,standard,32768,256,2558,254,0.99921875,0.9921875,"[0, 0, 0, 0, 1, 1, 0, 0, 0, 0]"
local-control,local-control,best,standard,49152,256,2558,254,0.99921875,0.9921875,"[0, 0, 0, 0, 1, 1, 0, 0, 0, 0]"
local-control,local-control,best,standard,65536,256,2557,253,0.998828125,0.98828125,"[0, 0, 0, 0, 2, 1, 0, 0, 0, 0]"
local-control,local-control,best,standard,98304,256,2558,254,0.99921875,0.9921875,"[0, 0, 1, 0, 1, 0, 0, 0, 0, 0]"
local-control,local-control,best,standard,131072,256,2556,252,0.9984375,0.984375,"[0, 0, 0, 0, 3, 1, 0, 0, 0, 0]"
local-control,local-control,best,paired,3,32,319,31,0.996875,0.96875,"[0, 0, 0, 0, 0, 1, 0, 0, 0, 0]"
local-control,local-control,best,paired,16,32,319,31,0.996875,0.96875,"[0, 0, 0, 0, 0, 1, 0, 0, 0, 0]"
local-control,local-control,best,paired,8192,32,320,32,1.0,1.0,"[0, 0, 0, 0, 0, 0, 0, 0, 0, 0]"
local-control,local-control,best,paired,16383,32,318,30,0.99375,0.9375,"[0, 0, 0, 0, 0, 2, 0, 0, 0, 0]"
local-control,local-control,best,paired,16384,32,320,32,1.0,1.0,"[0, 0, 0, 0, 0, 0, 0, 0, 0, 0]"
local-control,local-control,best,paired,16385,32,317,29,0.990625,0.90625,"[0, 0, 0, 0, 0, 3, 0, 0, 0, 0]"
local-control,local-control,best,paired,32767,32,318,30,0.99375,0.9375,"[0, 0, 0, 0, 0, 2, 0, 0, 0, 0]"
local-control,local-control,best,paired,32768,32,320,32,1.0,1.0,"[0, 0, 0, 0, 0, 0, 0, 0, 0, 0]"
local-control,local-control,best,paired,32769,32,317,29,0.990625,0.90625,"[0, 0, 0, 0, 0, 3, 0, 0, 0, 0]"
local-control,local-control,best,paired,49144,32,319,31,0.996875,0.96875,"[0, 0, 0, 0, 0, 1, 0, 0, 0, 0]"
local-control,local-control,best,paired,49145,32,311,23,0.971875,0.71875,"[0, 0, 0, 0, 0, 0, 0, 0, 0, 9]"
local-control,local-control,best,paired,49146,32,294,6,0.91875,0.1875,"[0, 0, 0, 0, 0, 0, 0, 0, 25, 1]"
local-control,local-control,best,paired,49147,32,316,28,0.9875,0.875,"[0, 0, 0, 2, 0, 1, 0, 0, 1, 0]"
local-control,local-control,best,paired,49148,32,320,32,1.0,1.0,"[0, 0, 0, 0, 0, 0, 0, 0, 0, 0]"
local-control,local-control,best,paired,49149,32,320,32,1.0,1.0,"[0, 0, 0, 0, 0, 0, 0, 0, 0, 0]"
local-control,local-control,best,paired,49150,32,320,32,1.0,1.0,"[0, 0, 0, 0, 0, 0, 0, 0, 0, 0]"
local-control,local-control,best,paired,49151,32,318,30,0.99375,0.9375,"[0, 0, 0, 0, 0, 2, 0, 0, 0, 0]"
local-control,local-control,best,paired,49152,32,320,32,1.0,1.0,"[0, 0, 0, 0, 0, 0, 0, 0, 0, 0]"
local-control,local-control,best,paired,49153,32,316,28,0.9875,0.875,"[0, 0, 0, 0, 0, 4, 0, 0, 0, 0]"
local-control,local-control,best,paired,49154,32,318,30,0.99375,0.9375,"[0, 0, 0, 0, 2, 0, 0, 0, 0, 0]"
local-control,local-control,best,paired,49155,32,316,28,0.9875,0.875,"[0, 0, 0, 0, 2, 2, 0, 0, 0, 0]"
local-control,local-control,best,paired,49156,32,320,32,1.0,1.0,"[0, 0, 0, 0, 0, 0, 0, 0, 0, 0]"
local-control,local-control,best,paired,49157,32,320,32,1.0,1.0,"[0, 0, 0, 0, 0, 0, 0, 0, 0, 0]"
local-control,local-control,best,paired,49158,32,319,31,0.996875,0.96875,"[0, 1, 0, 0, 0, 0, 0, 0, 0, 0]"
local-control,local-control,best,paired,49159,32,320,32,1.0,1.0,"[0, 0, 0, 0, 0, 0, 0, 0, 0, 0]"
local-control,local-control,best,paired,49160,32,320,32,1.0,1.0,"[0, 0, 0, 0, 0, 0, 0, 0, 0, 0]"
local-control,local-control,best,paired,65535,32,314,26,0.98125,0.8125,"[0, 1, 0, 1, 1, 3, 0, 0, 0, 0]"
local-control,local-control,best,paired,65536,32,320,32,1.0,1.0,"[0, 0, 0, 0, 0, 0, 0, 0, 0, 0]"
local-control,local-control,best,paired,65537,32,319,31,0.996875,0.96875,"[0, 0, 0, 0, 0, 1, 0, 0, 0, 0]"
local-control,local-control,best,paired,98303,32,314,26,0.98125,0.8125,"[0, 1, 0, 1, 1, 3, 0, 0, 0, 0]"
local-control,local-control,best,paired,98304,32,320,32,1.0,1.0,"[0, 0, 0, 0, 0, 0, 0, 0, 0, 0]"
local-control,local-control,best,paired,98305,32,317,29,0.990625,0.90625,"[0, 0, 0, 0, 0, 3, 0, 0, 0, 0]"
local-control,local-control,best,paired,131071,32,294,17,0.91875,0.53125,"[0, 6, 1, 4, 2, 6, 1, 4, 1, 1]"
local-control,local-control,best,paired,131072,32,320,32,1.0,1.0,"[0, 0, 0, 0, 0, 0, 0, 0, 0, 0]"
local-control,local-control,final,standard,1,256,2560,256,1.0,1.0,"[0, 0, 0, 0, 0, 0, 0, 0, 0, 0]"
local-control,local-control,final,standard,2,256,2558,254,0.99921875,0.9921875,"[0, 0, 0, 0, 0, 1, 1, 0, 0, 0]"
local-control,local-control,final,standard,3,256,2560,256,1.0,1.0,"[0, 0, 0, 0, 0, 0, 0, 0, 0, 0]"
local-control,local-control,final,standard,4,256,2557,254,0.998828125,0.9921875,"[0, 0, 2, 1, 0, 0, 0, 0, 0, 0]"
local-control,local-control,final,standard,5,256,2559,255,0.999609375,0.99609375,"[0, 0, 0, 0, 0, 1, 0, 0, 0, 0]"
local-control,local-control,final,standard,6,256,2551,247,0.996484375,0.96484375,"[0, 0, 0, 0, 0, 0, 7, 2, 0, 0]"
local-control,local-control,final,standard,7,256,2559,255,0.999609375,0.99609375,"[0, 0, 0, 0, 1, 0, 0, 0, 0, 0]"
local-control,local-control,final,standard,8,256,2559,255,0.999609375,0.99609375,"[0, 0, 0, 0, 1, 0, 0, 0, 0, 0]"
local-control,local-control,final,standard,9,256,2560,256,1.0,1.0,"[0, 0, 0, 0, 0, 0, 0, 0, 0, 0]"
local-control,local-control,final,standard,10,256,2560,256,1.0,1.0,"[0, 0, 0, 0, 0, 0, 0, 0, 0, 0]"
local-control,local-control,final,standard,11,256,2560,256,1.0,1.0,"[0, 0, 0, 0, 0, 0, 0, 0, 0, 0]"
local-control,local-control,final,standard,12,256,2560,256,1.0,1.0,"[0, 0, 0, 0, 0, 0, 0, 0, 0, 0]"
local-control,local-control,final,standard,13,256,2560,256,1.0,1.0,"[0, 0, 0, 0, 0, 0, 0, 0, 0, 0]"
local-control,local-control,final,standard,14,256,2560,256,1.0,1.0,"[0, 0, 0, 0, 0, 0, 0, 0, 0, 0]"
local-control,local-control,final,standard,16,256,2559,255,0.999609375,0.99609375,"[0, 1, 0, 0, 0, 0, 0, 0, 0, 0]"
local-control,local-control,final,standard,24,256,2560,256,1.0,1.0,"[0, 0, 0, 0, 0, 0, 0, 0, 0, 0]"
local-control,local-control,final,standard,32,256,2559,255,0.999609375,0.99609375,"[0, 0, 0, 0, 0, 0, 0, 1, 0, 0]"
local-control,local-control,final,standard,48,256,2559,255,0.999609375,0.99609375,"[0, 0, 0, 0, 1, 0, 0, 0, 0, 0]"
local-control,local-control,final,standard,64,256,2559,255,0.999609375,0.99609375,"[0, 0, 0, 0, 1, 0, 0, 0, 0, 0]"
local-control,local-control,final,standard,96,256,2559,255,0.999609375,0.99609375,"[0, 0, 0, 0, 0, 0, 0, 1, 0, 0]"
local-control,local-control,final,standard,128,256,2558,254,0.99921875,0.9921875,"[0, 0, 0, 1, 1, 0, 0, 0, 0, 0]"
local-control,local-control,final,standard,192,256,2559,255,0.999609375,0.99609375,"[0, 1, 0, 0, 0, 0, 0, 0, 0, 0]"
local-control,local-control,final,standard,256,256,2559,255,0.999609375,0.99609375,"[0, 0, 0, 0, 0, 0, 0, 1, 0, 0]"
local-control,local-control,final,standard,384,256,2557,253,0.998828125,0.98828125,"[0, 0, 1, 0, 1, 0, 0, 1, 0, 0]"
local-control,local-control,final,standard,512,256,2553,249,0.997265625,0.97265625,"[0, 1, 0, 3, 0, 0, 2, 1, 0, 0]"
local-control,local-control,final,standard,768,256,2556,253,0.9984375,0.98828125,"[0, 1, 0, 1, 0, 1, 0, 1, 0, 0]"
local-control,local-control,final,standard,1024,256,2558,254,0.99921875,0.9921875,"[0, 0, 0, 1, 0, 0, 0, 0, 1, 0]"
local-control,local-control,final,standard,1536,256,2558,254,0.99921875,0.9921875,"[0, 1, 1, 0, 0, 0, 0, 0, 0, 0]"
local-control,local-control,final,standard,2048,256,2557,253,0.998828125,0.98828125,"[0, 0, 1, 1, 0, 0, 0, 1, 0, 0]"
local-control,local-control,final,standard,3072,256,2558,254,0.99921875,0.9921875,"[0, 1, 1, 0, 0, 0, 0, 0, 0, 0]"
local-control,local-control,final,standard,4096,256,2559,255,0.999609375,0.99609375,"[0, 0, 1, 0, 0, 0, 0, 0, 0, 0]"
local-control,local-control,final,standard,6144,256,2559,255,0.999609375,0.99609375,"[0, 0, 0, 0, 0, 0, 0, 0, 1, 0]"
local-control,local-control,final,standard,8192,256,2554,250,0.99765625,0.9765625,"[0, 2, 1, 3, 0, 0, 0, 0, 0, 0]"
local-control,local-control,final,standard,12288,256,2558,254,0.99921875,0.9921875,"[0, 1, 0, 1, 0, 0, 0, 0, 0, 0]"
local-control,local-control,final,standard,16384,256,2555,251,0.998046875,0.98046875,"[0, 2, 1, 0, 0, 0, 0, 2, 0, 0]"
local-control,local-control,final,standard,24576,256,2555,251,0.998046875,0.98046875,"[0, 1, 2, 1, 1, 0, 0, 0, 0, 0]"
local-control,local-control,final,standard,32768,256,2554,250,0.99765625,0.9765625,"[2, 1, 1, 2, 0, 0, 0, 0, 0, 0]"
local-control,local-control,final,standard,49152,256,2556,252,0.9984375,0.984375,"[2, 0, 0, 1, 0, 0, 0, 0, 1, 0]"
local-control,local-control,final,standard,65536,256,2539,235,0.991796875,0.91796875,"[15, 2, 1, 0, 0, 0, 1, 2, 0, 0]"
local-control,local-control,final,standard,98304,256,2542,240,0.99296875,0.9375,"[10, 2, 1, 1, 0, 0, 2, 2, 0, 0]"
local-control,local-control,final,standard,131072,256,2515,213,0.982421875,0.83203125,"[32, 3, 0, 0, 0, 0, 5, 4, 1, 0]"
local-control,local-control,final,paired,3,32,320,32,1.0,1.0,"[0, 0, 0, 0, 0, 0, 0, 0, 0, 0]"
local-control,local-control,final,paired,16,32,320,32,1.0,1.0,"[0, 0, 0, 0, 0, 0, 0, 0, 0, 0]"
local-control,local-control,final,paired,8192,32,320,32,1.0,1.0,"[0, 0, 0, 0, 0, 0, 0, 0, 0, 0]"
local-control,local-control,final,paired,16383,32,313,25,0.978125,0.78125,"[0, 0, 0, 6, 0, 1, 0, 0, 0, 0]"
local-control,local-control,final,paired,16384,32,320,32,1.0,1.0,"[0, 0, 0, 0, 0, 0, 0, 0, 0, 0]"
local-control,local-control,final,paired,16385,32,320,32,1.0,1.0,"[0, 0, 0, 0, 0, 0, 0, 0, 0, 0]"
local-control,local-control,final,paired,32767,32,306,21,0.95625,0.65625,"[0, 2, 0, 8, 1, 3, 0, 0, 0, 0]"
local-control,local-control,final,paired,32768,32,320,32,1.0,1.0,"[0, 0, 0, 0, 0, 0, 0, 0, 0, 0]"
local-control,local-control,final,paired,32769,32,320,32,1.0,1.0,"[0, 0, 0, 0, 0, 0, 0, 0, 0, 0]"
local-control,local-control,final,paired,49144,32,319,31,0.996875,0.96875,"[0, 0, 1, 0, 0, 0, 0, 0, 0, 0]"
local-control,local-control,final,paired,49145,32,320,32,1.0,1.0,"[0, 0, 0, 0, 0, 0, 0, 0, 0, 0]"
local-control,local-control,final,paired,49146,32,294,6,0.91875,0.1875,"[0, 0, 0, 0, 0, 0, 0, 0, 26, 0]"
local-control,local-control,final,paired,49147,32,315,27,0.984375,0.84375,"[0, 0, 0, 3, 0, 0, 0, 2, 0, 0]"
local-control,local-control,final,paired,49148,32,320,32,1.0,1.0,"[0, 0, 0, 0, 0, 0, 0, 0, 0, 0]"
local-control,local-control,final,paired,49149,32,320,32,1.0,1.0,"[0, 0, 0, 0, 0, 0, 0, 0, 0, 0]"
local-control,local-control,final,paired,49150,32,318,30,0.99375,0.9375,"[0, 0, 0, 0, 0, 0, 0, 0, 1, 1]"
local-control,local-control,final,paired,49151,32,309,22,0.965625,0.6875,"[0, 0, 0, 6, 1, 3, 0, 1, 0, 0]"
local-control,local-control,final,paired,49152,32,320,32,1.0,1.0,"[0, 0, 0, 0, 0, 0, 0, 0, 0, 0]"
local-control,local-control,final,paired,49153,32,319,31,0.996875,0.96875,"[0, 0, 0, 0, 0, 1, 0, 0, 0, 0]"
local-control,local-control,final,paired,49154,32,283,10,0.884375,0.3125,"[0, 2, 0, 18, 2, 14, 0, 0, 0, 1]"
local-control,local-control,final,paired,49155,32,283,13,0.884375,0.40625,"[0, 2, 12, 6, 9, 4, 0, 4, 0, 0]"
local-control,local-control,final,paired,49156,32,291,9,0.909375,0.28125,"[0, 0, 0, 0, 0, 0, 19, 10, 0, 0]"
local-control,local-control,final,paired,49157,32,273,2,0.853125,0.0625,"[0, 0, 1, 0, 0, 25, 21, 0, 0, 0]"
local-control,local-control,final,paired,49158,32,276,5,0.8625,0.15625,"[2, 0, 0, 0, 20, 22, 0, 0, 0, 0]"
local-control,local-control,final,paired,49159,32,313,25,0.978125,0.78125,"[0, 0, 0, 0, 0, 0, 0, 1, 6, 0]"
local-control,local-control,final,paired,49160,32,320,32,1.0,1.0,"[0, 0, 0, 0, 0, 0, 0, 0, 0, 0]"
local-control,local-control,final,paired,65535,32,205,2,0.640625,0.0625,"[1, 25, 16, 19, 6, 20, 0, 19, 8, 1]"
local-control,local-control,final,paired,65536,32,319,31,0.996875,0.96875,"[1, 0, 0, 0, 0, 0, 0, 0, 0, 0]"
local-control,local-control,final,paired,65537,32,316,28,0.9875,0.875,"[0, 0, 0, 0, 0, 1, 0, 0, 0, 3]"
local-control,local-control,final,paired,98303,32,203,2,0.634375,0.0625,"[1, 25, 16, 19, 6, 20, 0, 19, 10, 1]"
local-control,local-control,final,paired,98304,32,319,31,0.996875,0.96875,"[1, 0, 0, 0, 0, 0, 0, 0, 0, 0]"
local-control,local-control,final,paired,98305,32,315,28,0.984375,0.875,"[0, 0, 0, 0, 0, 2, 0, 0, 0, 3]"
local-control,local-control,final,paired,131071,32,175,1,0.546875,0.03125,"[5, 25, 19, 20, 10, 23, 1, 24, 13, 5]"
local-control,local-control,final,paired,131072,32,316,28,0.9875,0.875,"[4, 0, 0, 0, 0, 0, 0, 0, 0, 0]"
aligned,aligned,best,standard,1,256,2531,242,0.988671875,0.9453125,"[1, 0, 0, 5, 5, 7, 1, 9, 1, 0]"
aligned,aligned,best,standard,2,256,2559,255,0.999609375,0.99609375,"[0, 0, 0, 0, 0, 0, 0, 0, 1, 0]"
aligned,aligned,best,standard,3,256,2122,10,0.82890625,0.0390625,"[0, 0, 0, 80, 141, 101, 115, 1, 0, 0]"
aligned,aligned,best,standard,4,256,1770,0,0.69140625,0.0,"[0, 45, 203, 9, 220, 120, 146, 0, 47, 0]"
aligned,aligned,best,standard,5,256,1778,0,0.69453125,0.0,"[195, 50, 0, 5, 180, 101, 27, 186, 38, 0]"
aligned,aligned,best,standard,6,256,2370,70,0.92578125,0.2734375,"[0, 0, 1, 0, 0, 5, 0, 184, 0, 0]"
aligned,aligned,best,standard,7,256,2560,256,1.0,1.0,"[0, 0, 0, 0, 0, 0, 0, 0, 0, 0]"
aligned,aligned,best,standard,8,256,2560,256,1.0,1.0,"[0, 0, 0, 0, 0, 0, 0, 0, 0, 0]"
aligned,aligned,best,standard,9,256,2560,256,1.0,1.0,"[0, 0, 0, 0, 0, 0, 0, 0, 0, 0]"
aligned,aligned,best,standard,10,256,2560,256,1.0,1.0,"[0, 0, 0, 0, 0, 0, 0, 0, 0, 0]"
aligned,aligned,best,standard,11,256,2560,256,1.0,1.0,"[0, 0, 0, 0, 0, 0, 0, 0, 0, 0]"
aligned,aligned,best,standard,12,256,2560,256,1.0,1.0,"[0, 0, 0, 0, 0, 0, 0, 0, 0, 0]"
aligned,aligned,best,standard,13,256,2331,27,0.910546875,0.10546875,"[0, 0, 0, 0, 0, 0, 0, 0, 0, 229]"
aligned,aligned,best,standard,14,256,2435,131,0.951171875,0.51171875,"[0, 0, 0, 0, 0, 1, 0, 0, 0, 124]"
aligned,aligned,best,standard,16,256,2560,256,1.0,1.0,"[0, 0, 0, 0, 0, 0, 0, 0, 0, 0]"
aligned,aligned,best,standard,24,256,2560,256,1.0,1.0,"[0, 0, 0, 0, 0, 0, 0, 0, 0, 0]"
aligned,aligned,best,standard,32,256,2559,255,0.999609375,0.99609375,"[0, 0, 0, 0, 0, 1, 0, 0, 0, 0]"
aligned,aligned,best,standard,48,256,2114,5,0.82578125,0.01953125,"[0, 0, 0, 0, 0, 0, 0, 9, 224, 213]"
aligned,aligned,best,standard,64,256,2560,256,1.0,1.0,"[0, 0, 0, 0, 0, 0, 0, 0, 0, 0]"
aligned,aligned,best,standard,96,256,2560,256,1.0,1.0,"[0, 0, 0, 0, 0, 0, 0, 0, 0, 0]"
aligned,aligned,best,standard,128,256,2560,256,1.0,1.0,"[0, 0, 0, 0, 0, 0, 0, 0, 0, 0]"
aligned,aligned,best,standard,192,256,2560,256,1.0,1.0,"[0, 0, 0, 0, 0, 0, 0, 0, 0, 0]"
aligned,aligned,best,standard,256,256,2560,256,1.0,1.0,"[0, 0, 0, 0, 0, 0, 0, 0, 0, 0]"
aligned,aligned,best,standard,384,256,2560,256,1.0,1.0,"[0, 0, 0, 0, 0, 0, 0, 0, 0, 0]"
aligned,aligned,best,standard,512,256,2560,256,1.0,1.0,"[0, 0, 0, 0, 0, 0, 0, 0, 0, 0]"
aligned,aligned,best,standard,768,256,2560,256,1.0,1.0,"[0, 0, 0, 0, 0, 0, 0, 0, 0, 0]"
aligned,aligned,best,standard,1024,256,2560,256,1.0,1.0,"[0, 0, 0, 0, 0, 0, 0, 0, 0, 0]"
aligned,aligned,best,standard,1536,256,2560,256,1.0,1.0,"[0, 0, 0, 0, 0, 0, 0, 0, 0, 0]"
aligned,aligned,best,standard,2048,256,2560,256,1.0,1.0,"[0, 0, 0, 0, 0, 0, 0, 0, 0, 0]"
aligned,aligned,best,standard,3072,256,2353,86,0.919140625,0.3359375,"[3, 153, 0, 0, 48, 0, 0, 0, 0, 3]"
aligned,aligned,best,standard,4096,256,1640,0,0.640625,0.0,"[222, 178, 0, 0, 227, 0, 0, 66, 127, 100]"
aligned,aligned,best,standard,6144,256,1680,0,0.65625,0.0,"[228, 2, 0, 0, 215, 0, 0, 214, 129, 92]"
aligned,aligned,best,standard,8192,256,1227,0,0.479296875,0.0,"[225, 229, 0, 0, 223, 0, 0, 233, 208, 215]"
aligned,aligned,best,standard,12288,256,431,0,0.168359375,0.0,"[224, 223, 216, 224, 226, 226, 222, 225, 120, 223]"
aligned,aligned,best,standard,16384,256,350,0,0.13671875,0.0,"[227, 223, 221, 227, 223, 214, 221, 229, 204, 221]"
aligned,aligned,best,standard,24576,256,313,0,0.122265625,0.0,"[222, 225, 228, 233, 225, 229, 216, 226, 219, 224]"
aligned,aligned,best,standard,32768,256,356,0,0.1390625,0.0,"[212, 214, 222, 220, 228, 215, 225, 227, 213, 228]"
aligned,aligned,best,standard,49152,256,347,0,0.135546875,0.0,"[230, 220, 230, 220, 219, 224, 217, 223, 214, 216]"
aligned,aligned,best,standard,65536,256,324,0,0.1265625,0.0,"[229, 222, 223, 222, 230, 219, 219, 222, 230, 220]"
aligned,aligned,best,standard,98304,256,348,0,0.1359375,0.0,"[221, 218, 211, 225, 227, 223, 218, 222, 223, 224]"
aligned,aligned,best,standard,131072,256,309,0,0.120703125,0.0,"[231, 227, 230, 234, 218, 228, 233, 216, 214, 220]"
aligned,aligned,best,paired,3,32,263,0,0.821875,0.0,"[0, 0, 0, 9, 19, 12, 17, 0, 0, 0]"
aligned,aligned,best,paired,16,32,320,32,1.0,1.0,"[0, 0, 0, 0, 0, 0, 0, 0, 0, 0]"
aligned,aligned,best,paired,8192,32,151,0,0.471875,0.0,"[28, 27, 0, 0, 29, 0, 0, 30, 26, 29]"
aligned,aligned,best,paired,16383,32,37,0,0.115625,0.0,"[31, 28, 26, 26, 29, 30, 28, 30, 25, 30]"
aligned,aligned,best,paired,16384,32,43,0,0.134375,0.0,"[31, 28, 26, 26, 29, 26, 26, 30, 25, 30]"
aligned,aligned,best,paired,16385,32,47,0,0.146875,0.0,"[31, 28, 26, 26, 29, 26, 26, 30, 25, 26]"
aligned,aligned,best,paired,32767,32,43,0,0.134375,0.0,"[24, 28, 26, 28, 28, 26, 28, 30, 28, 31]"
aligned,aligned,best,paired,32768,32,43,0,0.134375,0.0,"[24, 28, 26, 28, 28, 28, 26, 30, 28, 31]"
aligned,aligned,best,paired,32769,32,45,0,0.140625,0.0,"[24, 28, 26, 28, 28, 26, 26, 30, 28, 31]"
aligned,aligned,best,paired,49144,32,45,0,0.140625,0.0,"[24, 28, 26, 28, 28, 26, 26, 30, 28, 31]"
aligned,aligned,best,paired,49145,32,44,0,0.1375,0.0,"[24, 28, 26, 28, 28, 30, 26, 30, 28, 28]"
aligned,aligned,best,paired,49146,32,38,0,0.11875,0.0,"[32, 28, 26, 26, 29, 26, 28, 30, 29, 28]"
aligned,aligned,best,paired,49147,32,47,0,0.146875,0.0,"[24, 28, 26, 28, 28, 26, 28, 28, 29, 28]"
aligned,aligned,best,paired,49148,32,41,0,0.128125,0.0,"[24, 28, 26, 28, 28, 26, 28, 31, 29, 31]"
aligned,aligned,best,paired,49149,32,47,0,0.146875,0.0,"[24, 28, 26, 28, 28, 26, 26, 28, 28, 31]"
aligned,aligned,best,paired,49150,32,35,0,0.109375,0.0,"[32, 28, 27, 26, 29, 26, 28, 30, 28, 31]"
aligned,aligned,best,paired,49151,32,43,0,0.134375,0.0,"[24, 28, 26, 28, 28, 26, 28, 30, 28, 31]"
aligned,aligned,best,paired,49152,32,43,0,0.134375,0.0,"[24, 28, 26, 28, 28, 28, 26, 30, 28, 31]"
aligned,aligned,best,paired,49153,32,45,0,0.140625,0.0,"[24, 28, 26, 28, 28, 26, 26, 30, 28, 31]"
aligned,aligned,best,paired,49154,32,39,0,0.121875,0.0,"[32, 28, 26, 26, 29, 26, 28, 30, 28, 28]"
aligned,aligned,best,paired,49155,32,45,0,0.140625,0.0,"[24, 28, 26, 28, 28, 26, 28, 30, 28, 29]"
aligned,aligned,best,paired,49156,32,45,0,0.140625,0.0,"[24, 28, 26, 28, 28, 26, 26, 30, 28, 31]"
aligned,aligned,best,paired,49157,32,45,0,0.140625,0.0,"[24, 28, 26, 28, 28, 26, 26, 30, 28, 31]"
aligned,aligned,best,paired,49158,32,39,0,0.121875,0.0,"[32, 28, 26, 26, 29, 26, 28, 30, 28, 28]"
aligned,aligned,best,paired,49159,32,33,0,0.103125,0.0,"[31, 28, 26, 31, 28, 26, 28, 30, 28, 31]"
aligned,aligned,best,paired,49160,32,45,0,0.140625,0.0,"[24, 28, 26, 28, 28, 26, 26, 30, 28, 31]"
aligned,aligned,best,paired,65535,32,34,0,0.10625,0.0,"[31, 28, 26, 26, 29, 29, 28, 30, 28, 31]"
aligned,aligned,best,paired,65536,32,36,0,0.1125,0.0,"[31, 28, 26, 26, 29, 29, 26, 30, 28, 31]"
aligned,aligned,best,paired,65537,32,35,0,0.109375,0.0,"[31, 28, 26, 26, 29, 30, 26, 30, 28, 31]"
aligned,aligned,best,paired,98303,32,43,0,0.134375,0.0,"[24, 28, 26, 28, 28, 26, 28, 30, 28, 31]"
aligned,aligned,best,paired,98304,32,43,0,0.134375,0.0,"[24, 28, 26, 28, 28, 28, 26, 30, 28, 31]"
aligned,aligned,best,paired,98305,32,45,0,0.140625,0.0,"[24, 28, 26, 28, 28, 26, 26, 30, 28, 31]"
aligned,aligned,best,paired,131071,32,36,0,0.1125,0.0,"[31, 28, 26, 28, 28, 26, 28, 30, 28, 31]"
aligned,aligned,best,paired,131072,32,38,0,0.11875,0.0,"[31, 28, 26, 28, 28, 26, 26, 30, 28, 31]"
aligned,aligned,final,standard,1,256,2334,30,0.91171875,0.1171875,"[0, 0, 0, 0, 0, 113, 113, 0, 0, 0]"
aligned,aligned,final,standard,2,256,2212,20,0.8640625,0.078125,"[5, 1, 2, 0, 61, 116, 117, 1, 45, 0]"
aligned,aligned,final,standard,3,256,2332,28,0.9109375,0.109375,"[0, 0, 77, 151, 0, 0, 0, 0, 0, 0]"
aligned,aligned,final,standard,4,256,2179,12,0.851171875,0.046875,"[131, 197, 29, 0, 0, 0, 1, 23, 0, 0]"
aligned,aligned,final,standard,5,256,533,0,0.208203125,0.0,"[232, 250, 182, 221, 227, 223, 215, 227, 226, 24]"
aligned,aligned,final,standard,6,256,2177,18,0.850390625,0.0703125,"[220, 47, 7, 2, 0, 3, 0, 0, 53, 51]"
aligned,aligned,final,standard,7,256,2326,24,0.90859375,0.09375,"[0, 0, 0, 0, 0, 2, 0, 0, 23, 209]"
aligned,aligned,final,standard,8,256,2325,23,0.908203125,0.08984375,"[0, 2, 0, 0, 0, 0, 0, 0, 21, 212]"
aligned,aligned,final,standard,9,256,1628,0,0.6359375,0.0,"[0, 0, 228, 234, 20, 229, 0, 0, 221, 0]"
aligned,aligned,final,standard,10,256,1653,0,0.645703125,0.0,"[0, 0, 0, 215, 14, 0, 0, 229, 230, 219]"
aligned,aligned,final,standard,11,256,2330,27,0.91015625,0.10546875,"[0, 0, 0, 0, 0, 2, 0, 0, 85, 143]"
aligned,aligned,final,standard,12,256,2336,32,0.9125,0.125,"[0, 0, 0, 0, 0, 0, 0, 0, 95, 129]"
aligned,aligned,final,standard,13,256,1558,0,0.60859375,0.0,"[0, 0, 226, 226, 17, 226, 0, 0, 226, 81]"
aligned,aligned,final,standard,14,256,1957,2,0.764453125,0.0078125,"[0, 0, 0, 190, 28, 0, 0, 221, 164, 0]"
aligned,aligned,final,standard,16,256,2415,113,0.943359375,0.44140625,"[0, 0, 0, 0, 0, 1, 0, 0, 142, 2]"
aligned,aligned,final,standard,24,256,2340,37,0.9140625,0.14453125,"[0, 1, 0, 0, 0, 0, 0, 0, 77, 142]"
aligned,aligned,final,standard,32,256,2409,110,0.941015625,0.4296875,"[0, 0, 0, 0, 0, 0, 0, 0, 145, 6]"
aligned,aligned,final,standard,48,256,1658,0,0.64765625,0.0,"[0, 0, 0, 0, 0, 1, 221, 235, 223, 222]"
aligned,aligned,final,standard,64,256,2415,111,0.943359375,0.43359375,"[0, 0, 0, 0, 0, 0, 0, 0, 144, 1]"
aligned,aligned,final,standard,96,256,2430,128,0.94921875,0.5,"[0, 0, 0, 0, 0, 0, 0, 0, 128, 2]"
aligned,aligned,final,standard,128,256,2415,113,0.943359375,0.44140625,"[0, 0, 0, 0, 0, 0, 0, 0, 143, 2]"
aligned,aligned,final,standard,192,256,2394,95,0.93515625,0.37109375,"[0, 3, 0, 0, 0, 0, 0, 0, 160, 3]"
aligned,aligned,final,standard,256,256,2418,116,0.94453125,0.453125,"[0, 0, 0, 0, 0, 0, 0, 0, 140, 2]"
aligned,aligned,final,standard,384,256,2412,109,0.9421875,0.42578125,"[0, 0, 0, 0, 0, 0, 0, 0, 146, 2]"
aligned,aligned,final,standard,512,256,2419,117,0.944921875,0.45703125,"[0, 0, 0, 0, 0, 1, 0, 1, 138, 1]"
aligned,aligned,final,standard,768,256,2395,97,0.935546875,0.37890625,"[0, 0, 0, 0, 0, 1, 0, 0, 157, 7]"
aligned,aligned,final,standard,1024,256,2412,109,0.9421875,0.42578125,"[0, 0, 0, 0, 0, 0, 0, 0, 146, 2]"
aligned,aligned,final,standard,1536,256,2391,89,0.933984375,0.34765625,"[0, 0, 0, 0, 0, 0, 0, 0, 165, 4]"
aligned,aligned,final,standard,2048,256,2410,109,0.94140625,0.42578125,"[0, 0, 0, 0, 0, 1, 0, 0, 146, 3]"
aligned,aligned,final,standard,3072,256,2377,97,0.928515625,0.37890625,"[0, 36, 0, 0, 0, 0, 0, 0, 145, 2]"
aligned,aligned,final,standard,4096,256,2191,31,0.855859375,0.12109375,"[0, 175, 0, 0, 0, 0, 0, 37, 153, 4]"
aligned,aligned,final,standard,6144,256,2424,122,0.946875,0.4765625,"[0, 0, 0, 0, 0, 0, 0, 0, 134, 2]"
aligned,aligned,final,standard,8192,256,1605,1,0.626953125,0.00390625,"[192, 229, 0, 0, 51, 105, 0, 118, 131, 129]"
aligned,aligned,final,standard,12288,256,397,0,0.155078125,0.0,"[227, 220, 224, 226, 226, 226, 226, 219, 155, 214]"
aligned,aligned,final,standard,16384,256,328,0,0.128125,0.0,"[227, 224, 226, 219, 223, 214, 228, 226, 225, 220]"
aligned,aligned,final,standard,24576,256,316,0,0.1234375,0.0,"[217, 223, 220, 233, 224, 229, 231, 221, 222, 224]"
aligned,aligned,final,standard,32768,256,337,0,0.131640625,0.0,"[217, 225, 226, 231, 223, 214, 224, 216, 222, 225]"
aligned,aligned,final,standard,49152,256,298,0,0.11640625,0.0,"[227, 227, 227, 230, 231, 225, 219, 223, 230, 223]"
aligned,aligned,final,standard,65536,256,295,0,0.115234375,0.0,"[227, 216, 231, 232, 230, 232, 228, 218, 227, 224]"
aligned,aligned,final,standard,98304,256,330,0,0.12890625,0.0,"[226, 224, 216, 220, 218, 229, 225, 224, 215, 233]"
aligned,aligned,final,standard,131072,256,328,0,0.128125,0.0,"[224, 223, 218, 218, 224, 228, 222, 226, 231, 218]"
aligned,aligned,final,paired,3,32,294,6,0.91875,0.1875,"[0, 0, 7, 19, 0, 0, 0, 0, 0, 0]"
aligned,aligned,final,paired,16,32,303,15,0.946875,0.46875,"[0, 0, 0, 0, 0, 0, 0, 0, 17, 0]"
aligned,aligned,final,paired,8192,32,209,0,0.653125,0.0,"[22, 27, 0, 0, 8, 10, 0, 14, 17, 13]"
aligned,aligned,final,paired,16383,32,41,0,0.128125,0.0,"[28, 31, 26, 31, 29, 26, 28, 26, 27, 27]"
aligned,aligned,final,paired,16384,32,42,0,0.13125,0.0,"[28, 31, 26, 31, 29, 26, 27, 26, 27, 27]"
aligned,aligned,final,paired,16385,32,46,0,0.14375,0.0,"[28, 25, 30, 31, 28, 26, 27, 26, 27, 26]"
aligned,aligned,final,paired,32767,32,40,0,0.125,0.0,"[28, 31, 26, 31, 29, 26, 27, 31, 24, 27]"
aligned,aligned,final,paired,32768,32,36,0,0.1125,0.0,"[28, 31, 26, 31, 29, 29, 31, 25, 27, 27]"
aligned,aligned,final,paired,32769,32,42,0,0.13125,0.0,"[28, 25, 30, 31, 24, 30, 31, 26, 27, 26]"
aligned,aligned,final,paired,49144,32,42,0,0.13125,0.0,"[28, 31, 26, 31, 28, 26, 28, 27, 27, 26]"
aligned,aligned,final,paired,49145,32,40,0,0.125,0.0,"[28, 25, 30, 31, 28, 29, 28, 25, 30, 26]"
aligned,aligned,final,paired,49146,32,41,0,0.128125,0.0,"[28, 31, 26, 28, 24, 30, 30, 29, 27, 26]"
aligned,aligned,final,paired,49147,32,39,0,0.121875,0.0,"[28, 31, 26, 31, 24, 29, 28, 31, 27, 26]"
aligned,aligned,final,paired,49148,32,36,0,0.1125,0.0,"[28, 31, 26, 28, 28, 26, 28, 31, 27, 31]"
aligned,aligned,final,paired,49149,32,42,0,0.13125,0.0,"[28, 25, 26, 31, 28, 26, 27, 28, 32, 27]"
aligned,aligned,final,paired,49150,32,46,0,0.14375,0.0,"[28, 31, 26, 28, 28, 26, 30, 27, 24, 26]"
aligned,aligned,final,paired,49151,32,37,0,0.115625,0.0,"[28, 31, 26, 31, 29, 26, 27, 31, 27, 27]"
aligned,aligned,final,paired,49152,32,32,0,0.1,0.0,"[28, 31, 26, 31, 29, 29, 31, 30, 27, 26]"
aligned,aligned,final,paired,49153,32,45,0,0.140625,0.0,"[28, 25, 30, 31, 24, 30, 26, 26, 27, 28]"
aligned,aligned,final,paired,49154,32,36,0,0.1125,0.0,"[28, 31, 26, 28, 28, 26, 28, 31, 30, 28]"
aligned,aligned,final,paired,49155,32,31,0,0.096875,0.0,"[28, 31, 30, 31, 28, 26, 28, 31, 30, 26]"
aligned,aligned,final,paired,49156,32,38,0,0.11875,0.0,"[28, 28, 30, 31, 31, 26, 28, 27, 27, 26]"
aligned,aligned,final,paired,49157,32,46,0,0.14375,0.0,"[28, 25, 26, 28, 31, 26, 27, 25, 32, 26]"
aligned,aligned,final,paired,49158,32,43,0,0.134375,0.0,"[28, 28, 30, 26, 28, 29, 30, 25, 27, 26]"
aligned,aligned,final,paired,49159,32,43,0,0.134375,0.0,"[28, 31, 26, 31, 24, 29, 27, 28, 27, 26]"
aligned,aligned,final,paired,49160,32,44,0,0.1375,0.0,"[28, 31, 26, 28, 28, 26, 28, 28, 27, 26]"
aligned,aligned,final,paired,65535,32,41,0,0.128125,0.0,"[28, 31, 26, 31, 29, 26, 28, 26, 27, 27]"
aligned,aligned,final,paired,65536,32,42,0,0.13125,0.0,"[28, 31, 26, 31, 29, 26, 27, 26, 27, 27]"
aligned,aligned,final,paired,65537,32,46,0,0.14375,0.0,"[28, 25, 30, 31, 28, 26, 27, 26, 27, 26]"
aligned,aligned,final,paired,98303,32,37,0,0.115625,0.0,"[28, 31, 26, 31, 29, 26, 27, 31, 27, 27]"
aligned,aligned,final,paired,98304,32,36,0,0.1125,0.0,"[28, 31, 26, 31, 29, 29, 31, 25, 27, 27]"
aligned,aligned,final,paired,98305,32,42,0,0.13125,0.0,"[28, 25, 30, 31, 24, 30, 31, 26, 27, 26]"
aligned,aligned,final,paired,131071,32,37,0,0.115625,0.0,"[28, 31, 26, 31, 29, 26, 28, 26, 32, 26]"
aligned,aligned,final,paired,131072,32,39,0,0.121875,0.0,"[28, 31, 26, 31, 29, 26, 27, 27, 27, 29]"
