name,cohort,seed,T,digit,patch,donor_T,absolute_position,checkpoint,precision,n,string_correct,token_correct,digit_correct,job,baseline_digit_correct,rescued,regressed,mean_margin,next_digit_errors,donor_correct,donor_correct_baseline_wrong,rescued_with_correct_donor
discovery__T49144-d9-baseline,discovery,4321,49144,9,none,,49162,best,bf16,16,9,152,14,best-bf16,14,0,0,3.138916015625,2,,,
discovery__T49145-d9-baseline,discovery,4321,49145,9,none,,49163,best,bf16,16,11,155,16,best-bf16,16,0,0,12.49530029296875,0,,,
discovery__T49146-d9-baseline,discovery,4321,49146,9,none,,49164,best,bf16,16,4,147,16,best-bf16,16,0,0,10.5960693359375,0,,,
discovery__T49147-d9-baseline,discovery,4321,49147,9,none,,49165,best,bf16,16,12,156,16,best-bf16,16,0,0,13.3575439453125,0,,,
discovery__T49148-d9-baseline,discovery,4321,49148,9,none,,49166,best,bf16,16,15,159,16,best-bf16,16,0,0,12.21893310546875,0,,,
discovery__T49149-d9-baseline,discovery,4321,49149,9,none,,49167,best,bf16,16,13,157,16,best-bf16,16,0,0,13.146200180053711,0,,,
discovery__T49150-d9-baseline,discovery,4321,49150,9,none,,49168,best,bf16,16,8,151,16,best-bf16,16,0,0,11.633529663085938,0,,,
discovery__T49151-d10-baseline,discovery,4321,49151,10,none,,49170,best,bf16,16,15,159,16,best-bf16,16,0,0,11.5704345703125,0,,,
discovery__T49152-d9-baseline,discovery,4321,49152,9,none,,49170,best,bf16,16,3,146,3,best-bf16,3,0,0,-2.1164588928222656,13,,,
discovery__T49153-d8-baseline,discovery,4321,49153,8,none,,49170,best,bf16,16,5,149,5,best-bf16,5,0,0,-1.16070556640625,11,,,
discovery__T49154-d9-baseline,discovery,4321,49154,9,none,,49172,best,bf16,16,4,147,16,best-bf16,16,0,0,10.72967529296875,0,,,
discovery__T49155-d9-baseline,discovery,4321,49155,9,none,,49173,best,bf16,16,9,152,16,best-bf16,16,0,0,9.09197998046875,0,,,
discovery__T49156-d9-baseline,discovery,4321,49156,9,none,,49174,best,bf16,16,6,145,11,best-bf16,11,0,0,1.7662353515625,5,,,
discovery__T49157-d9-baseline,discovery,4321,49157,9,none,,49175,best,bf16,16,6,145,16,best-bf16,16,0,0,11.036893844604492,0,,,
discovery__T49158-d9-baseline,discovery,4321,49158,9,none,,49176,best,bf16,16,3,135,16,best-bf16,16,0,0,11.20306396484375,0,,,
discovery__T49159-d9-baseline,discovery,4321,49159,9,none,,49177,best,bf16,16,6,148,16,best-bf16,16,0,0,14.95269775390625,0,,,
discovery__T49160-d9-baseline,discovery,4321,49160,9,none,,49178,best,bf16,16,12,156,14,best-bf16,14,0,0,5.65667724609375,2,,,
discovery__T32768-d9-baseline,discovery,4321,32768,9,none,,32786,best,bf16,16,15,159,16,best-bf16,16,0,0,10.7252197265625,0,,,
discovery__T49152-d9-sham_head8,discovery,4321,49152,9,sham_head8,49152,49170,best,bf16,16,3,146,3,best-bf16,3,0,0,-2.1164588928222656,13,3,0,0
discovery__T49152-d9-head8,discovery,4321,49152,9,head8,32768,49170,best,bf16,16,15,159,16,best-bf16,3,13,0,10.67523193359375,0,16,13,13
discovery__T49152-d9-head1,discovery,4321,49152,9,head1,32768,49170,best,bf16,16,3,146,3,best-bf16,3,0,0,-2.1164588928222656,13,16,13,0
discovery__T49152-d9-l1_block,discovery,4321,49152,9,l1_block,32768,49170,best,bf16,16,15,159,16,best-bf16,3,13,0,10.67523193359375,0,16,13,13
discovery__T49152-d9-sham_phase,discovery,4321,49152,9,sham_phase,49152,49170,best,bf16,16,3,146,3,best-bf16,3,0,0,-2.1164588928222656,13,3,0,0
discovery__T49152-d9-phase,discovery,4321,49152,9,phase,32768,49170,best,bf16,16,15,159,16,best-bf16,3,13,0,10.67523193359375,0,16,13,13
discovery__T49152-d9-mask,discovery,4321,49152,9,mask,32768,49170,best,bf16,16,3,146,3,best-bf16,3,0,0,-2.1164588928222656,13,16,13,0
discovery__T49152-d9-phase_mask,discovery,4321,49152,9,phase_mask,32768,49170,best,bf16,16,15,159,16,best-bf16,3,13,0,10.67523193359375,0,16,13,13
discovery__T49152-d9-sham_gate,discovery,4321,49152,9,sham_gate,49152,49170,best,bf16,16,3,146,3,best-bf16,3,0,0,-2.1164588928222656,13,3,0,0
discovery__T49152-d9-l2_gate,discovery,4321,49152,9,l2_gate,32768,49170,best,bf16,16,15,159,16,best-bf16,3,13,0,9.1937255859375,0,16,13,13
discovery__T49152-d9-l2_raw,discovery,4321,49152,9,l2_raw,32768,49170,best,bf16,16,3,146,3,best-bf16,3,0,0,-2.4993820190429688,13,16,13,0
discovery__T49152-d9-l2_raw_gate,discovery,4321,49152,9,l2_raw_gate,32768,49170,best,bf16,16,15,159,16,best-bf16,3,13,0,9.32537841796875,0,16,13,13
discovery__T49152-d9-sham_ffn,discovery,4321,49152,9,sham_ffn,49152,49170,best,bf16,16,3,146,3,best-bf16,3,0,0,-2.1164588928222656,13,3,0,0
discovery__T49152-d9-l2_ffn,discovery,4321,49152,9,l2_ffn,32768,49170,best,bf16,16,15,159,16,best-bf16,3,13,0,10.77545166015625,0,16,13,13
discovery__T49152-d9-sham_block,discovery,4321,49152,9,sham_block,49152,49170,best,bf16,16,3,146,3,best-bf16,3,0,0,-2.1164588928222656,13,3,0,0
discovery__T32768-d9-reverse-head8,discovery,4321,32768,9,reverse-head8,49152,32786,best,bf16,16,3,146,3,best-bf16,16,0,13,-2.4993820190429688,13,3,0,0
discovery__T32768-d9-reverse-head1,discovery,4321,32768,9,reverse-head1,49152,32786,best,bf16,16,15,159,16,best-bf16,16,0,0,10.7252197265625,0,3,0,0
discovery__T32768-d9-reverse-l1_block,discovery,4321,32768,9,reverse-l1_block,49152,32786,best,bf16,16,3,146,3,best-bf16,16,0,13,-2.4993820190429688,13,3,0,0
discovery__T32768-d9-reverse-l2_gate,discovery,4321,32768,9,reverse-l2_gate,49152,32786,best,bf16,16,6,149,6,best-bf16,16,0,10,-0.6602020263671875,10,3,0,0
discovery__T32768-d9-reverse-l2_raw,discovery,4321,32768,9,reverse-l2_raw,49152,32786,best,bf16,16,15,159,16,best-bf16,16,0,0,10.67523193359375,0,3,0,0
discovery__T32768-d9-reverse-l2_raw_gate,discovery,4321,32768,9,reverse-l2_raw_gate,49152,32786,best,bf16,16,7,150,7,best-bf16,16,0,9,-0.180206298828125,9,3,0,0
discovery__T32768-d9-reverse-l2_ffn,discovery,4321,32768,9,reverse-l2_ffn,49152,32786,best,bf16,16,3,146,3,best-bf16,16,0,13,-2.1168746948242188,13,3,0,0
discovery__T32769-d8-baseline,discovery,4321,32769,8,none,,32786,best,bf16,16,15,159,15,best-bf16,15,0,0,8.119140625,0,,,
discovery__T49153-d8-sham_head8,discovery,4321,49153,8,sham_head8,49153,49170,best,bf16,16,5,149,5,best-bf16,5,0,0,-1.16070556640625,11,5,0,0
discovery__T49153-d8-head8,discovery,4321,49153,8,head8,32769,49170,best,bf16,16,15,159,15,best-bf16,5,10,0,8.115478515625,0,15,10,10
discovery__T49153-d8-head1,discovery,4321,49153,8,head1,32769,49170,best,bf16,16,5,149,5,best-bf16,5,0,0,-1.16070556640625,11,15,10,0
discovery__T49153-d8-l1_block,discovery,4321,49153,8,l1_block,32769,49170,best,bf16,16,15,159,15,best-bf16,5,10,0,8.113525390625,0,15,10,10
discovery__T49153-d8-sham_phase,discovery,4321,49153,8,sham_phase,49153,49170,best,bf16,16,5,149,5,best-bf16,5,0,0,-1.16070556640625,11,5,0,0
discovery__T49153-d8-phase,discovery,4321,49153,8,phase,32769,49170,best,bf16,16,15,159,15,best-bf16,5,10,0,8.115478515625,0,15,10,10
discovery__T49153-d8-mask,discovery,4321,49153,8,mask,32769,49170,best,bf16,16,5,149,5,best-bf16,5,0,0,-1.16070556640625,11,15,10,0
discovery__T49153-d8-phase_mask,discovery,4321,49153,8,phase_mask,32769,49170,best,bf16,16,15,159,15,best-bf16,5,10,0,8.115478515625,0,15,10,10
discovery__T49153-d8-sham_gate,discovery,4321,49153,8,sham_gate,49153,49170,best,bf16,16,5,149,5,best-bf16,5,0,0,-1.16070556640625,11,5,0,0
discovery__T49153-d8-l2_gate,discovery,4321,49153,8,l2_gate,32769,49170,best,bf16,16,15,159,15,best-bf16,5,10,0,7.8984375,0,15,10,10
discovery__T49153-d8-l2_raw,discovery,4321,49153,8,l2_raw,32769,49170,best,bf16,16,5,149,5,best-bf16,5,0,0,-1.1536865234375,11,15,10,0
discovery__T49153-d8-l2_raw_gate,discovery,4321,49153,8,l2_raw_gate,32769,49170,best,bf16,16,15,159,15,best-bf16,5,10,0,7.89208984375,0,15,10,10
discovery__T49153-d8-sham_ffn,discovery,4321,49153,8,sham_ffn,49153,49170,best,bf16,16,5,149,5,best-bf16,5,0,0,-1.16070556640625,11,5,0,0
discovery__T49153-d8-l2_ffn,discovery,4321,49153,8,l2_ffn,32769,49170,best,bf16,16,15,159,15,best-bf16,5,10,0,8.083984375,0,15,10,10
discovery__T49153-d8-sham_block,discovery,4321,49153,8,sham_block,49153,49170,best,bf16,16,5,149,5,best-bf16,5,0,0,-1.16070556640625,11,5,0,0
discovery__T32769-d8-reverse-head8,discovery,4321,32769,8,reverse-head8,49153,32786,best,bf16,16,5,149,5,best-bf16,15,0,10,-1.1588134765625,11,5,0,0
discovery__T32769-d8-reverse-head1,discovery,4321,32769,8,reverse-head1,49153,32786,best,bf16,16,15,159,15,best-bf16,15,0,0,8.119140625,0,5,0,0
discovery__T32769-d8-reverse-l1_block,discovery,4321,32769,8,reverse-l1_block,49153,32786,best,bf16,16,5,149,5,best-bf16,15,0,10,-1.1536865234375,11,5,0,0
discovery__T32769-d8-reverse-l2_gate,discovery,4321,32769,8,reverse-l2_gate,49153,32786,best,bf16,16,5,149,5,best-bf16,15,0,10,-0.95111083984375,11,5,0,0
discovery__T32769-d8-reverse-l2_raw,discovery,4321,32769,8,reverse-l2_raw,49153,32786,best,bf16,16,15,159,15,best-bf16,15,0,0,8.113525390625,0,5,0,0
discovery__T32769-d8-reverse-l2_raw_gate,discovery,4321,32769,8,reverse-l2_raw_gate,49153,32786,best,bf16,16,5,149,5,best-bf16,15,0,10,-0.9489631652832031,11,5,0,0
discovery__T32769-d8-reverse-l2_ffn,discovery,4321,32769,8,reverse-l2_ffn,49153,32786,best,bf16,16,5,149,5,best-bf16,15,0,10,-1.13531494140625,11,5,0,0
validation__T49144-d9-baseline,validation,20260911,49144,9,none,,49162,best,bf16,32,19,305,24,best-bf16,24,0,0,5.3082275390625,8,,,
validation__T49145-d9-baseline,validation,20260911,49145,9,none,,49163,best,bf16,32,24,312,32,best-bf16,32,0,0,11.68850326538086,0,,,
validation__T49146-d9-baseline,validation,20260911,49146,9,none,,49164,best,bf16,32,14,302,32,best-bf16,32,0,0,10.3475341796875,0,,,
validation__T49147-d9-baseline,validation,20260911,49147,9,none,,49165,best,bf16,32,28,316,32,best-bf16,32,0,0,12.100265502929688,0,,,
validation__T49148-d9-baseline,validation,20260911,49148,9,none,,49166,best,bf16,32,32,320,32,best-bf16,32,0,0,11.24700927734375,0,,,
validation__T49149-d9-baseline,validation,20260911,49149,9,none,,49167,best,bf16,32,26,314,32,best-bf16,32,0,0,11.696762084960938,0,,,
validation__T49150-d9-baseline,validation,20260911,49150,9,none,,49168,best,bf16,32,16,304,32,best-bf16,32,0,0,10.340194702148438,0,,,
validation__T49151-d10-baseline,validation,20260911,49151,10,none,,49170,best,bf16,32,31,319,32,best-bf16,32,0,0,11.005645751953125,0,,,
validation__T49152-d9-baseline,validation,20260911,49152,9,none,,49170,best,bf16,32,16,304,16,best-bf16,16,0,0,1.38861083984375,16,,,
validation__T49153-d8-baseline,validation,20260911,49153,8,none,,49170,best,bf16,32,17,305,17,best-bf16,17,0,0,0.43182373046875,15,,,
validation__T49154-d9-baseline,validation,20260911,49154,9,none,,49172,best,bf16,32,11,294,32,best-bf16,32,0,0,9.9752197265625,0,,,
validation__T49155-d9-baseline,validation,20260911,49155,9,none,,49173,best,bf16,32,19,307,32,best-bf16,32,0,0,8.064453125,0,,,
validation__T49156-d9-baseline,validation,20260911,49156,9,none,,49174,best,bf16,32,15,295,22,best-bf16,22,0,0,4.2159423828125,10,,,
validation__T49157-d9-baseline,validation,20260911,49157,9,none,,49175,best,bf16,32,13,294,32,best-bf16,32,0,0,10.52740478515625,0,,,
validation__T49158-d9-baseline,validation,20260911,49158,9,none,,49176,best,bf16,32,10,283,32,best-bf16,32,0,0,10.651123046875,0,,,
validation__T49159-d9-baseline,validation,20260911,49159,9,none,,49177,best,bf16,32,18,301,32,best-bf16,32,0,0,13.505622863769531,0,,,
validation__T49160-d9-baseline,validation,20260911,49160,9,none,,49178,best,bf16,32,27,315,28,best-bf16,28,0,0,7.198974609375,4,,,
validation__T32768-d9-baseline,validation,20260911,32768,9,none,,32786,best,bf16,32,32,320,32,best-bf16,32,0,0,9.71624755859375,0,,,
validation__T49152-d9-sham_head8,validation,20260911,49152,9,sham_head8,49152,49170,best,bf16,32,16,304,16,best-bf16,16,0,0,1.38861083984375,16,16,0,0
validation__T49152-d9-head8,validation,20260911,49152,9,head8,32768,49170,best,bf16,32,32,320,32,best-bf16,16,16,0,9.6717529296875,0,32,16,16
validation__T49152-d9-head1,validation,20260911,49152,9,head1,32768,49170,best,bf16,32,16,304,16,best-bf16,16,0,0,1.38861083984375,16,32,16,0
validation__T49152-d9-l1_block,validation,20260911,49152,9,l1_block,32768,49170,best,bf16,32,32,320,32,best-bf16,16,16,0,9.67138671875,0,32,16,16
validation__T49152-d9-sham_phase,validation,20260911,49152,9,sham_phase,49152,49170,best,bf16,32,16,304,16,best-bf16,16,0,0,1.38861083984375,16,16,0,0
validation__T49152-d9-phase,validation,20260911,49152,9,phase,32768,49170,best,bf16,32,32,320,32,best-bf16,16,16,0,9.6717529296875,0,32,16,16
validation__T49152-d9-mask,validation,20260911,49152,9,mask,32768,49170,best,bf16,32,16,304,16,best-bf16,16,0,0,1.38861083984375,16,32,16,0
validation__T49152-d9-phase_mask,validation,20260911,49152,9,phase_mask,32768,49170,best,bf16,32,32,320,32,best-bf16,16,16,0,9.6717529296875,0,32,16,16
validation__T49152-d9-sham_gate,validation,20260911,49152,9,sham_gate,49152,49170,best,bf16,32,16,304,16,best-bf16,16,0,0,1.38861083984375,16,16,0,0
validation__T49152-d9-l2_gate,validation,20260911,49152,9,l2_gate,32768,49170,best,bf16,32,32,320,32,best-bf16,16,16,0,8.63507080078125,0,32,16,16
validation__T49152-d9-l2_raw,validation,20260911,49152,9,l2_raw,32768,49170,best,bf16,32,15,303,15,best-bf16,16,0,1,1.13226318359375,17,32,16,0
validation__T49152-d9-l2_raw_gate,validation,20260911,49152,9,l2_raw_gate,32768,49170,best,bf16,32,32,320,32,best-bf16,16,16,0,8.718994140625,0,32,16,16
validation__T49152-d9-sham_ffn,validation,20260911,49152,9,sham_ffn,49152,49170,best,bf16,32,16,304,16,best-bf16,16,0,0,1.38861083984375,16,16,0,0
validation__T49152-d9-l2_ffn,validation,20260911,49152,9,l2_ffn,32768,49170,best,bf16,32,32,320,32,best-bf16,16,16,0,9.7637939453125,0,32,16,16
validation__T49152-d9-sham_block,validation,20260911,49152,9,sham_block,49152,49170,best,bf16,32,16,304,16,best-bf16,16,0,0,1.38861083984375,16,16,0,0
validation__T32768-d9-reverse-head8,validation,20260911,32768,9,reverse-head8,49152,32786,best,bf16,32,15,303,15,best-bf16,32,0,17,1.13385009765625,17,16,0,0
validation__T32768-d9-reverse-head1,validation,20260911,32768,9,reverse-head1,49152,32786,best,bf16,32,32,320,32,best-bf16,32,0,0,9.71624755859375,0,16,0,0
validation__T32768-d9-reverse-l1_block,validation,20260911,32768,9,reverse-l1_block,49152,32786,best,bf16,32,15,303,15,best-bf16,32,0,17,1.13226318359375,17,16,0,0
validation__T32768-d9-reverse-l2_gate,validation,20260911,32768,9,reverse-l2_gate,49152,32786,best,bf16,32,18,306,18,best-bf16,32,0,14,2.42437744140625,14,16,0,0
validation__T32768-d9-reverse-l2_raw,validation,20260911,32768,9,reverse-l2_raw,49152,32786,best,bf16,32,32,320,32,best-bf16,32,0,0,9.67138671875,0,16,0,0
validation__T32768-d9-reverse-l2_raw_gate,validation,20260911,32768,9,reverse-l2_raw_gate,49152,32786,best,bf16,32,18,306,18,best-bf16,32,0,14,2.75201416015625,14,16,0,0
validation__T32768-d9-reverse-l2_ffn,validation,20260911,32768,9,reverse-l2_ffn,49152,32786,best,bf16,32,16,304,16,best-bf16,32,0,16,1.376953125,16,16,0,0
validation__T32769-d8-baseline,validation,20260911,32769,8,none,,32786,best,bf16,32,32,320,32,best-bf16,32,0,0,10.374801635742188,0,,,
validation__T49153-d8-sham_head8,validation,20260911,49153,8,sham_head8,49153,49170,best,bf16,32,17,305,17,best-bf16,17,0,0,0.43182373046875,15,17,0,0
validation__T49153-d8-head8,validation,20260911,49153,8,head8,32769,49170,best,bf16,32,32,320,32,best-bf16,17,15,0,10.379108428955078,0,32,15,15
validation__T49153-d8-head1,validation,20260911,49153,8,head1,32769,49170,best,bf16,32,17,305,17,best-bf16,17,0,0,0.43182373046875,15,32,15,0
validation__T49153-d8-l1_block,validation,20260911,49153,8,l1_block,32769,49170,best,bf16,32,32,320,32,best-bf16,17,15,0,10.379756927490234,0,32,15,15
validation__T49153-d8-sham_phase,validation,20260911,49153,8,sham_phase,49153,49170,best,bf16,32,17,305,17,best-bf16,17,0,0,0.43182373046875,15,17,0,0
validation__T49153-d8-phase,validation,20260911,49153,8,phase,32769,49170,best,bf16,32,32,320,32,best-bf16,17,15,0,10.379108428955078,0,32,15,15
validation__T49153-d8-mask,validation,20260911,49153,8,mask,32769,49170,best,bf16,32,17,305,17,best-bf16,17,0,0,0.43182373046875,15,32,15,0
validation__T49153-d8-phase_mask,validation,20260911,49153,8,phase_mask,32769,49170,best,bf16,32,32,320,32,best-bf16,17,15,0,10.379108428955078,0,32,15,15
validation__T49153-d8-sham_gate,validation,20260911,49153,8,sham_gate,49153,49170,best,bf16,32,17,305,17,best-bf16,17,0,0,0.43182373046875,15,17,0,0
validation__T49153-d8-l2_gate,validation,20260911,49153,8,l2_gate,32769,49170,best,bf16,32,32,320,32,best-bf16,17,15,0,10.20281982421875,0,32,15,15
validation__T49153-d8-l2_raw,validation,20260911,49153,8,l2_raw,32769,49170,best,bf16,32,17,305,17,best-bf16,17,0,0,0.43115234375,15,32,15,0
validation__T49153-d8-l2_raw_gate,validation,20260911,49153,8,l2_raw_gate,32769,49170,best,bf16,32,32,320,32,best-bf16,17,15,0,10.205535888671875,0,32,15,15
validation__T49153-d8-sham_ffn,validation,20260911,49153,8,sham_ffn,49153,49170,best,bf16,32,17,305,17,best-bf16,17,0,0,0.43182373046875,15,17,0,0
validation__T49153-d8-l2_ffn,validation,20260911,49153,8,l2_ffn,32769,49170,best,bf16,32,32,320,32,best-bf16,17,15,0,10.43096923828125,0,32,15,15
validation__T49153-d8-sham_block,validation,20260911,49153,8,sham_block,49153,49170,best,bf16,32,17,305,17,best-bf16,17,0,0,0.43182373046875,15,17,0,0
validation__T32769-d8-reverse-head8,validation,20260911,32769,8,reverse-head8,49153,32786,best,bf16,32,17,305,17,best-bf16,32,0,15,0.43017578125,15,17,0,0
validation__T32769-d8-reverse-head1,validation,20260911,32769,8,reverse-head1,49153,32786,best,bf16,32,32,320,32,best-bf16,32,0,0,10.374801635742188,0,17,0,0
validation__T32769-d8-reverse-l1_block,validation,20260911,32769,8,reverse-l1_block,49153,32786,best,bf16,32,17,305,17,best-bf16,32,0,15,0.43115234375,15,17,0,0
validation__T32769-d8-reverse-l2_gate,validation,20260911,32769,8,reverse-l2_gate,49153,32786,best,bf16,32,17,305,17,best-bf16,32,0,15,0.95123291015625,15,17,0,0
validation__T32769-d8-reverse-l2_raw,validation,20260911,32769,8,reverse-l2_raw,49153,32786,best,bf16,32,32,320,32,best-bf16,32,0,0,10.379756927490234,0,17,0,0
validation__T32769-d8-reverse-l2_raw_gate,validation,20260911,32769,8,reverse-l2_raw_gate,49153,32786,best,bf16,32,17,305,17,best-bf16,32,0,15,0.9542236328125,15,17,0,0
validation__T32769-d8-reverse-l2_ffn,validation,20260911,32769,8,reverse-l2_ffn,49153,32786,best,bf16,32,17,305,17,best-bf16,32,0,15,0.41552734375,15,17,0,0
discovery__T49144-d9-baseline,discovery,4321,49144,9,none,,49162,final,bf16,16,13,143,15,final-bf16,15,0,0,4.13946533203125,0,,,
discovery__T49145-d9-baseline,discovery,4321,49145,9,none,,49163,final,bf16,16,8,152,16,final-bf16,16,0,0,6.862060546875,0,,,
discovery__T49146-d9-baseline,discovery,4321,49146,9,none,,49164,final,bf16,16,15,159,16,final-bf16,16,0,0,4.22412109375,0,,,
discovery__T49147-d9-baseline,discovery,4321,49147,9,none,,49165,final,bf16,16,16,160,16,final-bf16,16,0,0,2.61572265625,0,,,
discovery__T49148-d9-baseline,discovery,4321,49148,9,none,,49166,final,bf16,16,16,160,16,final-bf16,16,0,0,6.48486328125,0,,,
discovery__T49149-d9-baseline,discovery,4321,49149,9,none,,49167,final,bf16,16,12,156,16,final-bf16,16,0,0,6.5458984375,0,,,
discovery__T49150-d9-baseline,discovery,4321,49150,9,none,,49168,final,bf16,16,16,160,16,final-bf16,16,0,0,6.727294921875,0,,,
discovery__T49151-d10-baseline,discovery,4321,49151,10,none,,49170,final,bf16,16,14,158,15,final-bf16,15,0,0,2.90478515625,0,,,
discovery__T49152-d9-baseline,discovery,4321,49152,9,none,,49170,final,bf16,16,16,160,16,final-bf16,16,0,0,8.316650390625,0,,,
discovery__T49153-d8-baseline,discovery,4321,49153,8,none,,49170,final,bf16,16,16,160,16,final-bf16,16,0,0,5.70166015625,0,,,
discovery__T49154-d9-baseline,discovery,4321,49154,9,none,,49172,final,bf16,16,1,141,16,final-bf16,16,0,0,4.155517578125,0,,,
discovery__T49155-d9-baseline,discovery,4321,49155,9,none,,49173,final,bf16,16,0,135,6,final-bf16,6,0,0,-1.0283203125,2,,,
discovery__T49156-d9-baseline,discovery,4321,49156,9,none,,49174,final,bf16,16,8,151,11,final-bf16,11,0,0,1.18017578125,2,,,
discovery__T49157-d9-baseline,discovery,4321,49157,9,none,,49175,final,bf16,16,9,153,16,final-bf16,16,0,0,6.41455078125,0,,,
discovery__T49158-d9-baseline,discovery,4321,49158,9,none,,49176,final,bf16,16,13,157,15,final-bf16,15,0,0,3.256103515625,1,,,
discovery__T49159-d9-baseline,discovery,4321,49159,9,none,,49177,final,bf16,16,8,152,16,final-bf16,16,0,0,3.71533203125,0,,,
discovery__T49160-d9-baseline,discovery,4321,49160,9,none,,49178,final,bf16,16,14,153,14,final-bf16,14,0,0,4.27734375,0,,,
discovery__T32768-d9-baseline,discovery,4321,32768,9,none,,32786,final,bf16,16,16,160,16,final-bf16,16,0,0,8.166748046875,0,,,
discovery__T49152-d9-sham_head8,discovery,4321,49152,9,sham_head8,49152,49170,final,bf16,16,16,160,16,final-bf16,16,0,0,8.316650390625,0,16,0,0
discovery__T49152-d9-head8,discovery,4321,49152,9,head8,32768,49170,final,bf16,16,16,160,16,final-bf16,16,0,0,8.109130859375,0,16,0,0
discovery__T49152-d9-head1,discovery,4321,49152,9,head1,32768,49170,final,bf16,16,16,160,16,final-bf16,16,0,0,8.316650390625,0,16,0,0
discovery__T49152-d9-l1_block,discovery,4321,49152,9,l1_block,32768,49170,final,bf16,16,16,160,16,final-bf16,16,0,0,8.108154296875,0,16,0,0
discovery__T49152-d9-sham_phase,discovery,4321,49152,9,sham_phase,49152,49170,final,bf16,16,16,160,16,final-bf16,16,0,0,8.316650390625,0,16,0,0
discovery__T49152-d9-phase,discovery,4321,49152,9,phase,32768,49170,final,bf16,16,16,160,16,final-bf16,16,0,0,8.109130859375,0,16,0,0
discovery__T49152-d9-mask,discovery,4321,49152,9,mask,32768,49170,final,bf16,16,16,160,16,final-bf16,16,0,0,8.316650390625,0,16,0,0
discovery__T49152-d9-phase_mask,discovery,4321,49152,9,phase_mask,32768,49170,final,bf16,16,16,160,16,final-bf16,16,0,0,8.109130859375,0,16,0,0
discovery__T49152-d9-sham_gate,discovery,4321,49152,9,sham_gate,49152,49170,final,bf16,16,16,160,16,final-bf16,16,0,0,8.316650390625,0,16,0,0
discovery__T49152-d9-l2_gate,discovery,4321,49152,9,l2_gate,32768,49170,final,bf16,16,16,160,16,final-bf16,16,0,0,8.21142578125,0,16,0,0
discovery__T49152-d9-l2_raw,discovery,4321,49152,9,l2_raw,32768,49170,final,bf16,16,16,160,16,final-bf16,16,0,0,8.384521484375,0,16,0,0
discovery__T49152-d9-l2_raw_gate,discovery,4321,49152,9,l2_raw_gate,32768,49170,final,bf16,16,16,160,16,final-bf16,16,0,0,8.22802734375,0,16,0,0
discovery__T49152-d9-sham_ffn,discovery,4321,49152,9,sham_ffn,49152,49170,final,bf16,16,16,160,16,final-bf16,16,0,0,8.316650390625,0,16,0,0
discovery__T49152-d9-l2_ffn,discovery,4321,49152,9,l2_ffn,32768,49170,final,bf16,16,16,160,16,final-bf16,16,0,0,8.163330078125,0,16,0,0
discovery__T49152-d9-sham_block,discovery,4321,49152,9,sham_block,49152,49170,final,bf16,16,16,160,16,final-bf16,16,0,0,8.316650390625,0,16,0,0
discovery__T32768-d9-reverse-head8,discovery,4321,32768,9,reverse-head8,49152,32786,final,bf16,16,16,160,16,final-bf16,16,0,0,8.3837890625,0,16,0,0
discovery__T32768-d9-reverse-head1,discovery,4321,32768,9,reverse-head1,49152,32786,final,bf16,16,16,160,16,final-bf16,16,0,0,8.166748046875,0,16,0,0
discovery__T32768-d9-reverse-l1_block,discovery,4321,32768,9,reverse-l1_block,49152,32786,final,bf16,16,16,160,16,final-bf16,16,0,0,8.384521484375,0,16,0,0
discovery__T32768-d9-reverse-l2_gate,discovery,4321,32768,9,reverse-l2_gate,49152,32786,final,bf16,16,16,160,16,final-bf16,16,0,0,8.309326171875,0,16,0,0
discovery__T32768-d9-reverse-l2_raw,discovery,4321,32768,9,reverse-l2_raw,49152,32786,final,bf16,16,16,160,16,final-bf16,16,0,0,8.108154296875,0,16,0,0
discovery__T32768-d9-reverse-l2_raw_gate,discovery,4321,32768,9,reverse-l2_raw_gate,49152,32786,final,bf16,16,16,160,16,final-bf16,16,0,0,8.247802734375,0,16,0,0
discovery__T32768-d9-reverse-l2_ffn,discovery,4321,32768,9,reverse-l2_ffn,49152,32786,final,bf16,16,16,160,16,final-bf16,16,0,0,8.31201171875,0,16,0,0
discovery__T32769-d8-baseline,discovery,4321,32769,8,none,,32786,final,bf16,16,16,160,16,final-bf16,16,0,0,5.868408203125,0,,,
discovery__T49153-d8-sham_head8,discovery,4321,49153,8,sham_head8,49153,49170,final,bf16,16,16,160,16,final-bf16,16,0,0,5.70166015625,0,16,0,0
discovery__T49153-d8-head8,discovery,4321,49153,8,head8,32769,49170,final,bf16,16,16,160,16,final-bf16,16,0,0,5.866943359375,0,16,0,0
discovery__T49153-d8-head1,discovery,4321,49153,8,head1,32769,49170,final,bf16,16,16,160,16,final-bf16,16,0,0,5.70166015625,0,16,0,0
discovery__T49153-d8-l1_block,discovery,4321,49153,8,l1_block,32769,49170,final,bf16,16,16,160,16,final-bf16,16,0,0,5.866943359375,0,16,0,0
discovery__T49153-d8-sham_phase,discovery,4321,49153,8,sham_phase,49153,49170,final,bf16,16,16,160,16,final-bf16,16,0,0,5.70166015625,0,16,0,0
discovery__T49153-d8-phase,discovery,4321,49153,8,phase,32769,49170,final,bf16,16,16,160,16,final-bf16,16,0,0,5.866943359375,0,16,0,0
discovery__T49153-d8-mask,discovery,4321,49153,8,mask,32769,49170,final,bf16,16,16,160,16,final-bf16,16,0,0,5.70166015625,0,16,0,0
discovery__T49153-d8-phase_mask,discovery,4321,49153,8,phase_mask,32769,49170,final,bf16,16,16,160,16,final-bf16,16,0,0,5.866943359375,0,16,0,0
discovery__T49153-d8-sham_gate,discovery,4321,49153,8,sham_gate,49153,49170,final,bf16,16,16,160,16,final-bf16,16,0,0,5.70166015625,0,16,0,0
discovery__T49153-d8-l2_gate,discovery,4321,49153,8,l2_gate,32769,49170,final,bf16,16,16,160,16,final-bf16,16,0,0,5.861328125,0,16,0,0
discovery__T49153-d8-l2_raw,discovery,4321,49153,8,l2_raw,32769,49170,final,bf16,16,16,160,16,final-bf16,16,0,0,5.697998046875,0,16,0,0
discovery__T49153-d8-l2_raw_gate,discovery,4321,49153,8,l2_raw_gate,32769,49170,final,bf16,16,16,160,16,final-bf16,16,0,0,5.86328125,0,16,0,0
discovery__T49153-d8-sham_ffn,discovery,4321,49153,8,sham_ffn,49153,49170,final,bf16,16,16,160,16,final-bf16,16,0,0,5.70166015625,0,16,0,0
discovery__T49153-d8-l2_ffn,discovery,4321,49153,8,l2_ffn,32769,49170,final,bf16,16,16,160,16,final-bf16,16,0,0,5.865234375,0,16,0,0
discovery__T49153-d8-sham_block,discovery,4321,49153,8,sham_block,49153,49170,final,bf16,16,16,160,16,final-bf16,16,0,0,5.70166015625,0,16,0,0
discovery__T32769-d8-reverse-head8,discovery,4321,32769,8,reverse-head8,49153,32786,final,bf16,16,16,160,16,final-bf16,16,0,0,5.698974609375,0,16,0,0
discovery__T32769-d8-reverse-head1,discovery,4321,32769,8,reverse-head1,49153,32786,final,bf16,16,16,160,16,final-bf16,16,0,0,5.868408203125,0,16,0,0
discovery__T32769-d8-reverse-l1_block,discovery,4321,32769,8,reverse-l1_block,49153,32786,final,bf16,16,16,160,16,final-bf16,16,0,0,5.697998046875,0,16,0,0
discovery__T32769-d8-reverse-l2_gate,discovery,4321,32769,8,reverse-l2_gate,49153,32786,final,bf16,16,16,160,16,final-bf16,16,0,0,5.726318359375,0,16,0,0
discovery__T32769-d8-reverse-l2_raw,discovery,4321,32769,8,reverse-l2_raw,49153,32786,final,bf16,16,16,160,16,final-bf16,16,0,0,5.866943359375,0,16,0,0
discovery__T32769-d8-reverse-l2_raw_gate,discovery,4321,32769,8,reverse-l2_raw_gate,49153,32786,final,bf16,16,16,160,16,final-bf16,16,0,0,5.720458984375,0,16,0,0
discovery__T32769-d8-reverse-l2_ffn,discovery,4321,32769,8,reverse-l2_ffn,49153,32786,final,bf16,16,16,160,16,final-bf16,16,0,0,5.69482421875,0,16,0,0
validation__T49144-d9-baseline,validation,20260911,49144,9,none,,49162,final,bf16,32,20,262,22,final-bf16,22,0,0,2.4801883697509766,2,,,
validation__T49145-d9-baseline,validation,20260911,49145,9,none,,49163,final,bf16,32,15,303,32,final-bf16,32,0,0,6.697357177734375,0,,,
validation__T49146-d9-baseline,validation,20260911,49146,9,none,,49164,final,bf16,32,31,319,32,final-bf16,32,0,0,3.51416015625,0,,,
validation__T49147-d9-baseline,validation,20260911,49147,9,none,,49165,final,bf16,32,27,315,28,final-bf16,28,0,0,2.75634765625,4,,,
validation__T49148-d9-baseline,validation,20260911,49148,9,none,,49166,final,bf16,32,30,318,32,final-bf16,32,0,0,5.84033203125,0,,,
validation__T49149-d9-baseline,validation,20260911,49149,9,none,,49167,final,bf16,32,23,311,32,final-bf16,32,0,0,6.37164306640625,0,,,
validation__T49150-d9-baseline,validation,20260911,49150,9,none,,49168,final,bf16,32,31,319,32,final-bf16,32,0,0,6.1453857421875,0,,,
validation__T49151-d10-baseline,validation,20260911,49151,10,none,,49170,final,bf16,32,28,316,30,final-bf16,30,0,0,2.25048828125,0,,,
validation__T49152-d9-baseline,validation,20260911,49152,9,none,,49170,final,bf16,32,31,319,32,final-bf16,32,0,0,8.418304443359375,0,,,
validation__T49153-d8-baseline,validation,20260911,49153,8,none,,49170,final,bf16,32,26,314,32,final-bf16,32,0,0,6.320068359375,0,,,
validation__T49154-d9-baseline,validation,20260911,49154,9,none,,49172,final,bf16,32,4,286,30,final-bf16,30,0,0,4.22906494140625,2,,,
validation__T49155-d9-baseline,validation,20260911,49155,9,none,,49173,final,bf16,32,1,261,5,final-bf16,5,0,0,-1.852386474609375,2,,,
validation__T49156-d9-baseline,validation,20260911,49156,9,none,,49174,final,bf16,32,4,278,15,final-bf16,15,0,0,0.3759765625,8,,,
validation__T49157-d9-baseline,validation,20260911,49157,9,none,,49175,final,bf16,32,17,305,32,final-bf16,32,0,0,6.634033203125,0,,,
validation__T49158-d9-baseline,validation,20260911,49158,9,none,,49176,final,bf16,32,27,315,30,final-bf16,30,0,0,3.1888427734375,2,,,
validation__T49159-d9-baseline,validation,20260911,49159,9,none,,49177,final,bf16,32,12,299,32,final-bf16,32,0,0,4.2421875,0,,,
validation__T49160-d9-baseline,validation,20260911,49160,9,none,,49178,final,bf16,32,26,297,28,final-bf16,28,0,0,3.312744140625,1,,,
validation__T32768-d9-baseline,validation,20260911,32768,9,none,,32786,final,bf16,32,31,319,32,final-bf16,32,0,0,8.292205810546875,0,,,
validation__T49152-d9-sham_head8,validation,20260911,49152,9,sham_head8,49152,49170,final,bf16,32,31,319,32,final-bf16,32,0,0,8.418304443359375,0,32,0,0
validation__T49152-d9-head8,validation,20260911,49152,9,head8,32768,49170,final,bf16,32,31,319,32,final-bf16,32,0,0,8.230133056640625,0,32,0,0
validation__T49152-d9-head1,validation,20260911,49152,9,head1,32768,49170,final,bf16,32,31,319,32,final-bf16,32,0,0,8.418304443359375,0,32,0,0
validation__T49152-d9-l1_block,validation,20260911,49152,9,l1_block,32768,49170,final,bf16,32,31,319,32,final-bf16,32,0,0,8.2301025390625,0,32,0,0
validation__T49152-d9-sham_phase,validation,20260911,49152,9,sham_phase,49152,49170,final,bf16,32,31,319,32,final-bf16,32,0,0,8.418304443359375,0,32,0,0
validation__T49152-d9-phase,validation,20260911,49152,9,phase,32768,49170,final,bf16,32,31,319,32,final-bf16,32,0,0,8.230133056640625,0,32,0,0
validation__T49152-d9-mask,validation,20260911,49152,9,mask,32768,49170,final,bf16,32,31,319,32,final-bf16,32,0,0,8.418304443359375,0,32,0,0
validation__T49152-d9-phase_mask,validation,20260911,49152,9,phase_mask,32768,49170,final,bf16,32,31,319,32,final-bf16,32,0,0,8.230133056640625,0,32,0,0
validation__T49152-d9-sham_gate,validation,20260911,49152,9,sham_gate,49152,49170,final,bf16,32,31,319,32,final-bf16,32,0,0,8.418304443359375,0,32,0,0
validation__T49152-d9-l2_gate,validation,20260911,49152,9,l2_gate,32768,49170,final,bf16,32,31,319,32,final-bf16,32,0,0,8.399688720703125,0,32,0,0
validation__T49152-d9-l2_raw,validation,20260911,49152,9,l2_raw,32768,49170,final,bf16,32,31,319,32,final-bf16,32,0,0,8.51898193359375,0,32,0,0
validation__T49152-d9-l2_raw_gate,validation,20260911,49152,9,l2_raw_gate,32768,49170,final,bf16,32,31,319,32,final-bf16,32,0,0,8.411651611328125,0,32,0,0
validation__T49152-d9-sham_ffn,validation,20260911,49152,9,sham_ffn,49152,49170,final,bf16,32,31,319,32,final-bf16,32,0,0,8.418304443359375,0,32,0,0
validation__T49152-d9-l2_ffn,validation,20260911,49152,9,l2_ffn,32768,49170,final,bf16,32,31,319,32,final-bf16,32,0,0,8.299652099609375,0,32,0,0
validation__T49152-d9-sham_block,validation,20260911,49152,9,sham_block,49152,49170,final,bf16,32,31,319,32,final-bf16,32,0,0,8.418304443359375,0,32,0,0
validation__T32768-d9-reverse-head8,validation,20260911,32768,9,reverse-head8,49152,32786,final,bf16,32,31,319,32,final-bf16,32,0,0,8.51910400390625,0,32,0,0
validation__T32768-d9-reverse-head1,validation,20260911,32768,9,reverse-head1,49152,32786,final,bf16,32,31,319,32,final-bf16,32,0,0,8.292205810546875,0,32,0,0
validation__T32768-d9-reverse-l1_block,validation,20260911,32768,9,reverse-l1_block,49152,32786,final,bf16,32,31,319,32,final-bf16,32,0,0,8.51898193359375,0,32,0,0
validation__T32768-d9-reverse-l2_gate,validation,20260911,32768,9,reverse-l2_gate,49152,32786,final,bf16,32,31,319,32,final-bf16,32,0,0,8.399322509765625,0,32,0,0
validation__T32768-d9-reverse-l2_raw,validation,20260911,32768,9,reverse-l2_raw,49152,32786,final,bf16,32,31,319,32,final-bf16,32,0,0,8.2301025390625,0,32,0,0
validation__T32768-d9-reverse-l2_raw_gate,validation,20260911,32768,9,reverse-l2_raw_gate,49152,32786,final,bf16,32,31,319,32,final-bf16,32,0,0,8.2669677734375,0,32,0,0
validation__T32768-d9-reverse-l2_ffn,validation,20260911,32768,9,reverse-l2_ffn,49152,32786,final,bf16,32,31,319,32,final-bf16,32,0,0,8.4102783203125,0,32,0,0
validation__T32769-d8-baseline,validation,20260911,32769,8,none,,32786,final,bf16,32,28,316,32,final-bf16,32,0,0,6.4296875,0,,,
validation__T49153-d8-sham_head8,validation,20260911,49153,8,sham_head8,49153,49170,final,bf16,32,26,314,32,final-bf16,32,0,0,6.320068359375,0,32,0,0
validation__T49153-d8-head8,validation,20260911,49153,8,head8,32769,49170,final,bf16,32,26,314,32,final-bf16,32,0,0,6.4326171875,0,32,0,0
validation__T49153-d8-head1,validation,20260911,49153,8,head1,32769,49170,final,bf16,32,26,314,32,final-bf16,32,0,0,6.320068359375,0,32,0,0
validation__T49153-d8-l1_block,validation,20260911,49153,8,l1_block,32769,49170,final,bf16,32,26,314,32,final-bf16,32,0,0,6.43310546875,0,32,0,0
validation__T49153-d8-sham_phase,validation,20260911,49153,8,sham_phase,49153,49170,final,bf16,32,26,314,32,final-bf16,32,0,0,6.320068359375,0,32,0,0
validation__T49153-d8-phase,validation,20260911,49153,8,phase,32769,49170,final,bf16,32,26,314,32,final-bf16,32,0,0,6.4326171875,0,32,0,0
validation__T49153-d8-mask,validation,20260911,49153,8,mask,32769,49170,final,bf16,32,26,314,32,final-bf16,32,0,0,6.320068359375,0,32,0,0
validation__T49153-d8-phase_mask,validation,20260911,49153,8,phase_mask,32769,49170,final,bf16,32,26,314,32,final-bf16,32,0,0,6.4326171875,0,32,0,0
validation__T49153-d8-sham_gate,validation,20260911,49153,8,sham_gate,49153,49170,final,bf16,32,26,314,32,final-bf16,32,0,0,6.320068359375,0,32,0,0
validation__T49153-d8-l2_gate,validation,20260911,49153,8,l2_gate,32769,49170,final,bf16,32,26,314,32,final-bf16,32,0,0,6.5086669921875,0,32,0,0
validation__T49153-d8-l2_raw,validation,20260911,49153,8,l2_raw,32769,49170,final,bf16,32,26,314,32,final-bf16,32,0,0,6.322265625,0,32,0,0
validation__T49153-d8-l2_raw_gate,validation,20260911,49153,8,l2_raw_gate,32769,49170,final,bf16,32,26,314,32,final-bf16,32,0,0,6.509033203125,0,32,0,0
validation__T49153-d8-sham_ffn,validation,20260911,49153,8,sham_ffn,49153,49170,final,bf16,32,26,314,32,final-bf16,32,0,0,6.320068359375,0,32,0,0
validation__T49153-d8-l2_ffn,validation,20260911,49153,8,l2_ffn,32769,49170,final,bf16,32,26,314,32,final-bf16,32,0,0,6.4378662109375,0,32,0,0
validation__T49153-d8-sham_block,validation,20260911,49153,8,sham_block,49153,49170,final,bf16,32,26,314,32,final-bf16,32,0,0,6.320068359375,0,32,0,0
validation__T32769-d8-reverse-head8,validation,20260911,32769,8,reverse-head8,49153,32786,final,bf16,32,28,316,32,final-bf16,32,0,0,6.321533203125,0,32,0,0
validation__T32769-d8-reverse-head1,validation,20260911,32769,8,reverse-head1,49153,32786,final,bf16,32,28,316,32,final-bf16,32,0,0,6.4296875,0,32,0,0
validation__T32769-d8-reverse-l1_block,validation,20260911,32769,8,reverse-l1_block,49153,32786,final,bf16,32,28,316,32,final-bf16,32,0,0,6.322265625,0,32,0,0
validation__T32769-d8-reverse-l2_gate,validation,20260911,32769,8,reverse-l2_gate,49153,32786,final,bf16,32,28,316,32,final-bf16,32,0,0,6.2265625,0,32,0,0
validation__T32769-d8-reverse-l2_raw,validation,20260911,32769,8,reverse-l2_raw,49153,32786,final,bf16,32,28,316,32,final-bf16,32,0,0,6.43310546875,0,32,0,0
validation__T32769-d8-reverse-l2_raw_gate,validation,20260911,32769,8,reverse-l2_raw_gate,49153,32786,final,bf16,32,28,316,32,final-bf16,32,0,0,6.22900390625,0,32,0,0
validation__T32769-d8-reverse-l2_ffn,validation,20260911,32769,8,reverse-l2_ffn,49153,32786,final,bf16,32,28,316,32,final-bf16,32,0,0,6.310546875,0,32,0,0
discovery__T49151-d10-baseline,discovery,4321,49151,10,none,,49170,best,fp32,16,15,159,16,best-fp32,16,0,0,11.534299850463867,0,,,
discovery__T49152-d9-baseline,discovery,4321,49152,9,none,,49170,best,fp32,16,5,148,5,best-fp32,5,0,0,-0.9938704967498779,11,,,
discovery__T49153-d8-baseline,discovery,4321,49153,8,none,,49170,best,fp32,16,5,149,5,best-fp32,5,0,0,0.25603145360946655,11,,,
discovery__T32768-d9-baseline,discovery,4321,32768,9,none,,32786,best,fp32,16,15,159,16,best-fp32,16,0,0,10.763713836669922,0,,,
discovery__T49152-d9-sham_head8,discovery,4321,49152,9,sham_head8,49152,49170,best,fp32,16,5,148,5,best-fp32,5,0,0,-0.9938704967498779,11,5,0,0
discovery__T49152-d9-head8,discovery,4321,49152,9,head8,32768,49170,best,fp32,16,15,159,16,best-fp32,5,11,0,10.712991714477539,0,16,11,11
discovery__T49152-d9-head1,discovery,4321,49152,9,head1,32768,49170,best,fp32,16,5,148,5,best-fp32,5,0,0,-0.9938573241233826,11,16,11,0
discovery__T49152-d9-l1_block,discovery,4321,49152,9,l1_block,32768,49170,best,fp32,16,15,159,16,best-fp32,5,11,0,10.712839126586914,0,16,11,11
discovery__T49152-d9-sham_phase,discovery,4321,49152,9,sham_phase,49152,49170,best,fp32,16,5,148,5,best-fp32,5,0,0,-0.9938704967498779,11,5,0,0
discovery__T49152-d9-phase,discovery,4321,49152,9,phase,32768,49170,best,fp32,16,15,159,16,best-fp32,5,11,0,10.712990760803223,0,16,11,11
discovery__T49152-d9-mask,discovery,4321,49152,9,mask,32768,49170,best,fp32,16,5,148,5,best-fp32,5,0,0,-0.9938704967498779,11,16,11,0
discovery__T49152-d9-phase_mask,discovery,4321,49152,9,phase_mask,32768,49170,best,fp32,16,15,159,16,best-fp32,5,11,0,10.712990760803223,0,16,11,11
discovery__T49152-d9-sham_gate,discovery,4321,49152,9,sham_gate,49152,49170,best,fp32,16,5,148,5,best-fp32,5,0,0,-0.9938704967498779,11,5,0,0
discovery__T49152-d9-l2_gate,discovery,4321,49152,9,l2_gate,32768,49170,best,fp32,16,15,159,16,best-fp32,5,11,0,9.287599563598633,0,16,11,11
discovery__T49152-d9-l2_raw,discovery,4321,49152,9,l2_raw,32768,49170,best,fp32,16,5,148,5,best-fp32,5,0,0,-1.383460521697998,11,16,11,0
discovery__T49152-d9-l2_raw_gate,discovery,4321,49152,9,l2_raw_gate,32768,49170,best,fp32,16,15,159,16,best-fp32,5,11,0,9.413763999938965,0,16,11,11
discovery__T49152-d9-sham_ffn,discovery,4321,49152,9,sham_ffn,49152,49170,best,fp32,16,5,148,5,best-fp32,5,0,0,-0.9938704967498779,11,5,0,0
discovery__T49152-d9-l2_ffn,discovery,4321,49152,9,l2_ffn,32768,49170,best,fp32,16,15,159,16,best-fp32,5,11,0,10.81259822845459,0,16,11,11
discovery__T49152-d9-sham_block,discovery,4321,49152,9,sham_block,49152,49170,best,fp32,16,5,148,5,best-fp32,5,0,0,-0.9938704967498779,11,5,0,0
discovery__T32768-d9-reverse-head8,discovery,4321,32768,9,reverse-head8,49152,32786,best,fp32,16,5,148,5,best-fp32,16,0,11,-1.3904616832733154,11,5,0,0
discovery__T32768-d9-reverse-head1,discovery,4321,32768,9,reverse-head1,49152,32786,best,fp32,16,15,159,16,best-fp32,16,0,0,10.763721466064453,0,5,0,0
discovery__T32768-d9-reverse-l1_block,discovery,4321,32768,9,reverse-l1_block,49152,32786,best,fp32,16,5,148,5,best-fp32,16,0,11,-1.383460521697998,11,5,0,0
discovery__T32768-d9-reverse-l2_gate,discovery,4321,32768,9,reverse-l2_gate,49152,32786,best,fp32,16,9,152,9,best-fp32,16,0,7,0.6609693765640259,7,5,0,0
discovery__T32768-d9-reverse-l2_raw,discovery,4321,32768,9,reverse-l2_raw,49152,32786,best,fp32,16,15,159,16,best-fp32,16,0,0,10.712839126586914,0,5,0,0
discovery__T32768-d9-reverse-l2_raw_gate,discovery,4321,32768,9,reverse-l2_raw_gate,49152,32786,best,fp32,16,9,152,9,best-fp32,16,0,7,1.1337590217590332,7,5,0,0
discovery__T32768-d9-reverse-l2_ffn,discovery,4321,32768,9,reverse-l2_ffn,49152,32786,best,fp32,16,5,148,5,best-fp32,16,0,11,-0.9958654642105103,11,5,0,0
discovery__T32769-d8-baseline,discovery,4321,32769,8,none,,32786,best,fp32,16,15,159,15,best-fp32,15,0,0,8.114810943603516,0,,,
discovery__T49153-d8-sham_head8,discovery,4321,49153,8,sham_head8,49153,49170,best,fp32,16,5,149,5,best-fp32,5,0,0,0.25603145360946655,11,5,0,0
discovery__T49153-d8-head8,discovery,4321,49153,8,head8,32769,49170,best,fp32,16,15,159,15,best-fp32,5,10,0,8.115056991577148,0,15,10,10
discovery__T49153-d8-head1,discovery,4321,49153,8,head1,32769,49170,best,fp32,16,5,149,5,best-fp32,5,0,0,0.2560335397720337,11,15,10,0
discovery__T49153-d8-l1_block,discovery,4321,49153,8,l1_block,32769,49170,best,fp32,16,15,159,15,best-fp32,5,10,0,8.115012168884277,0,15,10,10
discovery__T49153-d8-sham_phase,discovery,4321,49153,8,sham_phase,49153,49170,best,fp32,16,5,149,5,best-fp32,5,0,0,0.25603145360946655,11,5,0,0
discovery__T49153-d8-phase,discovery,4321,49153,8,phase,32769,49170,best,fp32,16,15,159,15,best-fp32,5,10,0,8.115057945251465,0,15,10,10
discovery__T49153-d8-mask,discovery,4321,49153,8,mask,32769,49170,best,fp32,16,5,149,5,best-fp32,5,0,0,0.25603145360946655,11,15,10,0
discovery__T49153-d8-phase_mask,discovery,4321,49153,8,phase_mask,32769,49170,best,fp32,16,15,159,15,best-fp32,5,10,0,8.115057945251465,0,15,10,10
discovery__T49153-d8-sham_gate,discovery,4321,49153,8,sham_gate,49153,49170,best,fp32,16,5,149,5,best-fp32,5,0,0,0.25603145360946655,11,5,0,0
discovery__T49153-d8-l2_gate,discovery,4321,49153,8,l2_gate,32769,49170,best,fp32,16,15,159,15,best-fp32,5,10,0,7.916295051574707,0,15,10,10
discovery__T49153-d8-l2_raw,discovery,4321,49153,8,l2_raw,32769,49170,best,fp32,16,5,149,5,best-fp32,5,0,0,0.25066113471984863,11,15,10,0
discovery__T49153-d8-l2_raw_gate,discovery,4321,49153,8,l2_raw_gate,32769,49170,best,fp32,16,15,159,15,best-fp32,5,10,0,7.916032314300537,0,15,10,10
discovery__T49153-d8-sham_ffn,discovery,4321,49153,8,sham_ffn,49153,49170,best,fp32,16,5,149,5,best-fp32,5,0,0,0.25603145360946655,11,5,0,0
discovery__T49153-d8-l2_ffn,discovery,4321,49153,8,l2_ffn,32769,49170,best,fp32,16,15,159,15,best-fp32,5,10,0,8.083046913146973,0,15,10,10
discovery__T49153-d8-sham_block,discovery,4321,49153,8,sham_block,49153,49170,best,fp32,16,5,149,5,best-fp32,5,0,0,0.25603145360946655,11,5,0,0
discovery__T32769-d8-reverse-head8,discovery,4321,32769,8,reverse-head8,49153,32786,best,fp32,16,5,149,5,best-fp32,15,0,10,0.2446908950805664,11,5,0,0
discovery__T32769-d8-reverse-head1,discovery,4321,32769,8,reverse-head1,49153,32786,best,fp32,16,15,159,15,best-fp32,15,0,0,8.114812850952148,0,5,0,0
discovery__T32769-d8-reverse-l1_block,discovery,4321,32769,8,reverse-l1_block,49153,32786,best,fp32,16,5,149,5,best-fp32,15,0,10,0.25066113471984863,11,5,0,0
discovery__T32769-d8-reverse-l2_gate,discovery,4321,32769,8,reverse-l2_gate,49153,32786,best,fp32,16,5,149,5,best-fp32,15,0,10,0.4645909070968628,11,5,0,0
discovery__T32769-d8-reverse-l2_raw,discovery,4321,32769,8,reverse-l2_raw,49153,32786,best,fp32,16,15,159,15,best-fp32,15,0,0,8.115012168884277,0,5,0,0
discovery__T32769-d8-reverse-l2_raw_gate,discovery,4321,32769,8,reverse-l2_raw_gate,49153,32786,best,fp32,16,5,149,5,best-fp32,15,0,10,0.4700013995170593,11,5,0,0
discovery__T32769-d8-reverse-l2_ffn,discovery,4321,32769,8,reverse-l2_ffn,49153,32786,best,fp32,16,5,149,5,best-fp32,15,0,10,0.2776496410369873,11,5,0,0
validation__T49151-d10-baseline,validation,20260911,49151,10,none,,49170,best,fp32,32,31,319,32,best-fp32,32,0,0,11.013046264648438,0,,,
validation__T49152-d9-baseline,validation,20260911,49152,9,none,,49170,best,fp32,32,18,306,18,best-fp32,18,0,0,2.1231119632720947,14,,,
validation__T49153-d8-baseline,validation,20260911,49153,8,none,,49170,best,fp32,32,17,305,17,best-fp32,17,0,0,1.7224308252334595,14,,,
validation__T32768-d9-baseline,validation,20260911,32768,9,none,,32786,best,fp32,32,32,320,32,best-fp32,32,0,0,9.749650955200195,0,,,
validation__T49152-d9-sham_head8,validation,20260911,49152,9,sham_head8,49152,49170,best,fp32,32,18,306,18,best-fp32,18,0,0,2.1231119632720947,14,18,0,0
validation__T49152-d9-head8,validation,20260911,49152,9,head8,32768,49170,best,fp32,32,32,320,32,best-fp32,18,14,0,9.709371566772461,0,32,14,14
validation__T49152-d9-head1,validation,20260911,49152,9,head1,32768,49170,best,fp32,32,18,306,18,best-fp32,18,0,0,2.123116970062256,14,32,14,0
validation__T49152-d9-l1_block,validation,20260911,49152,9,l1_block,32768,49170,best,fp32,32,32,320,32,best-fp32,18,14,0,9.709272384643555,0,32,14,14
validation__T49152-d9-sham_phase,validation,20260911,49152,9,sham_phase,49152,49170,best,fp32,32,18,306,18,best-fp32,18,0,0,2.1231119632720947,14,18,0,0
validation__T49152-d9-phase,validation,20260911,49152,9,phase,32768,49170,best,fp32,32,32,320,32,best-fp32,18,14,0,9.709369659423828,0,32,14,14
validation__T49152-d9-mask,validation,20260911,49152,9,mask,32768,49170,best,fp32,32,18,306,18,best-fp32,18,0,0,2.1231119632720947,14,32,14,0
validation__T49152-d9-phase_mask,validation,20260911,49152,9,phase_mask,32768,49170,best,fp32,32,32,320,32,best-fp32,18,14,0,9.709369659423828,0,32,14,14
validation__T49152-d9-sham_gate,validation,20260911,49152,9,sham_gate,49152,49170,best,fp32,32,18,306,18,best-fp32,18,0,0,2.1231119632720947,14,18,0,0
validation__T49152-d9-l2_gate,validation,20260911,49152,9,l2_gate,32768,49170,best,fp32,32,32,320,32,best-fp32,18,14,0,8.695740699768066,0,32,14,14
validation__T49152-d9-l2_raw,validation,20260911,49152,9,l2_raw,32768,49170,best,fp32,32,18,306,18,best-fp32,18,0,0,1.8789050579071045,14,32,14,0
validation__T49152-d9-l2_raw_gate,validation,20260911,49152,9,l2_raw_gate,32768,49170,best,fp32,32,32,320,32,best-fp32,18,14,0,8.782842636108398,0,32,14,14
validation__T49152-d9-sham_ffn,validation,20260911,49152,9,sham_ffn,49152,49170,best,fp32,32,18,306,18,best-fp32,18,0,0,2.1231119632720947,14,18,0,0
validation__T49152-d9-l2_ffn,validation,20260911,49152,9,l2_ffn,32768,49170,best,fp32,32,32,320,32,best-fp32,18,14,0,9.793201446533203,0,32,14,14
validation__T49152-d9-sham_block,validation,20260911,49152,9,sham_block,49152,49170,best,fp32,32,18,306,18,best-fp32,18,0,0,2.1231119632720947,14,18,0,0
validation__T32768-d9-reverse-head8,validation,20260911,32768,9,reverse-head8,49152,32786,best,fp32,32,18,306,18,best-fp32,32,0,14,1.8745344877243042,14,18,0,0
validation__T32768-d9-reverse-head1,validation,20260911,32768,9,reverse-head1,49152,32786,best,fp32,32,32,320,32,best-fp32,32,0,0,9.749655723571777,0,18,0,0
validation__T32768-d9-reverse-l1_block,validation,20260911,32768,9,reverse-l1_block,49152,32786,best,fp32,32,18,306,18,best-fp32,32,0,14,1.8789050579071045,14,18,0,0
validation__T32768-d9-reverse-l2_gate,validation,20260911,32768,9,reverse-l2_gate,49152,32786,best,fp32,32,18,306,18,best-fp32,32,0,14,3.2659363746643066,14,18,0,0
validation__T32768-d9-reverse-l2_raw,validation,20260911,32768,9,reverse-l2_raw,49152,32786,best,fp32,32,32,320,32,best-fp32,32,0,0,9.709272384643555,0,18,0,0
validation__T32768-d9-reverse-l2_raw_gate,validation,20260911,32768,9,reverse-l2_raw_gate,49152,32786,best,fp32,32,19,307,19,best-fp32,32,0,13,3.5599875450134277,13,18,0,0
validation__T32768-d9-reverse-l2_ffn,validation,20260911,32768,9,reverse-l2_ffn,49152,32786,best,fp32,32,18,306,18,best-fp32,32,0,14,2.1141974925994873,14,18,0,0
validation__T32769-d8-baseline,validation,20260911,32769,8,none,,32786,best,fp32,32,32,320,32,best-fp32,32,0,0,10.371503829956055,0,,,
validation__T49153-d8-sham_head8,validation,20260911,49153,8,sham_head8,49153,49170,best,fp32,32,17,305,17,best-fp32,17,0,0,1.7224308252334595,14,17,0,0
validation__T49153-d8-head8,validation,20260911,49153,8,head8,32769,49170,best,fp32,32,32,320,32,best-fp32,17,15,0,10.372002601623535,0,32,15,15
validation__T49153-d8-head1,validation,20260911,49153,8,head1,32769,49170,best,fp32,32,17,305,17,best-fp32,17,0,0,1.7224297523498535,14,32,15,0
validation__T49153-d8-l1_block,validation,20260911,49153,8,l1_block,32769,49170,best,fp32,32,32,320,32,best-fp32,17,15,0,10.371837615966797,0,32,15,15
validation__T49153-d8-sham_phase,validation,20260911,49153,8,sham_phase,49153,49170,best,fp32,32,17,305,17,best-fp32,17,0,0,1.7224308252334595,14,17,0,0
validation__T49153-d8-phase,validation,20260911,49153,8,phase,32769,49170,best,fp32,32,32,320,32,best-fp32,17,15,0,10.372001647949219,0,32,15,15
validation__T49153-d8-mask,validation,20260911,49153,8,mask,32769,49170,best,fp32,32,17,305,17,best-fp32,17,0,0,1.7224308252334595,14,32,15,0
validation__T49153-d8-phase_mask,validation,20260911,49153,8,phase_mask,32769,49170,best,fp32,32,32,320,32,best-fp32,17,15,0,10.372001647949219,0,32,15,15
validation__T49153-d8-sham_gate,validation,20260911,49153,8,sham_gate,49153,49170,best,fp32,32,17,305,17,best-fp32,17,0,0,1.7224308252334595,14,17,0,0
validation__T49153-d8-l2_gate,validation,20260911,49153,8,l2_gate,32769,49170,best,fp32,32,32,320,32,best-fp32,17,15,0,10.228275299072266,0,32,15,15
validation__T49153-d8-l2_raw,validation,20260911,49153,8,l2_raw,32769,49170,best,fp32,32,17,305,17,best-fp32,17,0,0,1.7174715995788574,14,32,15,0
validation__T49153-d8-l2_raw_gate,validation,20260911,49153,8,l2_raw_gate,32769,49170,best,fp32,32,32,320,32,best-fp32,17,15,0,10.227729797363281,0,32,15,15
validation__T49153-d8-sham_ffn,validation,20260911,49153,8,sham_ffn,49153,49170,best,fp32,32,17,305,17,best-fp32,17,0,0,1.7224308252334595,14,17,0,0
validation__T49153-d8-l2_ffn,validation,20260911,49153,8,l2_ffn,32769,49170,best,fp32,32,32,320,32,best-fp32,17,15,0,10.420356750488281,0,32,15,15
validation__T49153-d8-sham_block,validation,20260911,49153,8,sham_block,49153,49170,best,fp32,32,17,305,17,best-fp32,17,0,0,1.7224308252334595,14,17,0,0
validation__T32769-d8-reverse-head8,validation,20260911,32769,8,reverse-head8,49153,32786,best,fp32,32,17,305,17,best-fp32,32,0,15,1.7121238708496094,14,17,0,0
validation__T32769-d8-reverse-head1,validation,20260911,32769,8,reverse-head1,49153,32786,best,fp32,32,32,320,32,best-fp32,32,0,0,10.37150764465332,0,17,0,0
validation__T32769-d8-reverse-l1_block,validation,20260911,32769,8,reverse-l1_block,49153,32786,best,fp32,32,17,305,17,best-fp32,32,0,15,1.7174715995788574,14,17,0,0
validation__T32769-d8-reverse-l2_gate,validation,20260911,32769,8,reverse-l2_gate,49153,32786,best,fp32,32,18,306,18,best-fp32,32,0,14,2.202882766723633,13,17,0,0
validation__T32769-d8-reverse-l2_raw,validation,20260911,32769,8,reverse-l2_raw,49153,32786,best,fp32,32,32,320,32,best-fp32,32,0,0,10.371837615966797,0,17,0,0
validation__T32769-d8-reverse-l2_raw_gate,validation,20260911,32769,8,reverse-l2_raw_gate,49153,32786,best,fp32,32,18,306,18,best-fp32,32,0,14,2.207439422607422,13,17,0,0
validation__T32769-d8-reverse-l2_ffn,validation,20260911,32769,8,reverse-l2_ffn,49153,32786,best,fp32,32,18,306,18,best-fp32,32,0,14,1.7214295864105225,14,17,0,0
