mode,alpha,checkpoint,evaluation,T,n,token_correct,string_correct,token_acc,string_acc,digit_errors
alpha-1,1.0,best,standard,1,256,2558,255,0.99921875,0.99609375,"[0, 0, 0, 0, 0, 0, 1, 1, 0, 0]"
alpha-1,1.0,best,standard,2,256,2555,251,0.998046875,0.98046875,"[0, 0, 2, 0, 0, 0, 2, 0, 1, 0]"
alpha-1,1.0,best,standard,3,256,2559,255,0.999609375,0.99609375,"[0, 0, 0, 1, 0, 0, 0, 0, 0, 0]"
alpha-1,1.0,best,standard,4,256,2560,256,1.0,1.0,"[0, 0, 0, 0, 0, 0, 0, 0, 0, 0]"
alpha-1,1.0,best,standard,5,256,2560,256,1.0,1.0,"[0, 0, 0, 0, 0, 0, 0, 0, 0, 0]"
alpha-1,1.0,best,standard,6,256,2560,256,1.0,1.0,"[0, 0, 0, 0, 0, 0, 0, 0, 0, 0]"
alpha-1,1.0,best,standard,7,256,2559,255,0.999609375,0.99609375,"[0, 0, 1, 0, 0, 0, 0, 0, 0, 0]"
alpha-1,1.0,best,standard,8,256,2560,256,1.0,1.0,"[0, 0, 0, 0, 0, 0, 0, 0, 0, 0]"
alpha-1,1.0,best,standard,9,256,2558,254,0.99921875,0.9921875,"[0, 1, 1, 0, 0, 0, 0, 0, 0, 0]"
alpha-1,1.0,best,standard,10,256,2558,254,0.99921875,0.9921875,"[0, 1, 1, 0, 0, 0, 0, 0, 0, 0]"
alpha-1,1.0,best,standard,11,256,2559,255,0.999609375,0.99609375,"[0, 0, 0, 0, 0, 0, 0, 1, 0, 0]"
alpha-1,1.0,best,standard,12,256,2558,254,0.99921875,0.9921875,"[0, 0, 1, 0, 1, 0, 0, 0, 0, 0]"
alpha-1,1.0,best,standard,13,256,2560,256,1.0,1.0,"[0, 0, 0, 0, 0, 0, 0, 0, 0, 0]"
alpha-1,1.0,best,standard,14,256,2559,255,0.999609375,0.99609375,"[0, 1, 0, 0, 0, 0, 0, 0, 0, 0]"
alpha-1,1.0,best,standard,16,256,2356,52,0.9203125,0.203125,"[0, 0, 0, 0, 0, 0, 0, 0, 204, 0]"
alpha-1,1.0,best,standard,24,256,2559,255,0.999609375,0.99609375,"[0, 0, 1, 0, 0, 0, 0, 0, 0, 0]"
alpha-1,1.0,best,standard,32,256,2350,47,0.91796875,0.18359375,"[0, 0, 0, 0, 1, 0, 0, 0, 209, 0]"
alpha-1,1.0,best,standard,48,256,2384,80,0.93125,0.3125,"[0, 0, 0, 0, 0, 0, 0, 0, 176, 0]"
alpha-1,1.0,best,standard,64,256,2332,28,0.9109375,0.109375,"[0, 0, 0, 0, 0, 0, 0, 0, 228, 0]"
alpha-1,1.0,best,standard,96,256,2411,107,0.941796875,0.41796875,"[0, 0, 1, 0, 0, 0, 0, 1, 147, 0]"
alpha-1,1.0,best,standard,128,256,2344,40,0.915625,0.15625,"[0, 0, 0, 0, 0, 0, 0, 0, 216, 0]"
alpha-1,1.0,best,standard,192,256,2353,50,0.919140625,0.1953125,"[0, 0, 0, 0, 0, 0, 1, 1, 205, 0]"
alpha-1,1.0,best,standard,256,256,2344,40,0.915625,0.15625,"[0, 0, 0, 0, 0, 0, 0, 1, 215, 0]"
alpha-1,1.0,best,standard,384,256,2342,38,0.91484375,0.1484375,"[0, 0, 0, 0, 0, 0, 0, 0, 218, 0]"
alpha-1,1.0,best,standard,512,256,2342,38,0.91484375,0.1484375,"[0, 0, 0, 0, 0, 0, 0, 0, 218, 0]"
alpha-1,1.0,best,standard,768,256,2336,32,0.9125,0.125,"[0, 0, 0, 0, 0, 0, 0, 0, 224, 0]"
alpha-1,1.0,best,standard,1024,256,2339,37,0.913671875,0.14453125,"[0, 0, 0, 0, 0, 1, 0, 1, 219, 0]"
alpha-1,1.0,best,standard,1536,256,2335,32,0.912109375,0.125,"[0, 0, 0, 0, 1, 0, 0, 0, 224, 0]"
alpha-1,1.0,best,standard,2048,256,2341,38,0.914453125,0.1484375,"[0, 0, 0, 0, 1, 0, 0, 0, 218, 0]"
alpha-1,1.0,best,standard,3072,256,2312,21,0.903125,0.08203125,"[0, 0, 1, 0, 0, 0, 1, 15, 231, 0]"
alpha-1,1.0,best,standard,4096,256,2328,29,0.909375,0.11328125,"[0, 0, 1, 0, 0, 0, 1, 3, 227, 0]"
alpha-1,1.0,best,standard,6144,256,2330,26,0.91015625,0.1015625,"[0, 0, 0, 0, 0, 0, 0, 0, 230, 0]"
alpha-1,1.0,best,standard,8192,256,2332,31,0.9109375,0.12109375,"[0, 0, 1, 0, 0, 0, 0, 2, 225, 0]"
alpha-1,1.0,best,standard,12288,256,2336,35,0.9125,0.13671875,"[0, 0, 1, 0, 0, 0, 1, 3, 219, 0]"
alpha-1,1.0,best,standard,16384,256,2317,29,0.905078125,0.11328125,"[0, 0, 0, 0, 0, 0, 0, 19, 223, 1]"
alpha-1,1.0,best,standard,24576,256,2327,28,0.908984375,0.109375,"[0, 0, 0, 0, 0, 0, 1, 4, 228, 0]"
alpha-1,1.0,best,standard,32768,256,2316,31,0.9046875,0.12109375,"[0, 0, 1, 0, 0, 0, 0, 19, 224, 0]"
alpha-1,1.0,best,standard,49152,256,2321,31,0.906640625,0.12109375,"[0, 0, 0, 1, 0, 0, 1, 14, 223, 0]"
alpha-1,1.0,best,standard,65536,256,2317,26,0.905078125,0.1015625,"[0, 0, 0, 0, 0, 0, 0, 16, 227, 0]"
alpha-1,1.0,best,standard,98304,256,2322,26,0.90703125,0.1015625,"[0, 0, 0, 0, 0, 0, 0, 11, 227, 0]"
alpha-1,1.0,best,standard,131072,256,2324,31,0.9078125,0.12109375,"[0, 0, 1, 0, 0, 0, 0, 11, 224, 0]"
alpha-1,1.0,best,paired,3,32,320,32,1.0,1.0,"[0, 0, 0, 0, 0, 0, 0, 0, 0, 0]"
alpha-1,1.0,best,paired,16,32,297,9,0.928125,0.28125,"[0, 0, 0, 0, 0, 0, 0, 0, 23, 0]"
alpha-1,1.0,best,paired,8192,32,293,6,0.915625,0.1875,"[0, 0, 0, 0, 0, 0, 0, 1, 26, 0]"
alpha-1,1.0,best,paired,16383,32,319,31,0.996875,0.96875,"[0, 1, 0, 0, 0, 0, 0, 0, 0, 0]"
alpha-1,1.0,best,paired,16384,32,290,6,0.90625,0.1875,"[0, 0, 0, 0, 0, 0, 0, 4, 26, 0]"
alpha-1,1.0,best,paired,16385,32,266,2,0.83125,0.0625,"[0, 0, 0, 0, 0, 0, 0, 28, 26, 0]"
alpha-1,1.0,best,paired,32767,32,319,31,0.996875,0.96875,"[0, 0, 0, 0, 0, 0, 0, 0, 0, 1]"
alpha-1,1.0,best,paired,32768,32,290,6,0.90625,0.1875,"[0, 0, 0, 0, 0, 0, 0, 4, 26, 0]"
alpha-1,1.0,best,paired,32769,32,266,2,0.83125,0.0625,"[0, 0, 0, 0, 0, 0, 0, 28, 26, 0]"
alpha-1,1.0,best,paired,49144,32,243,0,0.759375,0.0,"[0, 0, 0, 0, 26, 0, 1, 0, 27, 23]"
alpha-1,1.0,best,paired,49145,32,224,0,0.7,0.0,"[0, 0, 0, 28, 0, 29, 9, 30, 0, 0]"
alpha-1,1.0,best,paired,49146,32,206,0,0.64375,0.0,"[0, 0, 26, 0, 26, 6, 30, 0, 26, 0]"
alpha-1,1.0,best,paired,49147,32,264,1,0.825,0.03125,"[0, 27, 0, 0, 0, 29, 0, 0, 0, 0]"
alpha-1,1.0,best,paired,49148,32,292,6,0.9125,0.1875,"[0, 0, 0, 0, 26, 0, 0, 2, 0, 0]"
alpha-1,1.0,best,paired,49149,32,263,0,0.821875,0.0,"[0, 0, 0, 28, 0, 29, 0, 0, 0, 0]"
alpha-1,1.0,best,paired,49150,32,269,2,0.840625,0.0625,"[0, 0, 26, 0, 25, 0, 0, 0, 0, 0]"
alpha-1,1.0,best,paired,49151,32,308,20,0.9625,0.625,"[0, 12, 0, 0, 0, 0, 0, 0, 0, 0]"
alpha-1,1.0,best,paired,49152,32,290,6,0.90625,0.1875,"[0, 0, 0, 0, 0, 0, 0, 4, 26, 0]"
alpha-1,1.0,best,paired,49153,32,266,2,0.83125,0.0625,"[0, 0, 0, 0, 0, 0, 0, 28, 26, 0]"
alpha-1,1.0,best,paired,49154,32,265,0,0.828125,0.0,"[0, 0, 0, 0, 0, 0, 30, 25, 0, 0]"
alpha-1,1.0,best,paired,49155,32,269,0,0.840625,0.0,"[0, 0, 0, 0, 0, 29, 0, 0, 0, 22]"
alpha-1,1.0,best,paired,49156,32,268,1,0.8375,0.03125,"[0, 0, 0, 0, 26, 0, 0, 0, 26, 0]"
alpha-1,1.0,best,paired,49157,32,262,0,0.81875,0.0,"[0, 0, 0, 28, 0, 0, 0, 30, 0, 0]"
alpha-1,1.0,best,paired,49158,32,251,0,0.784375,0.0,"[0, 0, 26, 0, 0, 0, 30, 0, 1, 12]"
alpha-1,1.0,best,paired,49159,32,231,0,0.721875,0.0,"[0, 27, 0, 0, 0, 29, 0, 0, 13, 20]"
alpha-1,1.0,best,paired,49160,32,268,1,0.8375,0.03125,"[0, 0, 0, 0, 26, 0, 0, 0, 26, 0]"
alpha-1,1.0,best,paired,65535,32,310,22,0.96875,0.6875,"[0, 10, 0, 0, 0, 0, 0, 0, 0, 0]"
alpha-1,1.0,best,paired,65536,32,290,6,0.90625,0.1875,"[0, 0, 0, 0, 0, 0, 0, 4, 26, 0]"
alpha-1,1.0,best,paired,65537,32,266,2,0.83125,0.0625,"[0, 0, 0, 0, 0, 0, 0, 28, 26, 0]"
alpha-1,1.0,best,paired,98303,32,310,22,0.96875,0.6875,"[0, 10, 0, 0, 0, 0, 0, 0, 0, 0]"
alpha-1,1.0,best,paired,98304,32,290,6,0.90625,0.1875,"[0, 0, 0, 0, 0, 0, 0, 4, 26, 0]"
alpha-1,1.0,best,paired,98305,32,266,2,0.83125,0.0625,"[0, 0, 0, 0, 0, 0, 0, 28, 26, 0]"
alpha-1,1.0,best,paired,131071,32,320,32,1.0,1.0,"[0, 0, 0, 0, 0, 0, 0, 0, 0, 0]"
alpha-1,1.0,best,paired,131072,32,290,6,0.90625,0.1875,"[0, 0, 0, 0, 0, 0, 0, 4, 26, 0]"
alpha-1,1.0,final,standard,1,256,2560,256,1.0,1.0,"[0, 0, 0, 0, 0, 0, 0, 0, 0, 0]"
alpha-1,1.0,final,standard,2,256,2552,252,0.996875,0.984375,"[0, 0, 1, 0, 1, 2, 2, 1, 1, 0]"
alpha-1,1.0,final,standard,3,256,2559,255,0.999609375,0.99609375,"[0, 0, 0, 1, 0, 0, 0, 0, 0, 0]"
alpha-1,1.0,final,standard,4,256,2560,256,1.0,1.0,"[0, 0, 0, 0, 0, 0, 0, 0, 0, 0]"
alpha-1,1.0,final,standard,5,256,2560,256,1.0,1.0,"[0, 0, 0, 0, 0, 0, 0, 0, 0, 0]"
alpha-1,1.0,final,standard,6,256,2560,256,1.0,1.0,"[0, 0, 0, 0, 0, 0, 0, 0, 0, 0]"
alpha-1,1.0,final,standard,7,256,2560,256,1.0,1.0,"[0, 0, 0, 0, 0, 0, 0, 0, 0, 0]"
alpha-1,1.0,final,standard,8,256,2560,256,1.0,1.0,"[0, 0, 0, 0, 0, 0, 0, 0, 0, 0]"
alpha-1,1.0,final,standard,9,256,2560,256,1.0,1.0,"[0, 0, 0, 0, 0, 0, 0, 0, 0, 0]"
alpha-1,1.0,final,standard,10,256,2559,255,0.999609375,0.99609375,"[0, 0, 0, 0, 0, 1, 0, 0, 0, 0]"
alpha-1,1.0,final,standard,11,256,2560,256,1.0,1.0,"[0, 0, 0, 0, 0, 0, 0, 0, 0, 0]"
alpha-1,1.0,final,standard,12,256,2559,255,0.999609375,0.99609375,"[0, 0, 0, 0, 0, 0, 0, 1, 0, 0]"
alpha-1,1.0,final,standard,13,256,2560,256,1.0,1.0,"[0, 0, 0, 0, 0, 0, 0, 0, 0, 0]"
alpha-1,1.0,final,standard,14,256,2560,256,1.0,1.0,"[0, 0, 0, 0, 0, 0, 0, 0, 0, 0]"
alpha-1,1.0,final,standard,16,256,2508,204,0.9796875,0.796875,"[0, 1, 0, 0, 0, 0, 0, 0, 49, 2]"
alpha-1,1.0,final,standard,24,256,2558,254,0.99921875,0.9921875,"[0, 0, 0, 1, 0, 0, 0, 0, 0, 1]"
alpha-1,1.0,final,standard,32,256,2503,199,0.977734375,0.77734375,"[0, 1, 0, 0, 0, 0, 0, 0, 50, 6]"
alpha-1,1.0,final,standard,48,256,2501,197,0.976953125,0.76953125,"[0, 0, 0, 0, 0, 0, 0, 0, 58, 1]"
alpha-1,1.0,final,standard,64,256,2381,77,0.930078125,0.30078125,"[0, 0, 0, 0, 0, 0, 0, 0, 179, 0]"
alpha-1,1.0,final,standard,96,256,2259,39,0.882421875,0.15234375,"[1, 2, 1, 1, 0, 0, 2, 0, 124, 170]"
alpha-1,1.0,final,standard,128,256,2402,98,0.93828125,0.3828125,"[0, 0, 0, 0, 0, 0, 0, 0, 158, 0]"
alpha-1,1.0,final,standard,192,256,2387,83,0.932421875,0.32421875,"[0, 0, 0, 0, 0, 0, 0, 0, 173, 0]"
alpha-1,1.0,final,standard,256,256,2338,39,0.91328125,0.15234375,"[1, 1, 0, 1, 0, 0, 1, 2, 216, 0]"
alpha-1,1.0,final,standard,384,256,2431,127,0.949609375,0.49609375,"[0, 0, 0, 0, 0, 0, 0, 0, 129, 0]"
alpha-1,1.0,final,standard,512,256,2345,46,0.916015625,0.1796875,"[0, 1, 1, 1, 0, 2, 0, 0, 210, 0]"
alpha-1,1.0,final,standard,768,256,2350,46,0.91796875,0.1796875,"[0, 0, 0, 0, 0, 0, 0, 0, 210, 0]"
alpha-1,1.0,final,standard,1024,256,2337,35,0.912890625,0.13671875,"[0, 0, 0, 0, 0, 1, 2, 0, 220, 0]"
alpha-1,1.0,final,standard,1536,256,2339,36,0.913671875,0.140625,"[0, 0, 0, 0, 0, 1, 0, 0, 220, 0]"
alpha-1,1.0,final,standard,2048,256,2336,34,0.9125,0.1328125,"[0, 0, 0, 0, 0, 2, 2, 0, 220, 0]"
alpha-1,1.0,final,standard,3072,256,2335,33,0.912109375,0.12890625,"[0, 1, 0, 0, 0, 1, 1, 0, 222, 0]"
alpha-1,1.0,final,standard,4096,256,2330,29,0.91015625,0.11328125,"[0, 0, 0, 0, 0, 1, 3, 0, 226, 0]"
alpha-1,1.0,final,standard,6144,256,2332,30,0.9109375,0.1171875,"[0, 0, 0, 0, 0, 1, 1, 0, 226, 0]"
alpha-1,1.0,final,standard,8192,256,2336,33,0.9125,0.12890625,"[0, 0, 0, 0, 0, 0, 1, 0, 223, 0]"
alpha-1,1.0,final,standard,12288,256,2342,39,0.91484375,0.15234375,"[0, 0, 0, 0, 0, 0, 1, 0, 217, 0]"
alpha-1,1.0,final,standard,16384,256,2337,36,0.912890625,0.140625,"[0, 0, 0, 1, 0, 0, 2, 0, 220, 0]"
alpha-1,1.0,final,standard,24576,256,2330,28,0.91015625,0.109375,"[0, 0, 0, 0, 0, 1, 1, 0, 228, 0]"
alpha-1,1.0,final,standard,32768,256,2338,35,0.91328125,0.13671875,"[0, 0, 0, 1, 0, 0, 0, 0, 221, 0]"
alpha-1,1.0,final,standard,49152,256,2336,33,0.9125,0.12890625,"[0, 0, 0, 0, 0, 0, 1, 0, 223, 0]"
alpha-1,1.0,final,standard,65536,256,2330,28,0.91015625,0.109375,"[0, 0, 0, 0, 0, 1, 2, 0, 227, 0]"
alpha-1,1.0,final,standard,98304,256,2329,29,0.909765625,0.11328125,"[1, 1, 0, 1, 0, 0, 1, 0, 227, 0]"
alpha-1,1.0,final,standard,131072,256,2335,33,0.912109375,0.12890625,"[0, 0, 0, 0, 0, 1, 1, 0, 223, 0]"
alpha-1,1.0,final,paired,3,32,320,32,1.0,1.0,"[0, 0, 0, 0, 0, 0, 0, 0, 0, 0]"
alpha-1,1.0,final,paired,16,32,312,24,0.975,0.75,"[0, 0, 0, 0, 0, 0, 0, 0, 8, 0]"
alpha-1,1.0,final,paired,8192,32,294,6,0.91875,0.1875,"[0, 0, 0, 0, 0, 0, 0, 0, 26, 0]"
alpha-1,1.0,final,paired,16383,32,316,28,0.9875,0.875,"[0, 4, 0, 0, 0, 0, 0, 0, 0, 0]"
alpha-1,1.0,final,paired,16384,32,294,6,0.91875,0.1875,"[0, 0, 0, 0, 0, 0, 0, 0, 26, 0]"
alpha-1,1.0,final,paired,16385,32,266,2,0.83125,0.0625,"[0, 0, 0, 0, 0, 0, 0, 28, 26, 0]"
alpha-1,1.0,final,paired,32767,32,320,32,1.0,1.0,"[0, 0, 0, 0, 0, 0, 0, 0, 0, 0]"
alpha-1,1.0,final,paired,32768,32,294,6,0.91875,0.1875,"[0, 0, 0, 0, 0, 0, 0, 0, 26, 0]"
alpha-1,1.0,final,paired,32769,32,266,2,0.83125,0.0625,"[0, 0, 0, 0, 0, 0, 0, 28, 26, 0]"
alpha-1,1.0,final,paired,49144,32,279,4,0.871875,0.125,"[0, 0, 0, 0, 26, 0, 0, 0, 15, 0]"
alpha-1,1.0,final,paired,49145,32,238,0,0.74375,0.0,"[0, 0, 0, 24, 0, 29, 0, 29, 0, 0]"
alpha-1,1.0,final,paired,49146,32,243,1,0.759375,0.03125,"[0, 0, 26, 0, 26, 0, 25, 0, 0, 0]"
alpha-1,1.0,final,paired,49147,32,279,4,0.871875,0.125,"[0, 24, 0, 0, 0, 16, 0, 0, 1, 0]"
alpha-1,1.0,final,paired,49148,32,299,15,0.934375,0.46875,"[0, 0, 0, 0, 8, 0, 13, 0, 0, 0]"
alpha-1,1.0,final,paired,49149,32,285,0,0.890625,0.0,"[0, 0, 0, 6, 0, 29, 0, 0, 0, 0]"
alpha-1,1.0,final,paired,49150,32,274,1,0.85625,0.03125,"[0, 0, 26, 0, 20, 0, 0, 0, 0, 0]"
alpha-1,1.0,final,paired,49151,32,317,29,0.990625,0.90625,"[0, 3, 0, 0, 0, 0, 0, 0, 0, 0]"
alpha-1,1.0,final,paired,49152,32,294,6,0.91875,0.1875,"[0, 0, 0, 0, 0, 0, 0, 0, 26, 0]"
alpha-1,1.0,final,paired,49153,32,266,2,0.83125,0.0625,"[0, 0, 0, 0, 0, 0, 0, 28, 26, 0]"
alpha-1,1.0,final,paired,49154,32,288,2,0.9,0.0625,"[0, 0, 0, 0, 0, 0, 30, 2, 0, 0]"
alpha-1,1.0,final,paired,49155,32,291,3,0.909375,0.09375,"[0, 0, 0, 0, 0, 29, 0, 0, 0, 0]"
alpha-1,1.0,final,paired,49156,32,268,1,0.8375,0.03125,"[0, 0, 0, 0, 26, 0, 0, 0, 26, 0]"
alpha-1,1.0,final,paired,49157,32,266,1,0.83125,0.03125,"[0, 0, 0, 25, 0, 0, 0, 29, 0, 0]"
alpha-1,1.0,final,paired,49158,32,264,0,0.825,0.0,"[0, 0, 26, 0, 0, 0, 30, 0, 0, 0]"
alpha-1,1.0,final,paired,49159,32,264,1,0.825,0.03125,"[0, 27, 0, 0, 0, 29, 0, 0, 0, 0]"
alpha-1,1.0,final,paired,49160,32,268,1,0.8375,0.03125,"[0, 0, 0, 0, 26, 0, 0, 0, 26, 0]"
alpha-1,1.0,final,paired,65535,32,299,11,0.934375,0.34375,"[0, 21, 0, 0, 0, 0, 0, 0, 0, 0]"
alpha-1,1.0,final,paired,65536,32,294,6,0.91875,0.1875,"[0, 0, 0, 0, 0, 0, 0, 0, 26, 0]"
alpha-1,1.0,final,paired,65537,32,266,2,0.83125,0.0625,"[0, 0, 0, 0, 0, 0, 0, 28, 26, 0]"
alpha-1,1.0,final,paired,98303,32,299,11,0.934375,0.34375,"[0, 21, 0, 0, 0, 0, 0, 0, 0, 0]"
alpha-1,1.0,final,paired,98304,32,294,6,0.91875,0.1875,"[0, 0, 0, 0, 0, 0, 0, 0, 26, 0]"
alpha-1,1.0,final,paired,98305,32,266,2,0.83125,0.0625,"[0, 0, 0, 0, 0, 0, 0, 28, 26, 0]"
alpha-1,1.0,final,paired,131071,32,320,32,1.0,1.0,"[0, 0, 0, 0, 0, 0, 0, 0, 0, 0]"
alpha-1,1.0,final,paired,131072,32,294,6,0.91875,0.1875,"[0, 0, 0, 0, 0, 0, 0, 0, 26, 0]"
alpha-2over3,0.6666666666666666,best,standard,1,256,2560,256,1.0,1.0,"[0, 0, 0, 0, 0, 0, 0, 0, 0, 0]"
alpha-2over3,0.6666666666666666,best,standard,2,256,2560,256,1.0,1.0,"[0, 0, 0, 0, 0, 0, 0, 0, 0, 0]"
alpha-2over3,0.6666666666666666,best,standard,3,256,2559,255,0.999609375,0.99609375,"[0, 0, 0, 0, 0, 0, 0, 1, 0, 0]"
alpha-2over3,0.6666666666666666,best,standard,4,256,2559,255,0.999609375,0.99609375,"[0, 0, 0, 0, 0, 1, 0, 0, 0, 0]"
alpha-2over3,0.6666666666666666,best,standard,5,256,2560,256,1.0,1.0,"[0, 0, 0, 0, 0, 0, 0, 0, 0, 0]"
alpha-2over3,0.6666666666666666,best,standard,6,256,2559,255,0.999609375,0.99609375,"[0, 0, 1, 0, 0, 0, 0, 0, 0, 0]"
alpha-2over3,0.6666666666666666,best,standard,7,256,2560,256,1.0,1.0,"[0, 0, 0, 0, 0, 0, 0, 0, 0, 0]"
alpha-2over3,0.6666666666666666,best,standard,8,256,2560,256,1.0,1.0,"[0, 0, 0, 0, 0, 0, 0, 0, 0, 0]"
alpha-2over3,0.6666666666666666,best,standard,9,256,2560,256,1.0,1.0,"[0, 0, 0, 0, 0, 0, 0, 0, 0, 0]"
alpha-2over3,0.6666666666666666,best,standard,10,256,2560,256,1.0,1.0,"[0, 0, 0, 0, 0, 0, 0, 0, 0, 0]"
alpha-2over3,0.6666666666666666,best,standard,11,256,2560,256,1.0,1.0,"[0, 0, 0, 0, 0, 0, 0, 0, 0, 0]"
alpha-2over3,0.6666666666666666,best,standard,12,256,2559,255,0.999609375,0.99609375,"[0, 0, 0, 0, 0, 1, 0, 0, 0, 0]"
alpha-2over3,0.6666666666666666,best,standard,13,256,2560,256,1.0,1.0,"[0, 0, 0, 0, 0, 0, 0, 0, 0, 0]"
alpha-2over3,0.6666666666666666,best,standard,14,256,2560,256,1.0,1.0,"[0, 0, 0, 0, 0, 0, 0, 0, 0, 0]"
alpha-2over3,0.6666666666666666,best,standard,16,256,2559,255,0.999609375,0.99609375,"[0, 0, 0, 0, 0, 0, 0, 0, 1, 0]"
alpha-2over3,0.6666666666666666,best,standard,24,256,2558,254,0.99921875,0.9921875,"[0, 0, 0, 1, 0, 0, 0, 0, 1, 0]"
alpha-2over3,0.6666666666666666,best,standard,32,256,2559,255,0.999609375,0.99609375,"[0, 0, 0, 0, 0, 0, 0, 0, 1, 0]"
alpha-2over3,0.6666666666666666,best,standard,48,256,2559,255,0.999609375,0.99609375,"[0, 0, 0, 0, 0, 0, 1, 0, 0, 0]"
alpha-2over3,0.6666666666666666,best,standard,64,256,2560,256,1.0,1.0,"[0, 0, 0, 0, 0, 0, 0, 0, 0, 0]"
alpha-2over3,0.6666666666666666,best,standard,96,256,2559,255,0.999609375,0.99609375,"[0, 0, 0, 0, 0, 0, 1, 0, 0, 0]"
alpha-2over3,0.6666666666666666,best,standard,128,256,2559,255,0.999609375,0.99609375,"[0, 0, 0, 1, 0, 0, 0, 0, 0, 0]"
alpha-2over3,0.6666666666666666,best,standard,192,256,2560,256,1.0,1.0,"[0, 0, 0, 0, 0, 0, 0, 0, 0, 0]"
alpha-2over3,0.6666666666666666,best,standard,256,256,2560,256,1.0,1.0,"[0, 0, 0, 0, 0, 0, 0, 0, 0, 0]"
alpha-2over3,0.6666666666666666,best,standard,384,256,2559,255,0.999609375,0.99609375,"[0, 0, 0, 0, 0, 0, 1, 0, 0, 0]"
alpha-2over3,0.6666666666666666,best,standard,512,256,2560,256,1.0,1.0,"[0, 0, 0, 0, 0, 0, 0, 0, 0, 0]"
alpha-2over3,0.6666666666666666,best,standard,768,256,2560,256,1.0,1.0,"[0, 0, 0, 0, 0, 0, 0, 0, 0, 0]"
alpha-2over3,0.6666666666666666,best,standard,1024,256,2560,256,1.0,1.0,"[0, 0, 0, 0, 0, 0, 0, 0, 0, 0]"
alpha-2over3,0.6666666666666666,best,standard,1536,256,2559,255,0.999609375,0.99609375,"[0, 0, 0, 0, 0, 0, 1, 0, 0, 0]"
alpha-2over3,0.6666666666666666,best,standard,2048,256,2560,256,1.0,1.0,"[0, 0, 0, 0, 0, 0, 0, 0, 0, 0]"
alpha-2over3,0.6666666666666666,best,standard,3072,256,2560,256,1.0,1.0,"[0, 0, 0, 0, 0, 0, 0, 0, 0, 0]"
alpha-2over3,0.6666666666666666,best,standard,4096,256,2559,255,0.999609375,0.99609375,"[0, 0, 0, 0, 0, 1, 0, 0, 0, 0]"
alpha-2over3,0.6666666666666666,best,standard,6144,256,2560,256,1.0,1.0,"[0, 0, 0, 0, 0, 0, 0, 0, 0, 0]"
alpha-2over3,0.6666666666666666,best,standard,8192,256,2560,256,1.0,1.0,"[0, 0, 0, 0, 0, 0, 0, 0, 0, 0]"
alpha-2over3,0.6666666666666666,best,standard,12288,256,2560,256,1.0,1.0,"[0, 0, 0, 0, 0, 0, 0, 0, 0, 0]"
alpha-2over3,0.6666666666666666,best,standard,16384,256,2552,248,0.996875,0.96875,"[0, 0, 0, 0, 0, 8, 0, 0, 0, 0]"
alpha-2over3,0.6666666666666666,best,standard,24576,256,2555,251,0.998046875,0.98046875,"[0, 0, 0, 0, 0, 5, 0, 0, 0, 0]"
alpha-2over3,0.6666666666666666,best,standard,32768,256,2557,255,0.998828125,0.99609375,"[0, 0, 0, 1, 0, 0, 0, 0, 1, 1]"
alpha-2over3,0.6666666666666666,best,standard,49152,256,2559,255,0.999609375,0.99609375,"[0, 0, 0, 0, 0, 0, 1, 0, 0, 0]"
alpha-2over3,0.6666666666666666,best,standard,65536,256,2516,212,0.9828125,0.828125,"[0, 0, 0, 2, 0, 41, 1, 0, 0, 0]"
alpha-2over3,0.6666666666666666,best,standard,98304,256,2513,209,0.981640625,0.81640625,"[0, 0, 0, 2, 0, 45, 0, 0, 0, 0]"
alpha-2over3,0.6666666666666666,best,standard,131072,256,2560,256,1.0,1.0,"[0, 0, 0, 0, 0, 0, 0, 0, 0, 0]"
alpha-2over3,0.6666666666666666,best,paired,3,32,319,31,0.996875,0.96875,"[0, 0, 0, 1, 0, 0, 0, 0, 0, 0]"
alpha-2over3,0.6666666666666666,best,paired,16,32,320,32,1.0,1.0,"[0, 0, 0, 0, 0, 0, 0, 0, 0, 0]"
alpha-2over3,0.6666666666666666,best,paired,8192,32,320,32,1.0,1.0,"[0, 0, 0, 0, 0, 0, 0, 0, 0, 0]"
alpha-2over3,0.6666666666666666,best,paired,16383,32,320,32,1.0,1.0,"[0, 0, 0, 0, 0, 0, 0, 0, 0, 0]"
alpha-2over3,0.6666666666666666,best,paired,16384,32,320,32,1.0,1.0,"[0, 0, 0, 0, 0, 0, 0, 0, 0, 0]"
alpha-2over3,0.6666666666666666,best,paired,16385,32,318,30,0.99375,0.9375,"[0, 0, 0, 0, 2, 0, 0, 0, 0, 0]"
alpha-2over3,0.6666666666666666,best,paired,32767,32,320,32,1.0,1.0,"[0, 0, 0, 0, 0, 0, 0, 0, 0, 0]"
alpha-2over3,0.6666666666666666,best,paired,32768,32,320,32,1.0,1.0,"[0, 0, 0, 0, 0, 0, 0, 0, 0, 0]"
alpha-2over3,0.6666666666666666,best,paired,32769,32,320,32,1.0,1.0,"[0, 0, 0, 0, 0, 0, 0, 0, 0, 0]"
alpha-2over3,0.6666666666666666,best,paired,49144,32,320,32,1.0,1.0,"[0, 0, 0, 0, 0, 0, 0, 0, 0, 0]"
alpha-2over3,0.6666666666666666,best,paired,49145,32,320,32,1.0,1.0,"[0, 0, 0, 0, 0, 0, 0, 0, 0, 0]"
alpha-2over3,0.6666666666666666,best,paired,49146,32,281,3,0.878125,0.09375,"[0, 0, 0, 0, 0, 0, 0, 0, 11, 28]"
alpha-2over3,0.6666666666666666,best,paired,49147,32,297,9,0.928125,0.28125,"[0, 0, 0, 0, 0, 0, 0, 23, 0, 0]"
alpha-2over3,0.6666666666666666,best,paired,49148,32,320,32,1.0,1.0,"[0, 0, 0, 0, 0, 0, 0, 0, 0, 0]"
alpha-2over3,0.6666666666666666,best,paired,49149,32,320,32,1.0,1.0,"[0, 0, 0, 0, 0, 0, 0, 0, 0, 0]"
alpha-2over3,0.6666666666666666,best,paired,49150,32,320,32,1.0,1.0,"[0, 0, 0, 0, 0, 0, 0, 0, 0, 0]"
alpha-2over3,0.6666666666666666,best,paired,49151,32,320,32,1.0,1.0,"[0, 0, 0, 0, 0, 0, 0, 0, 0, 0]"
alpha-2over3,0.6666666666666666,best,paired,49152,32,320,32,1.0,1.0,"[0, 0, 0, 0, 0, 0, 0, 0, 0, 0]"
alpha-2over3,0.6666666666666666,best,paired,49153,32,320,32,1.0,1.0,"[0, 0, 0, 0, 0, 0, 0, 0, 0, 0]"
alpha-2over3,0.6666666666666666,best,paired,49154,32,320,32,1.0,1.0,"[0, 0, 0, 0, 0, 0, 0, 0, 0, 0]"
alpha-2over3,0.6666666666666666,best,paired,49155,32,320,32,1.0,1.0,"[0, 0, 0, 0, 0, 0, 0, 0, 0, 0]"
alpha-2over3,0.6666666666666666,best,paired,49156,32,320,32,1.0,1.0,"[0, 0, 0, 0, 0, 0, 0, 0, 0, 0]"
alpha-2over3,0.6666666666666666,best,paired,49157,32,320,32,1.0,1.0,"[0, 0, 0, 0, 0, 0, 0, 0, 0, 0]"
alpha-2over3,0.6666666666666666,best,paired,49158,32,320,32,1.0,1.0,"[0, 0, 0, 0, 0, 0, 0, 0, 0, 0]"
alpha-2over3,0.6666666666666666,best,paired,49159,32,320,32,1.0,1.0,"[0, 0, 0, 0, 0, 0, 0, 0, 0, 0]"
alpha-2over3,0.6666666666666666,best,paired,49160,32,320,32,1.0,1.0,"[0, 0, 0, 0, 0, 0, 0, 0, 0, 0]"
alpha-2over3,0.6666666666666666,best,paired,65535,32,319,31,0.996875,0.96875,"[0, 0, 0, 1, 0, 0, 0, 0, 0, 0]"
alpha-2over3,0.6666666666666666,best,paired,65536,32,316,28,0.9875,0.875,"[0, 0, 0, 0, 0, 4, 0, 0, 0, 0]"
alpha-2over3,0.6666666666666666,best,paired,65537,32,312,24,0.975,0.75,"[0, 0, 0, 0, 8, 0, 0, 0, 0, 0]"
alpha-2over3,0.6666666666666666,best,paired,98303,32,319,31,0.996875,0.96875,"[0, 0, 0, 1, 0, 0, 0, 0, 0, 0]"
alpha-2over3,0.6666666666666666,best,paired,98304,32,316,28,0.9875,0.875,"[0, 0, 0, 0, 0, 4, 0, 0, 0, 0]"
alpha-2over3,0.6666666666666666,best,paired,98305,32,312,24,0.975,0.75,"[0, 0, 0, 0, 8, 0, 0, 0, 0, 0]"
alpha-2over3,0.6666666666666666,best,paired,131071,32,320,32,1.0,1.0,"[0, 0, 0, 0, 0, 0, 0, 0, 0, 0]"
alpha-2over3,0.6666666666666666,best,paired,131072,32,320,32,1.0,1.0,"[0, 0, 0, 0, 0, 0, 0, 0, 0, 0]"
alpha-2over3,0.6666666666666666,final,standard,1,256,2348,82,0.9171875,0.3203125,"[161, 0, 47, 2, 0, 0, 2, 0, 0, 0]"
alpha-2over3,0.6666666666666666,final,standard,2,256,2559,255,0.999609375,0.99609375,"[0, 0, 0, 0, 0, 0, 0, 1, 0, 0]"
alpha-2over3,0.6666666666666666,final,standard,3,256,2527,224,0.987109375,0.875,"[0, 0, 1, 28, 0, 0, 0, 4, 0, 0]"
alpha-2over3,0.6666666666666666,final,standard,4,256,2554,251,0.99765625,0.98046875,"[0, 0, 1, 2, 0, 1, 0, 2, 0, 0]"
alpha-2over3,0.6666666666666666,final,standard,5,256,2555,251,0.998046875,0.98046875,"[0, 0, 0, 2, 0, 0, 2, 1, 0, 0]"
alpha-2over3,0.6666666666666666,final,standard,6,256,2555,251,0.998046875,0.98046875,"[0, 0, 1, 1, 0, 0, 2, 1, 0, 0]"
alpha-2over3,0.6666666666666666,final,standard,7,256,2552,248,0.996875,0.96875,"[0, 0, 2, 3, 0, 0, 0, 3, 0, 0]"
alpha-2over3,0.6666666666666666,final,standard,8,256,2549,247,0.995703125,0.96484375,"[0, 0, 0, 5, 0, 0, 2, 4, 0, 0]"
alpha-2over3,0.6666666666666666,final,standard,9,256,2556,252,0.9984375,0.984375,"[0, 0, 1, 1, 0, 0, 1, 1, 0, 0]"
alpha-2over3,0.6666666666666666,final,standard,10,256,2559,255,0.999609375,0.99609375,"[0, 0, 0, 0, 0, 0, 0, 1, 0, 0]"
alpha-2over3,0.6666666666666666,final,standard,11,256,2556,252,0.9984375,0.984375,"[0, 0, 0, 3, 0, 0, 0, 1, 0, 0]"
alpha-2over3,0.6666666666666666,final,standard,12,256,2555,251,0.998046875,0.98046875,"[0, 0, 0, 0, 0, 0, 2, 3, 0, 0]"
alpha-2over3,0.6666666666666666,final,standard,13,256,2556,252,0.9984375,0.984375,"[0, 0, 1, 1, 0, 0, 1, 1, 0, 0]"
alpha-2over3,0.6666666666666666,final,standard,14,256,2559,255,0.999609375,0.99609375,"[0, 0, 0, 0, 0, 0, 0, 1, 0, 0]"
alpha-2over3,0.6666666666666666,final,standard,16,256,2553,249,0.997265625,0.97265625,"[0, 0, 0, 1, 0, 0, 4, 2, 0, 0]"
alpha-2over3,0.6666666666666666,final,standard,24,256,2555,252,0.998046875,0.984375,"[0, 0, 0, 2, 0, 1, 0, 2, 0, 0]"
alpha-2over3,0.6666666666666666,final,standard,32,256,2549,245,0.995703125,0.95703125,"[0, 0, 0, 0, 0, 0, 8, 3, 0, 0]"
alpha-2over3,0.6666666666666666,final,standard,48,256,2547,243,0.994921875,0.94921875,"[0, 0, 1, 0, 0, 0, 9, 3, 0, 0]"
alpha-2over3,0.6666666666666666,final,standard,64,256,2555,251,0.998046875,0.98046875,"[0, 0, 0, 0, 0, 1, 3, 1, 0, 0]"
alpha-2over3,0.6666666666666666,final,standard,96,256,2555,251,0.998046875,0.98046875,"[0, 0, 0, 0, 0, 0, 4, 1, 0, 0]"
alpha-2over3,0.6666666666666666,final,standard,128,256,2550,246,0.99609375,0.9609375,"[0, 0, 0, 2, 0, 0, 8, 0, 0, 0]"
alpha-2over3,0.6666666666666666,final,standard,192,256,2553,249,0.997265625,0.97265625,"[0, 0, 0, 1, 0, 2, 4, 0, 0, 0]"
alpha-2over3,0.6666666666666666,final,standard,256,256,2552,248,0.996875,0.96875,"[0, 0, 1, 0, 0, 2, 3, 2, 0, 0]"
alpha-2over3,0.6666666666666666,final,standard,384,256,2554,250,0.99765625,0.9765625,"[0, 0, 0, 0, 0, 1, 5, 0, 0, 0]"
alpha-2over3,0.6666666666666666,final,standard,512,256,2544,240,0.99375,0.9375,"[0, 0, 0, 0, 0, 4, 8, 4, 0, 0]"
alpha-2over3,0.6666666666666666,final,standard,768,256,2551,247,0.996484375,0.96484375,"[0, 0, 0, 0, 0, 3, 5, 1, 0, 0]"
alpha-2over3,0.6666666666666666,final,standard,1024,256,2553,249,0.997265625,0.97265625,"[0, 0, 0, 2, 0, 0, 3, 2, 0, 0]"
alpha-2over3,0.6666666666666666,final,standard,1536,256,2550,247,0.99609375,0.96484375,"[0, 0, 0, 0, 0, 1, 5, 4, 0, 0]"
alpha-2over3,0.6666666666666666,final,standard,2048,256,2551,247,0.996484375,0.96484375,"[0, 0, 0, 1, 1, 1, 4, 2, 0, 0]"
alpha-2over3,0.6666666666666666,final,standard,3072,256,2550,246,0.99609375,0.9609375,"[0, 0, 0, 1, 1, 2, 5, 1, 0, 0]"
alpha-2over3,0.6666666666666666,final,standard,4096,256,2545,242,0.994140625,0.9453125,"[0, 0, 1, 1, 0, 3, 5, 5, 0, 0]"
alpha-2over3,0.6666666666666666,final,standard,6144,256,2548,245,0.9953125,0.95703125,"[0, 0, 0, 0, 1, 4, 6, 1, 0, 0]"
alpha-2over3,0.6666666666666666,final,standard,8192,256,2550,246,0.99609375,0.9609375,"[0, 0, 0, 1, 0, 0, 8, 1, 0, 0]"
alpha-2over3,0.6666666666666666,final,standard,12288,256,2548,244,0.9953125,0.953125,"[0, 0, 0, 0, 0, 1, 11, 0, 0, 0]"
alpha-2over3,0.6666666666666666,final,standard,16384,256,2552,249,0.996875,0.97265625,"[0, 0, 0, 0, 1, 2, 4, 1, 0, 0]"
alpha-2over3,0.6666666666666666,final,standard,24576,256,2551,249,0.996484375,0.97265625,"[0, 0, 0, 3, 0, 0, 4, 2, 0, 0]"
alpha-2over3,0.6666666666666666,final,standard,32768,256,2554,250,0.99765625,0.9765625,"[0, 0, 0, 0, 1, 0, 5, 0, 0, 0]"
alpha-2over3,0.6666666666666666,final,standard,49152,256,2553,249,0.997265625,0.97265625,"[0, 0, 0, 1, 0, 0, 5, 1, 0, 0]"
alpha-2over3,0.6666666666666666,final,standard,65536,256,2546,243,0.99453125,0.94921875,"[0, 0, 0, 0, 0, 1, 10, 3, 0, 0]"
alpha-2over3,0.6666666666666666,final,standard,98304,256,2551,247,0.996484375,0.96484375,"[0, 0, 0, 0, 0, 0, 6, 3, 0, 0]"
alpha-2over3,0.6666666666666666,final,standard,131072,256,2550,246,0.99609375,0.9609375,"[0, 0, 0, 0, 0, 1, 7, 2, 0, 0]"
alpha-2over3,0.6666666666666666,final,paired,3,32,316,29,0.9875,0.90625,"[0, 0, 0, 2, 0, 0, 0, 2, 0, 0]"
alpha-2over3,0.6666666666666666,final,paired,16,32,318,30,0.99375,0.9375,"[0, 0, 0, 0, 0, 0, 1, 0, 1, 0]"
alpha-2over3,0.6666666666666666,final,paired,8192,32,318,30,0.99375,0.9375,"[0, 0, 0, 0, 0, 0, 1, 0, 1, 0]"
alpha-2over3,0.6666666666666666,final,paired,16383,32,317,29,0.990625,0.90625,"[0, 0, 0, 2, 0, 0, 0, 1, 0, 0]"
alpha-2over3,0.6666666666666666,final,paired,16384,32,318,30,0.99375,0.9375,"[0, 0, 0, 0, 0, 0, 1, 0, 1, 0]"
alpha-2over3,0.6666666666666666,final,paired,16385,32,318,30,0.99375,0.9375,"[0, 0, 1, 0, 0, 0, 0, 0, 1, 0]"
alpha-2over3,0.6666666666666666,final,paired,32767,32,317,29,0.990625,0.90625,"[0, 0, 0, 2, 0, 0, 0, 1, 0, 0]"
alpha-2over3,0.6666666666666666,final,paired,32768,32,318,30,0.99375,0.9375,"[0, 0, 0, 0, 0, 0, 1, 0, 1, 0]"
alpha-2over3,0.6666666666666666,final,paired,32769,32,319,31,0.996875,0.96875,"[0, 0, 0, 0, 0, 0, 0, 0, 1, 0]"
alpha-2over3,0.6666666666666666,final,paired,49144,32,311,23,0.971875,0.71875,"[0, 1, 0, 0, 0, 0, 0, 7, 1, 0]"
alpha-2over3,0.6666666666666666,final,paired,49145,32,318,30,0.99375,0.9375,"[0, 0, 1, 0, 0, 0, 0, 0, 1, 0]"
alpha-2over3,0.6666666666666666,final,paired,49146,32,316,28,0.9875,0.875,"[0, 0, 0, 0, 0, 2, 0, 0, 2, 0]"
alpha-2over3,0.6666666666666666,final,paired,49147,32,289,3,0.903125,0.09375,"[0, 0, 0, 2, 0, 0, 0, 29, 0, 0]"
alpha-2over3,0.6666666666666666,final,paired,49148,32,317,29,0.990625,0.90625,"[0, 0, 0, 0, 0, 0, 0, 2, 1, 0]"
alpha-2over3,0.6666666666666666,final,paired,49149,32,318,30,0.99375,0.9375,"[0, 0, 1, 0, 0, 0, 0, 0, 1, 0]"
alpha-2over3,0.6666666666666666,final,paired,49150,32,319,31,0.996875,0.96875,"[0, 0, 0, 0, 0, 0, 0, 0, 1, 0]"
alpha-2over3,0.6666666666666666,final,paired,49151,32,317,29,0.990625,0.90625,"[0, 0, 0, 2, 0, 0, 0, 1, 0, 0]"
alpha-2over3,0.6666666666666666,final,paired,49152,32,318,30,0.99375,0.9375,"[0, 0, 0, 0, 0, 0, 1, 0, 1, 0]"
alpha-2over3,0.6666666666666666,final,paired,49153,32,319,31,0.996875,0.96875,"[0, 0, 0, 0, 0, 0, 0, 0, 1, 0]"
alpha-2over3,0.6666666666666666,final,paired,49154,32,319,31,0.996875,0.96875,"[0, 0, 0, 0, 0, 0, 0, 0, 1, 0]"
alpha-2over3,0.6666666666666666,final,paired,49155,32,319,31,0.996875,0.96875,"[0, 0, 0, 1, 0, 0, 0, 0, 0, 0]"
alpha-2over3,0.6666666666666666,final,paired,49156,32,319,31,0.996875,0.96875,"[0, 0, 0, 0, 0, 0, 0, 0, 1, 0]"
alpha-2over3,0.6666666666666666,final,paired,49157,32,319,31,0.996875,0.96875,"[0, 0, 0, 0, 0, 0, 0, 0, 1, 0]"
alpha-2over3,0.6666666666666666,final,paired,49158,32,318,30,0.99375,0.9375,"[0, 0, 0, 0, 0, 0, 0, 0, 2, 0]"
alpha-2over3,0.6666666666666666,final,paired,49159,32,317,30,0.990625,0.9375,"[0, 0, 0, 2, 0, 0, 0, 0, 1, 0]"
alpha-2over3,0.6666666666666666,final,paired,49160,32,319,31,0.996875,0.96875,"[0, 0, 0, 0, 0, 0, 0, 0, 1, 0]"
alpha-2over3,0.6666666666666666,final,paired,65535,32,319,31,0.996875,0.96875,"[0, 0, 0, 1, 0, 0, 0, 0, 0, 0]"
alpha-2over3,0.6666666666666666,final,paired,65536,32,317,29,0.990625,0.90625,"[0, 0, 0, 0, 0, 0, 2, 0, 1, 0]"
alpha-2over3,0.6666666666666666,final,paired,65537,32,319,31,0.996875,0.96875,"[0, 0, 0, 0, 0, 0, 0, 0, 1, 0]"
alpha-2over3,0.6666666666666666,final,paired,98303,32,319,31,0.996875,0.96875,"[0, 0, 0, 1, 0, 0, 0, 0, 0, 0]"
alpha-2over3,0.6666666666666666,final,paired,98304,32,317,29,0.990625,0.90625,"[0, 0, 0, 0, 0, 0, 2, 0, 1, 0]"
alpha-2over3,0.6666666666666666,final,paired,98305,32,319,31,0.996875,0.96875,"[0, 0, 0, 0, 0, 0, 0, 0, 1, 0]"
alpha-2over3,0.6666666666666666,final,paired,131071,32,317,29,0.990625,0.90625,"[0, 0, 0, 2, 0, 0, 0, 1, 0, 0]"
alpha-2over3,0.6666666666666666,final,paired,131072,32,318,30,0.99375,0.9375,"[0, 0, 0, 0, 0, 0, 1, 0, 1, 0]"
alpha-half,0.5,best,standard,1,256,2560,256,1.0,1.0,"[0, 0, 0, 0, 0, 0, 0, 0, 0, 0]"
alpha-half,0.5,best,standard,2,256,2560,256,1.0,1.0,"[0, 0, 0, 0, 0, 0, 0, 0, 0, 0]"
alpha-half,0.5,best,standard,3,256,2559,255,0.999609375,0.99609375,"[0, 0, 0, 1, 0, 0, 0, 0, 0, 0]"
alpha-half,0.5,best,standard,4,256,2559,255,0.999609375,0.99609375,"[0, 0, 0, 0, 0, 0, 1, 0, 0, 0]"
alpha-half,0.5,best,standard,5,256,2560,256,1.0,1.0,"[0, 0, 0, 0, 0, 0, 0, 0, 0, 0]"
alpha-half,0.5,best,standard,6,256,2560,256,1.0,1.0,"[0, 0, 0, 0, 0, 0, 0, 0, 0, 0]"
alpha-half,0.5,best,standard,7,256,2558,254,0.99921875,0.9921875,"[0, 0, 1, 0, 0, 0, 0, 1, 0, 0]"
alpha-half,0.5,best,standard,8,256,2560,256,1.0,1.0,"[0, 0, 0, 0, 0, 0, 0, 0, 0, 0]"
alpha-half,0.5,best,standard,9,256,2558,254,0.99921875,0.9921875,"[0, 0, 0, 1, 0, 0, 0, 0, 0, 1]"
alpha-half,0.5,best,standard,10,256,2559,255,0.999609375,0.99609375,"[0, 0, 1, 0, 0, 0, 0, 0, 0, 0]"
alpha-half,0.5,best,standard,11,256,2560,256,1.0,1.0,"[0, 0, 0, 0, 0, 0, 0, 0, 0, 0]"
alpha-half,0.5,best,standard,12,256,2559,255,0.999609375,0.99609375,"[0, 0, 0, 0, 0, 1, 0, 0, 0, 0]"
alpha-half,0.5,best,standard,13,256,2560,256,1.0,1.0,"[0, 0, 0, 0, 0, 0, 0, 0, 0, 0]"
alpha-half,0.5,best,standard,14,256,2560,256,1.0,1.0,"[0, 0, 0, 0, 0, 0, 0, 0, 0, 0]"
alpha-half,0.5,best,standard,16,256,2560,256,1.0,1.0,"[0, 0, 0, 0, 0, 0, 0, 0, 0, 0]"
alpha-half,0.5,best,standard,24,256,2560,256,1.0,1.0,"[0, 0, 0, 0, 0, 0, 0, 0, 0, 0]"
alpha-half,0.5,best,standard,32,256,2560,256,1.0,1.0,"[0, 0, 0, 0, 0, 0, 0, 0, 0, 0]"
alpha-half,0.5,best,standard,48,256,2558,254,0.99921875,0.9921875,"[0, 0, 0, 0, 0, 0, 2, 0, 0, 0]"
alpha-half,0.5,best,standard,64,256,2558,254,0.99921875,0.9921875,"[0, 0, 0, 0, 0, 0, 2, 0, 0, 0]"
alpha-half,0.5,best,standard,96,256,2559,255,0.999609375,0.99609375,"[0, 0, 0, 0, 0, 0, 1, 0, 0, 0]"
alpha-half,0.5,best,standard,128,256,2560,256,1.0,1.0,"[0, 0, 0, 0, 0, 0, 0, 0, 0, 0]"
alpha-half,0.5,best,standard,192,256,2559,255,0.999609375,0.99609375,"[0, 0, 0, 0, 0, 0, 0, 1, 0, 0]"
alpha-half,0.5,best,standard,256,256,2559,255,0.999609375,0.99609375,"[0, 0, 1, 0, 0, 0, 0, 0, 0, 0]"
alpha-half,0.5,best,standard,384,256,2559,255,0.999609375,0.99609375,"[0, 0, 0, 0, 0, 0, 1, 0, 0, 0]"
alpha-half,0.5,best,standard,512,256,2559,255,0.999609375,0.99609375,"[0, 0, 0, 0, 0, 0, 0, 1, 0, 0]"
alpha-half,0.5,best,standard,768,256,2557,253,0.998828125,0.98828125,"[0, 0, 0, 0, 0, 0, 3, 0, 0, 0]"
alpha-half,0.5,best,standard,1024,256,2558,255,0.99921875,0.99609375,"[0, 0, 1, 1, 0, 0, 0, 0, 0, 0]"
alpha-half,0.5,best,standard,1536,256,2560,256,1.0,1.0,"[0, 0, 0, 0, 0, 0, 0, 0, 0, 0]"
alpha-half,0.5,best,standard,2048,256,2560,256,1.0,1.0,"[0, 0, 0, 0, 0, 0, 0, 0, 0, 0]"
alpha-half,0.5,best,standard,3072,256,2558,254,0.99921875,0.9921875,"[0, 0, 0, 0, 0, 0, 1, 1, 0, 0]"
alpha-half,0.5,best,standard,4096,256,2554,250,0.99765625,0.9765625,"[0, 0, 2, 0, 0, 0, 0, 0, 0, 4]"
alpha-half,0.5,best,standard,6144,256,2553,251,0.997265625,0.98046875,"[0, 0, 0, 0, 0, 0, 2, 0, 0, 5]"
alpha-half,0.5,best,standard,8192,256,2557,253,0.998828125,0.98828125,"[0, 0, 0, 0, 0, 0, 3, 0, 0, 0]"
alpha-half,0.5,best,standard,12288,256,2557,253,0.998828125,0.98828125,"[0, 0, 0, 0, 0, 0, 3, 0, 0, 0]"
alpha-half,0.5,best,standard,16384,256,2444,146,0.9546875,0.5703125,"[0, 0, 0, 0, 0, 1, 5, 1, 2, 107]"
alpha-half,0.5,best,standard,24576,256,2463,161,0.962109375,0.62890625,"[0, 0, 0, 0, 0, 0, 2, 0, 2, 93]"
alpha-half,0.5,best,standard,32768,256,2559,255,0.999609375,0.99609375,"[0, 0, 0, 0, 0, 0, 0, 1, 0, 0]"
alpha-half,0.5,best,standard,49152,256,2557,253,0.998828125,0.98828125,"[0, 0, 0, 0, 0, 0, 3, 0, 0, 0]"
alpha-half,0.5,best,standard,65536,256,2316,56,0.9046875,0.21875,"[0, 0, 0, 0, 0, 0, 9, 0, 45, 190]"
alpha-half,0.5,best,standard,98304,256,2310,53,0.90234375,0.20703125,"[0, 0, 0, 0, 0, 0, 12, 0, 46, 192]"
alpha-half,0.5,best,standard,131072,256,2516,213,0.9828125,0.83203125,"[0, 0, 0, 0, 0, 0, 2, 0, 0, 42]"
alpha-half,0.5,best,paired,3,32,320,32,1.0,1.0,"[0, 0, 0, 0, 0, 0, 0, 0, 0, 0]"
alpha-half,0.5,best,paired,16,32,320,32,1.0,1.0,"[0, 0, 0, 0, 0, 0, 0, 0, 0, 0]"
alpha-half,0.5,best,paired,8192,32,320,32,1.0,1.0,"[0, 0, 0, 0, 0, 0, 0, 0, 0, 0]"
alpha-half,0.5,best,paired,16383,32,320,32,1.0,1.0,"[0, 0, 0, 0, 0, 0, 0, 0, 0, 0]"
alpha-half,0.5,best,paired,16384,32,309,21,0.965625,0.65625,"[0, 0, 0, 0, 0, 0, 0, 0, 0, 11]"
alpha-half,0.5,best,paired,16385,32,307,19,0.959375,0.59375,"[0, 0, 0, 0, 0, 0, 0, 0, 13, 0]"
alpha-half,0.5,best,paired,32767,32,320,32,1.0,1.0,"[0, 0, 0, 0, 0, 0, 0, 0, 0, 0]"
alpha-half,0.5,best,paired,32768,32,319,31,0.996875,0.96875,"[0, 0, 0, 0, 0, 0, 0, 0, 0, 1]"
alpha-half,0.5,best,paired,32769,32,320,32,1.0,1.0,"[0, 0, 0, 0, 0, 0, 0, 0, 0, 0]"
alpha-half,0.5,best,paired,49144,32,320,32,1.0,1.0,"[0, 0, 0, 0, 0, 0, 0, 0, 0, 0]"
alpha-half,0.5,best,paired,49145,32,320,32,1.0,1.0,"[0, 0, 0, 0, 0, 0, 0, 0, 0, 0]"
alpha-half,0.5,best,paired,49146,32,320,32,1.0,1.0,"[0, 0, 0, 0, 0, 0, 0, 0, 0, 0]"
alpha-half,0.5,best,paired,49147,32,320,32,1.0,1.0,"[0, 0, 0, 0, 0, 0, 0, 0, 0, 0]"
alpha-half,0.5,best,paired,49148,32,320,32,1.0,1.0,"[0, 0, 0, 0, 0, 0, 0, 0, 0, 0]"
alpha-half,0.5,best,paired,49149,32,320,32,1.0,1.0,"[0, 0, 0, 0, 0, 0, 0, 0, 0, 0]"
alpha-half,0.5,best,paired,49150,32,320,32,1.0,1.0,"[0, 0, 0, 0, 0, 0, 0, 0, 0, 0]"
alpha-half,0.5,best,paired,49151,32,320,32,1.0,1.0,"[0, 0, 0, 0, 0, 0, 0, 0, 0, 0]"
alpha-half,0.5,best,paired,49152,32,320,32,1.0,1.0,"[0, 0, 0, 0, 0, 0, 0, 0, 0, 0]"
alpha-half,0.5,best,paired,49153,32,320,32,1.0,1.0,"[0, 0, 0, 0, 0, 0, 0, 0, 0, 0]"
alpha-half,0.5,best,paired,49154,32,320,32,1.0,1.0,"[0, 0, 0, 0, 0, 0, 0, 0, 0, 0]"
alpha-half,0.5,best,paired,49155,32,320,32,1.0,1.0,"[0, 0, 0, 0, 0, 0, 0, 0, 0, 0]"
alpha-half,0.5,best,paired,49156,32,320,32,1.0,1.0,"[0, 0, 0, 0, 0, 0, 0, 0, 0, 0]"
alpha-half,0.5,best,paired,49157,32,320,32,1.0,1.0,"[0, 0, 0, 0, 0, 0, 0, 0, 0, 0]"
alpha-half,0.5,best,paired,49158,32,320,32,1.0,1.0,"[0, 0, 0, 0, 0, 0, 0, 0, 0, 0]"
alpha-half,0.5,best,paired,49159,32,320,32,1.0,1.0,"[0, 0, 0, 0, 0, 0, 0, 0, 0, 0]"
alpha-half,0.5,best,paired,49160,32,320,32,1.0,1.0,"[0, 0, 0, 0, 0, 0, 0, 0, 0, 0]"
alpha-half,0.5,best,paired,65535,32,307,21,0.959375,0.65625,"[0, 0, 0, 0, 0, 0, 4, 2, 0, 7]"
alpha-half,0.5,best,paired,65536,32,294,11,0.91875,0.34375,"[0, 0, 0, 0, 0, 0, 0, 0, 7, 19]"
alpha-half,0.5,best,paired,65537,32,293,5,0.915625,0.15625,"[0, 0, 0, 0, 0, 0, 0, 0, 27, 0]"
alpha-half,0.5,best,paired,98303,32,307,21,0.959375,0.65625,"[0, 0, 0, 0, 0, 0, 4, 2, 0, 7]"
alpha-half,0.5,best,paired,98304,32,294,11,0.91875,0.34375,"[0, 0, 0, 0, 0, 0, 0, 0, 7, 19]"
alpha-half,0.5,best,paired,98305,32,293,5,0.915625,0.15625,"[0, 0, 0, 0, 0, 0, 0, 0, 27, 0]"
alpha-half,0.5,best,paired,131071,32,319,31,0.996875,0.96875,"[0, 0, 0, 0, 0, 0, 1, 0, 0, 0]"
alpha-half,0.5,best,paired,131072,32,317,29,0.990625,0.90625,"[0, 0, 0, 0, 0, 0, 0, 0, 0, 3]"
alpha-half,0.5,final,standard,1,256,2560,256,1.0,1.0,"[0, 0, 0, 0, 0, 0, 0, 0, 0, 0]"
alpha-half,0.5,final,standard,2,256,2556,252,0.9984375,0.984375,"[0, 0, 0, 1, 0, 0, 0, 2, 1, 0]"
alpha-half,0.5,final,standard,3,256,2557,253,0.998828125,0.98828125,"[0, 0, 0, 1, 0, 0, 0, 2, 0, 0]"
alpha-half,0.5,final,standard,4,256,2558,254,0.99921875,0.9921875,"[0, 0, 0, 1, 0, 0, 0, 1, 0, 0]"
alpha-half,0.5,final,standard,5,256,2556,253,0.9984375,0.98828125,"[0, 0, 0, 0, 0, 0, 1, 0, 1, 2]"
alpha-half,0.5,final,standard,6,256,2559,255,0.999609375,0.99609375,"[0, 0, 0, 1, 0, 0, 0, 0, 0, 0]"
alpha-half,0.5,final,standard,7,256,2558,254,0.99921875,0.9921875,"[0, 0, 0, 1, 0, 0, 0, 0, 1, 0]"
alpha-half,0.5,final,standard,8,256,2560,256,1.0,1.0,"[0, 0, 0, 0, 0, 0, 0, 0, 0, 0]"
alpha-half,0.5,final,standard,9,256,2556,253,0.9984375,0.98828125,"[0, 0, 0, 2, 0, 0, 1, 1, 0, 0]"
alpha-half,0.5,final,standard,10,256,2560,256,1.0,1.0,"[0, 0, 0, 0, 0, 0, 0, 0, 0, 0]"
alpha-half,0.5,final,standard,11,256,2560,256,1.0,1.0,"[0, 0, 0, 0, 0, 0, 0, 0, 0, 0]"
alpha-half,0.5,final,standard,12,256,2559,255,0.999609375,0.99609375,"[0, 0, 0, 1, 0, 0, 0, 0, 0, 0]"
alpha-half,0.5,final,standard,13,256,2560,256,1.0,1.0,"[0, 0, 0, 0, 0, 0, 0, 0, 0, 0]"
alpha-half,0.5,final,standard,14,256,2560,256,1.0,1.0,"[0, 0, 0, 0, 0, 0, 0, 0, 0, 0]"
alpha-half,0.5,final,standard,16,256,2558,254,0.99921875,0.9921875,"[0, 0, 0, 1, 0, 0, 0, 1, 0, 0]"
alpha-half,0.5,final,standard,24,256,2559,255,0.999609375,0.99609375,"[0, 0, 0, 0, 0, 0, 1, 0, 0, 0]"
alpha-half,0.5,final,standard,32,256,2557,253,0.998828125,0.98828125,"[0, 0, 0, 2, 0, 0, 1, 0, 0, 0]"
alpha-half,0.5,final,standard,48,256,2559,255,0.999609375,0.99609375,"[0, 0, 0, 0, 0, 0, 1, 0, 0, 0]"
alpha-half,0.5,final,standard,64,256,2558,254,0.99921875,0.9921875,"[0, 0, 0, 0, 0, 0, 2, 0, 0, 0]"
alpha-half,0.5,final,standard,96,256,2556,252,0.9984375,0.984375,"[0, 0, 1, 0, 0, 0, 2, 1, 0, 0]"
alpha-half,0.5,final,standard,128,256,2557,253,0.998828125,0.98828125,"[0, 0, 0, 0, 0, 0, 2, 0, 1, 0]"
alpha-half,0.5,final,standard,192,256,2556,252,0.9984375,0.984375,"[0, 0, 0, 1, 0, 0, 2, 1, 0, 0]"
alpha-half,0.5,final,standard,256,256,2559,255,0.999609375,0.99609375,"[0, 0, 0, 0, 0, 0, 1, 0, 0, 0]"
alpha-half,0.5,final,standard,384,256,2558,254,0.99921875,0.9921875,"[0, 0, 0, 0, 0, 0, 2, 0, 0, 0]"
alpha-half,0.5,final,standard,512,256,2551,247,0.996484375,0.96484375,"[0, 0, 1, 3, 0, 0, 3, 2, 0, 0]"
alpha-half,0.5,final,standard,768,256,2558,254,0.99921875,0.9921875,"[0, 0, 0, 0, 0, 0, 1, 1, 0, 0]"
alpha-half,0.5,final,standard,1024,256,2559,255,0.999609375,0.99609375,"[0, 0, 0, 0, 0, 0, 0, 0, 0, 1]"
alpha-half,0.5,final,standard,1536,256,2557,253,0.998828125,0.98828125,"[0, 0, 0, 0, 0, 0, 1, 1, 1, 0]"
alpha-half,0.5,final,standard,2048,256,2558,254,0.99921875,0.9921875,"[0, 0, 1, 0, 0, 0, 1, 0, 0, 0]"
alpha-half,0.5,final,standard,3072,256,2557,253,0.998828125,0.98828125,"[0, 0, 1, 0, 0, 0, 2, 0, 0, 0]"
alpha-half,0.5,final,standard,4096,256,2513,209,0.981640625,0.81640625,"[0, 0, 0, 0, 0, 0, 2, 0, 45, 0]"
alpha-half,0.5,final,standard,6144,256,2524,220,0.9859375,0.859375,"[0, 0, 1, 0, 0, 0, 1, 0, 34, 0]"
alpha-half,0.5,final,standard,8192,256,2559,255,0.999609375,0.99609375,"[0, 0, 1, 0, 0, 0, 0, 0, 0, 0]"
alpha-half,0.5,final,standard,12288,256,2553,250,0.997265625,0.9765625,"[0, 1, 0, 1, 0, 2, 3, 0, 0, 0]"
alpha-half,0.5,final,standard,16384,256,2393,97,0.934765625,0.37890625,"[0, 0, 0, 0, 0, 0, 0, 0, 158, 9]"
alpha-half,0.5,final,standard,24576,256,2363,80,0.923046875,0.3125,"[0, 0, 2, 2, 0, 0, 1, 1, 173, 18]"
alpha-half,0.5,final,standard,32768,256,2530,226,0.98828125,0.8828125,"[0, 0, 0, 0, 0, 0, 2, 0, 28, 0]"
alpha-half,0.5,final,standard,49152,256,2545,241,0.994140625,0.94140625,"[0, 0, 0, 1, 0, 1, 1, 1, 11, 0]"
alpha-half,0.5,final,standard,65536,256,2211,30,0.863671875,0.1171875,"[0, 0, 0, 1, 0, 0, 2, 0, 205, 141]"
alpha-half,0.5,final,standard,98304,256,2211,23,0.863671875,0.08984375,"[0, 0, 0, 0, 0, 0, 2, 1, 216, 130]"
alpha-half,0.5,final,standard,131072,256,2401,104,0.937890625,0.40625,"[0, 0, 0, 1, 0, 0, 2, 0, 149, 7]"
alpha-half,0.5,final,paired,3,32,318,30,0.99375,0.9375,"[0, 0, 0, 1, 0, 0, 0, 0, 0, 1]"
alpha-half,0.5,final,paired,16,32,320,32,1.0,1.0,"[0, 0, 0, 0, 0, 0, 0, 0, 0, 0]"
alpha-half,0.5,final,paired,8192,32,320,32,1.0,1.0,"[0, 0, 0, 0, 0, 0, 0, 0, 0, 0]"
alpha-half,0.5,final,paired,16383,32,299,12,0.934375,0.375,"[0, 0, 0, 0, 0, 0, 2, 0, 0, 19]"
alpha-half,0.5,final,paired,16384,32,294,8,0.91875,0.25,"[0, 0, 0, 0, 0, 0, 0, 0, 23, 3]"
alpha-half,0.5,final,paired,16385,32,310,22,0.96875,0.6875,"[0, 0, 0, 0, 0, 0, 0, 5, 5, 0]"
alpha-half,0.5,final,paired,32767,32,315,27,0.984375,0.84375,"[0, 0, 0, 0, 0, 0, 1, 0, 0, 4]"
alpha-half,0.5,final,paired,32768,32,317,29,0.990625,0.90625,"[0, 0, 0, 0, 0, 0, 0, 0, 3, 0]"
alpha-half,0.5,final,paired,32769,32,319,31,0.996875,0.96875,"[0, 0, 0, 0, 0, 0, 0, 1, 0, 0]"
alpha-half,0.5,final,paired,49144,32,320,32,1.0,1.0,"[0, 0, 0, 0, 0, 0, 0, 0, 0, 0]"
alpha-half,0.5,final,paired,49145,32,320,32,1.0,1.0,"[0, 0, 0, 0, 0, 0, 0, 0, 0, 0]"
alpha-half,0.5,final,paired,49146,32,320,32,1.0,1.0,"[0, 0, 0, 0, 0, 0, 0, 0, 0, 0]"
alpha-half,0.5,final,paired,49147,32,319,31,0.996875,0.96875,"[0, 0, 0, 0, 0, 0, 0, 1, 0, 0]"
alpha-half,0.5,final,paired,49148,32,320,32,1.0,1.0,"[0, 0, 0, 0, 0, 0, 0, 0, 0, 0]"
alpha-half,0.5,final,paired,49149,32,320,32,1.0,1.0,"[0, 0, 0, 0, 0, 0, 0, 0, 0, 0]"
alpha-half,0.5,final,paired,49150,32,319,31,0.996875,0.96875,"[0, 0, 0, 0, 0, 0, 1, 0, 0, 0]"
alpha-half,0.5,final,paired,49151,32,317,29,0.990625,0.90625,"[0, 0, 0, 0, 0, 0, 2, 0, 0, 1]"
alpha-half,0.5,final,paired,49152,32,319,31,0.996875,0.96875,"[0, 0, 0, 0, 0, 0, 0, 0, 1, 0]"
alpha-half,0.5,final,paired,49153,32,320,32,1.0,1.0,"[0, 0, 0, 0, 0, 0, 0, 0, 0, 0]"
alpha-half,0.5,final,paired,49154,32,320,32,1.0,1.0,"[0, 0, 0, 0, 0, 0, 0, 0, 0, 0]"
alpha-half,0.5,final,paired,49155,32,320,32,1.0,1.0,"[0, 0, 0, 0, 0, 0, 0, 0, 0, 0]"
alpha-half,0.5,final,paired,49156,32,320,32,1.0,1.0,"[0, 0, 0, 0, 0, 0, 0, 0, 0, 0]"
alpha-half,0.5,final,paired,49157,32,320,32,1.0,1.0,"[0, 0, 0, 0, 0, 0, 0, 0, 0, 0]"
alpha-half,0.5,final,paired,49158,32,320,32,1.0,1.0,"[0, 0, 0, 0, 0, 0, 0, 0, 0, 0]"
alpha-half,0.5,final,paired,49159,32,320,32,1.0,1.0,"[0, 0, 0, 0, 0, 0, 0, 0, 0, 0]"
alpha-half,0.5,final,paired,49160,32,320,32,1.0,1.0,"[0, 0, 0, 0, 0, 0, 0, 0, 0, 0]"
alpha-half,0.5,final,paired,65535,32,285,5,0.890625,0.15625,"[0, 0, 0, 0, 0, 0, 4, 0, 5, 26]"
alpha-half,0.5,final,paired,65536,32,279,4,0.871875,0.125,"[0, 0, 0, 0, 0, 0, 0, 0, 27, 14]"
alpha-half,0.5,final,paired,65537,32,296,11,0.925,0.34375,"[0, 0, 0, 0, 0, 0, 0, 6, 18, 0]"
alpha-half,0.5,final,paired,98303,32,285,5,0.890625,0.15625,"[0, 0, 0, 0, 0, 0, 4, 0, 5, 26]"
alpha-half,0.5,final,paired,98304,32,279,4,0.871875,0.125,"[0, 0, 0, 0, 0, 0, 0, 0, 27, 14]"
alpha-half,0.5,final,paired,98305,32,296,11,0.925,0.34375,"[0, 0, 0, 0, 0, 0, 0, 6, 18, 0]"
alpha-half,0.5,final,paired,131071,32,297,11,0.928125,0.34375,"[0, 0, 0, 0, 0, 0, 4, 0, 0, 19]"
alpha-half,0.5,final,paired,131072,32,296,9,0.925,0.28125,"[0, 0, 0, 0, 0, 0, 0, 0, 22, 2]"
