mode,checkpoint,T,token_correct,string_correct,token_acc,string_acc,n
retrieval-rope,best,1,2558,255,0.99921875,0.99609375,256
retrieval-rope,best,2,2559,255,0.999609375,0.99609375,256
retrieval-rope,best,3,2559,255,0.999609375,0.99609375,256
retrieval-rope,best,4,2559,255,0.999609375,0.99609375,256
retrieval-rope,best,5,2559,255,0.999609375,0.99609375,256
retrieval-rope,best,6,2553,252,0.997265625,0.984375,256
retrieval-rope,best,7,2559,255,0.999609375,0.99609375,256
retrieval-rope,best,8,2560,256,1.0,1.0,256
retrieval-rope,best,9,2559,255,0.999609375,0.99609375,256
retrieval-rope,best,10,2560,256,1.0,1.0,256
retrieval-rope,best,11,2558,255,0.99921875,0.99609375,256
retrieval-rope,best,12,2558,254,0.99921875,0.9921875,256
retrieval-rope,best,13,2560,256,1.0,1.0,256
retrieval-rope,best,14,2560,256,1.0,1.0,256
retrieval-rope,best,16,2560,256,1.0,1.0,256
retrieval-rope,best,24,2560,256,1.0,1.0,256
retrieval-rope,best,32,2560,256,1.0,1.0,256
retrieval-rope,best,48,2560,256,1.0,1.0,256
retrieval-rope,best,64,2559,255,0.999609375,0.99609375,256
retrieval-rope,best,96,2560,256,1.0,1.0,256
retrieval-rope,best,128,2560,256,1.0,1.0,256
retrieval-rope,best,192,2558,254,0.99921875,0.9921875,256
retrieval-rope,best,256,2557,253,0.998828125,0.98828125,256
retrieval-rope,best,384,2558,254,0.99921875,0.9921875,256
retrieval-rope,best,512,2557,253,0.998828125,0.98828125,256
retrieval-rope,best,768,2558,254,0.99921875,0.9921875,256
retrieval-rope,best,1024,2560,256,1.0,1.0,256
retrieval-rope,best,1536,2559,255,0.999609375,0.99609375,256
retrieval-rope,best,2048,2556,252,0.9984375,0.984375,256
retrieval-rope,best,3072,2558,254,0.99921875,0.9921875,256
retrieval-rope,best,4096,2558,254,0.99921875,0.9921875,256
retrieval-rope,best,6144,2560,256,1.0,1.0,256
retrieval-rope,best,8192,2558,254,0.99921875,0.9921875,256
retrieval-rope,final,1,2551,247,0.996484375,0.96484375,256
retrieval-rope,final,2,2519,220,0.983984375,0.859375,256
retrieval-rope,final,3,2089,10,0.816015625,0.0390625,256
retrieval-rope,final,4,2557,254,0.998828125,0.9921875,256
retrieval-rope,final,5,2518,217,0.98359375,0.84765625,256
retrieval-rope,final,6,2514,210,0.98203125,0.8203125,256
retrieval-rope,final,7,2410,120,0.94140625,0.46875,256
retrieval-rope,final,8,2559,255,0.999609375,0.99609375,256
retrieval-rope,final,9,2478,175,0.96796875,0.68359375,256
retrieval-rope,final,10,2537,234,0.991015625,0.9140625,256
retrieval-rope,final,11,2549,245,0.995703125,0.95703125,256
retrieval-rope,final,12,2555,252,0.998046875,0.984375,256
retrieval-rope,final,13,2490,188,0.97265625,0.734375,256
retrieval-rope,final,14,2547,243,0.994921875,0.94921875,256
retrieval-rope,final,16,2551,249,0.996484375,0.97265625,256
retrieval-rope,final,24,2560,256,1.0,1.0,256
retrieval-rope,final,32,2549,245,0.995703125,0.95703125,256
retrieval-rope,final,48,2553,249,0.997265625,0.97265625,256
retrieval-rope,final,64,2546,243,0.99453125,0.94921875,256
retrieval-rope,final,96,2554,250,0.99765625,0.9765625,256
retrieval-rope,final,128,2554,250,0.99765625,0.9765625,256
retrieval-rope,final,192,2558,254,0.99921875,0.9921875,256
retrieval-rope,final,256,2552,248,0.996875,0.96875,256
retrieval-rope,final,384,2544,241,0.99375,0.94140625,256
retrieval-rope,final,512,2551,248,0.996484375,0.96875,256
retrieval-rope,final,768,2554,250,0.99765625,0.9765625,256
retrieval-rope,final,1024,2555,251,0.998046875,0.98046875,256
retrieval-rope,final,1536,2551,247,0.996484375,0.96484375,256
retrieval-rope,final,2048,2556,252,0.9984375,0.984375,256
retrieval-rope,final,3072,2553,249,0.997265625,0.97265625,256
retrieval-rope,final,4096,2550,246,0.99609375,0.9609375,256
retrieval-rope,final,6144,2555,251,0.998046875,0.98046875,256
retrieval-rope,final,8192,2554,250,0.99765625,0.9765625,256
compressor-rope,best,1,2559,255,0.999609375,0.99609375,256
compressor-rope,best,2,2541,238,0.992578125,0.9296875,256
compressor-rope,best,3,2531,230,0.988671875,0.8984375,256
compressor-rope,best,4,2355,87,0.919921875,0.33984375,256
compressor-rope,best,5,2338,92,0.91328125,0.359375,256
compressor-rope,best,6,2266,72,0.88515625,0.28125,256
compressor-rope,best,7,2281,65,0.891015625,0.25390625,256
compressor-rope,best,8,2285,39,0.892578125,0.15234375,256
compressor-rope,best,9,1672,0,0.653125,0.0,256
compressor-rope,best,10,2406,134,0.93984375,0.5234375,256
compressor-rope,best,11,2281,54,0.891015625,0.2109375,256
compressor-rope,best,12,2425,142,0.947265625,0.5546875,256
compressor-rope,best,13,2386,126,0.93203125,0.4921875,256
compressor-rope,best,14,2462,178,0.96171875,0.6953125,256
compressor-rope,best,16,2473,178,0.966015625,0.6953125,256
compressor-rope,best,24,2332,61,0.9109375,0.23828125,256
compressor-rope,best,32,2391,120,0.933984375,0.46875,256
compressor-rope,best,48,1894,3,0.73984375,0.01171875,256
compressor-rope,best,64,2375,112,0.927734375,0.4375,256
compressor-rope,best,96,2259,47,0.882421875,0.18359375,256
compressor-rope,best,128,2351,98,0.918359375,0.3828125,256
compressor-rope,best,192,2380,113,0.9296875,0.44140625,256
compressor-rope,best,256,1789,0,0.698828125,0.0,256
compressor-rope,best,384,1737,0,0.678515625,0.0,256
compressor-rope,best,512,1751,2,0.683984375,0.0078125,256
compressor-rope,best,768,1756,1,0.6859375,0.00390625,256
compressor-rope,best,1024,1631,2,0.637109375,0.0078125,256
compressor-rope,best,1536,1626,0,0.63515625,0.0,256
compressor-rope,best,2048,1640,0,0.640625,0.0,256
compressor-rope,best,3072,1622,0,0.63359375,0.0,256
compressor-rope,best,4096,1467,0,0.573046875,0.0,256
compressor-rope,best,6144,1479,0,0.577734375,0.0,256
compressor-rope,best,8192,1485,0,0.580078125,0.0,256
compressor-rope,final,1,2547,243,0.994921875,0.94921875,256
compressor-rope,final,2,2545,242,0.994140625,0.9453125,256
compressor-rope,final,3,2526,226,0.98671875,0.8828125,256
compressor-rope,final,4,2209,17,0.862890625,0.06640625,256
compressor-rope,final,5,2170,24,0.84765625,0.09375,256
compressor-rope,final,6,2201,60,0.859765625,0.234375,256
compressor-rope,final,7,2219,47,0.866796875,0.18359375,256
compressor-rope,final,8,2187,19,0.854296875,0.07421875,256
compressor-rope,final,9,1531,0,0.598046875,0.0,256
compressor-rope,final,10,2448,174,0.95625,0.6796875,256
compressor-rope,final,11,2372,114,0.9265625,0.4453125,256
compressor-rope,final,12,2348,85,0.9171875,0.33203125,256
compressor-rope,final,13,2419,138,0.944921875,0.5390625,256
compressor-rope,final,14,2461,182,0.961328125,0.7109375,256
compressor-rope,final,16,2458,169,0.96015625,0.66015625,256
compressor-rope,final,24,2271,40,0.887109375,0.15625,256
compressor-rope,final,32,2428,151,0.9484375,0.58984375,256
compressor-rope,final,48,2023,7,0.790234375,0.02734375,256
compressor-rope,final,64,2365,106,0.923828125,0.4140625,256
compressor-rope,final,96,2377,106,0.928515625,0.4140625,256
compressor-rope,final,128,2367,97,0.924609375,0.37890625,256
compressor-rope,final,192,2392,116,0.934375,0.453125,256
compressor-rope,final,256,1939,6,0.757421875,0.0234375,256
compressor-rope,final,384,1907,5,0.744921875,0.01953125,256
compressor-rope,final,512,1943,3,0.758984375,0.01171875,256
compressor-rope,final,768,1950,4,0.76171875,0.015625,256
compressor-rope,final,1024,1720,2,0.671875,0.0078125,256
compressor-rope,final,1536,1750,1,0.68359375,0.00390625,256
compressor-rope,final,2048,1718,0,0.67109375,0.0,256
compressor-rope,final,3072,1706,1,0.66640625,0.00390625,256
compressor-rope,final,4096,1415,0,0.552734375,0.0,256
compressor-rope,final,6144,1399,0,0.546484375,0.0,256
compressor-rope,final,8192,1422,0,0.55546875,0.0,256
